gamePk,atBatIndex,playIndex,playId,runnerid,runnerfullName,originBase,start,end,event,eventType,movementReason,isOut,outBase,outNumber,isScoringEvent,rbi,earned,teamUnearned,responsiblepitcherid
778470,0,8,98cac643-6b85-3da7-85ca-c2b2d0de3704,680776,Jarren Duran,,,,Strikeout,strikeout,,True,1B,1,False,False,False,False,
778470,1,7,4a202a09-abe0-3fbb-9a45-a225d31804aa,646240,Rafael Devers,,,1B,Walk,walk,,False,,,False,False,False,False,
778470,2,0,60fb1f44-e963-3e4f-8369-2533a5b5f25d,608324,Alex Bregman,,,score,Home Run,home_run,,False,,,True,True,True,False,450203
778470,2,0,60fb1f44-e963-3e4f-8369-2533a5b5f25d,646240,Rafael Devers,1B,1B,score,Home Run,home_run,r_adv_force,False,,,True,True,True,False,450203
778470,3,6,dfd10fcb-e91a-3d31-b970-e6e62290d8de,671213,Triston Casas,,,,Strikeout,strikeout,,True,1B,2,False,False,False,False,
778470,4,4,75e961d3-0ddc-3f3e-b682-8ae2c24c3847,596115,Trevor Story,,,,Strikeout,strikeout,,True,1B,3,False,False,False,False,
778470,5,5,6dbd67d9-d282-3e5f-8aa6-44b2cd731521,656775,Cedric Mullins,,,score,Home Run,home_run,,False,,,True,True,True,False,656557
778470,6,1,8c36956f-8d5d-3f14-8f69-ea2bdeab5d49,668939,Adley Rutschman,,,1B,Single,single,,False,,,False,False,False,False,
778470,7,1,e3940738-4386-34e8-ab0e-16eb5e1f61cb,668939,Adley Rutschman,1B,1B,,Grounded Into DP,grounded_into_double_play,r_force_out,True,2B,1,False,False,False,False,
778470,7,1,e3940738-4386-34e8-ab0e-16eb5e1f61cb,676059,Jordan Westburg,,,,Grounded Into DP,grounded_into_double_play,,True,1B,2,False,False,False,False,
778470,8,4,1b3dbc97-d965-3c17-b241-95f3fd107009,656811,Ryan O'Hearn,,,,Strikeout,strikeout,,True,1B,3,False,False,False,False,
778470,9,5,310990d5-6532-3465-ac9d-213bea81dad0,677800,Wilyer Abreu,,,1B,Walk,walk,,False,,,False,False,False,False,
778470,10,7,1c275f0f-394f-3414-aac0-8964edfef245,692225,Kristian Campbell,,,score,Home Run,home_run,,False,,,True,True,True,False,450203
778470,10,7,1c275f0f-394f-3414-aac0-8964edfef245,677800,Wilyer Abreu,1B,1B,score,Home Run,home_run,r_adv_force,False,,,True,True,True,False,450203
778470,11,7,33b294f3-bb3a-305e-91a1-ae55423476a1,665966,Carlos Narváez,,,,Strikeout,strikeout,,True,1B,1,False,False,False,False,
778470,12,0,76de2970-3e21-3e24-b0b7-8671d9d4b916,678882,Ceddanne Rafaela,,,,Pop Out,field_out,,True,1B,2,False,False,False,False,
778470,13,2,f73c4af7-195e-373d-b304-1d5085d42149,680776,Jarren Duran,,,,Strikeout,strikeout,,True,1B,3,False,False,False,False,
778470,14,1,38036044-a762-31b8-ad98-ee5eedcc7c22,641933,Tyler O'Neill,,,,Flyout,field_out,,True,1B,1,False,False,False,False,
778470,15,5,bcf0c079-72e9-3e4a-8023-f7ae329cda07,677008,Heston Kjerstad,,,,Strikeout,strikeout,,True,1B,2,False,False,False,False,
778470,16,3,14dc9089-5399-303e-8dae-0088be237a09,702616,Jackson Holliday,,,,Flyout,field_out,,True,1B,3,False,False,False,False,
778470,17,7,cc1dccdb-a86e-3141-88b3-2852dc39c11b,646240,Rafael Devers,,,,Strikeout,strikeout,,True,1B,1,False,False,False,False,
778470,18,3,fac3b770-81df-3c2e-b3d3-708e1c4a9e10,608324,Alex Bregman,,,,Strikeout,strikeout,,True,1B,2,False,False,False,False,
778470,19,3,7255f65b-3281-33bb-9e26-d2165508391e,671213,Triston Casas,,,1B,Single,single,,False,,,False,False,False,False,
778470,20,6,af735a09-089a-3321-8c1d-81a64b73b0b5,596115,Trevor Story,,,,Flyout,field_out,,True,1B,3,False,False,False,False,
778470,21,4,3ea37436-bac1-315c-ae68-75e7cf395288,602104,Ramón Urías,,,,Strikeout,strikeout,,True,1B,1,False,False,False,False,
778470,22,3,b9ce6b79-317b-366e-9649-7b296b6671a3,666185,Dylan Carlson,,,,Strikeout,strikeout,,True,1B,2,False,False,False,False,
778470,23,4,ed4c3092-c50a-3e89-b01f-dc73dd2ed286,656775,Cedric Mullins,,,1B,Walk,walk,,False,,,False,False,False,False,
778470,24,6,aaeca10e-6eb6-3c19-a512-e4852f123765,656775,Cedric Mullins,1B,1B,2B,Stolen Base 2B,stolen_base_2b,r_stolen_base_2b,False,,,False,False,False,False,
778470,24,8,091f57fe-bec5-305f-a61e-6d3f5e397a93,668939,Adley Rutschman,,,1B,Walk,walk,,False,,,False,False,False,False,
778470,25,1,74e7558a-f2f4-3fd1-9d41-a373d205aede,676059,Jordan Westburg,,,1B,Single,single,,False,,,False,False,False,False,
778470,25,1,74e7558a-f2f4-3fd1-9d41-a373d205aede,656775,Cedric Mullins,2B,2B,3B,Single,single,r_adv_force,False,,,False,False,False,False,
778470,25,1,74e7558a-f2f4-3fd1-9d41-a373d205aede,656775,Cedric Mullins,2B,3B,score,Single,single,r_adv_play,False,,,True,True,True,False,656557
778470,25,1,74e7558a-f2f4-3fd1-9d41-a373d205aede,668939,Adley Rutschman,1B,1B,2B,Single,single,r_adv_force,False,,,False,False,False,False,
778470,26,5,d956ceb1-6217-3ca1-87c0-ffbe5150b20d,656811,Ryan O'Hearn,,,,Strikeout,strikeout,,True,1B,3,False,False,False,False,
778470,27,1,9070d7c5-6416-318f-aa67-a1edfad05540,677800,Wilyer Abreu,,,1B,Single,single,,False,,,False,False,False,False,
778470,28,0,20d9d016-ee6e-347a-a16b-fde7281e7e28,692225,Kristian Campbell,,,1B,Single,single,,False,,,False,False,False,False,
778470,28,0,20d9d016-ee6e-347a-a16b-fde7281e7e28,677800,Wilyer Abreu,1B,1B,2B,Single,single,r_adv_force,False,,,False,False,False,False,
778470,29,2,0149be95-891b-35b6-ae82-ec5506f6e3e6,665966,Carlos Narváez,,,,Flyout,field_out,,True,1B,1,False,False,False,False,
778470,30,3,beea1223-3aa2-32d0-b2eb-48f244b08a49,678882,Ceddanne Rafaela,,,1B,Single,single,,False,,,False,False,False,False,
778470,30,3,beea1223-3aa2-32d0-b2eb-48f244b08a49,677800,Wilyer Abreu,2B,2B,3B,Single,single,r_adv_force,False,,,False,False,False,False,
778470,30,3,beea1223-3aa2-32d0-b2eb-48f244b08a49,692225,Kristian Campbell,1B,1B,2B,Single,single,r_adv_force,False,,,False,False,False,False,
778470,31,3,3cd36d26-6ebd-3fb2-bfe5-2bf3209ff769,680776,Jarren Duran,,,,Sac Fly,sac_fly,,True,1B,2,False,False,False,False,
778470,31,3,3cd36d26-6ebd-3fb2-bfe5-2bf3209ff769,677800,Wilyer Abreu,3B,3B,score,Sac Fly,sac_fly,r_adv_play,False,,,True,True,True,False,450203
778470,32,3,4f7ef1c1-1e0e-3818-88e8-1f072ec15bd9,646240,Rafael Devers,,,,Flyout,field_out,,True,1B,3,False,False,False,False,
778470,33,4,5c3d11a2-73fb-3791-8a8f-58fe23187585,641933,Tyler O'Neill,,,,Flyout,field_out,,True,1B,1,False,False,False,False,
778470,34,4,019636e8-b24f-3ea3-b85c-3b038393b1bf,677008,Heston Kjerstad,,,2B,Double,double,,False,,,False,False,False,False,
778470,35,1,6fff8bf2-22a6-3f9a-ad2a-5ea0e1ac612f,702616,Jackson Holliday,,,,Groundout,field_out,,True,1B,2,False,False,False,False,
778470,35,1,6fff8bf2-22a6-3f9a-ad2a-5ea0e1ac612f,677008,Heston Kjerstad,2B,2B,3B,Groundout,field_out,r_adv_play,False,,,False,False,False,False,
778470,36,2,d82d46fe-37c1-34d9-b2ab-8239eb5cbc12,602104,Ramón Urías,,,1B,Single,single,,False,,,False,False,False,False,
778470,36,2,d82d46fe-37c1-34d9-b2ab-8239eb5cbc12,677008,Heston Kjerstad,3B,3B,score,Single,single,r_adv_play,False,,,True,True,True,False,656557
778470,37,6,6d31fdc3-257f-3114-a2bc-e4bd67d5c8f7,666185,Dylan Carlson,,,,Strikeout,strikeout,,True,1B,3,False,False,False,False,
778470,38,5,0faafa9e-2d6c-3877-bce9-543551483a23,608324,Alex Bregman,,,,Strikeout,strikeout,,True,1B,1,False,False,False,False,
778470,39,4,df7d2cec-5e1c-33de-affc-cd8abb4b18f8,671213,Triston Casas,,,,Strikeout,strikeout,,True,1B,2,False,False,False,False,
778470,40,5,f35f0322-18dd-3f75-bc93-ef8d61603547,596115,Trevor Story,,,,Strikeout,strikeout,,True,1B,3,False,False,False,False,
778470,41,5,4a274129-deb9-38e9-8c8c-8b37ae748416,656775,Cedric Mullins,,,1B,Hit By Pitch,hit_by_pitch,,False,,,False,False,False,False,
778470,42,5,a89ae51b-edd8-31f4-9dd5-66361d9d4e7b,656775,Cedric Mullins,1B,1B,,Grounded Into DP,grounded_into_double_play,r_force_out,True,2B,1,False,False,False,False,
778470,42,5,a89ae51b-edd8-31f4-9dd5-66361d9d4e7b,668939,Adley Rutschman,,,,Grounded Into DP,grounded_into_double_play,,True,1B,2,False,False,False,False,
778470,43,0,7e7743d3-b5f2-3a09-9cfd-011e54694e32,676059,Jordan Westburg,,,,Groundout,field_out,,True,1B,3,False,False,False,False,
778470,44,9,ebaab60c-7307-354a-b26e-420738d892d4,677800,Wilyer Abreu,,,,Strikeout,strikeout,,True,1B,1,False,False,False,False,
778470,45,2,2e00d634-e7f1-3b78-884c-c545fcc9bcf6,692225,Kristian Campbell,,,,Groundout,field_out,,True,1B,2,False,False,False,False,
778470,46,0,3052ded6-cf5c-38e0-a48b-2828fc4979f9,665966,Carlos Narváez,,,1B,Single,single,,False,,,False,False,False,False,
778470,47,2,8ee7be82-6643-3a48-86f6-b6dd90baf4ba,665966,Carlos Narváez,1B,1B,,Forceout,force_out,r_force_out,True,2B,3,False,False,False,False,
778470,47,2,8ee7be82-6643-3a48-86f6-b6dd90baf4ba,678882,Ceddanne Rafaela,,,1B,Forceout,force_out,,False,,,False,False,False,False,
778470,48,3,01709f12-9e38-3939-b3d0-5582974c2284,656811,Ryan O'Hearn,,,,Groundout,field_out,,True,1B,1,False,False,False,False,
778470,49,9,99c1ab9b-ad77-3fca-92f3-c4e6d3285554,641933,Tyler O'Neill,,,,Strikeout,strikeout,,True,1B,2,False,False,False,False,
778470,50,10,dbee9162-19a9-35de-9890-2a34bfa90060,663624,Ryan Mountcastle,,,2B,Double,double,,False,,,False,False,False,False,
778470,51,3,de47e5f3-2397-396d-96e9-59f017914322,702616,Jackson Holliday,,,,Groundout,field_out,,True,1B,3,False,False,False,False,
778470,52,5,ef60e9d5-cb60-3357-9c74-7ce7167c59c7,680776,Jarren Duran,,,,Lineout,field_out,,True,1B,1,False,False,False,False,
778470,53,0,0443c45c-66fc-3fdc-86f4-3f8e87deb3e1,646240,Rafael Devers,,,,Flyout,field_out,,True,1B,2,False,False,False,False,
778470,54,2,47fcb45c-89b6-3382-9f49-1c57b55194ab,608324,Alex Bregman,,,2B,Double,double,,False,,,False,False,False,False,
778470,55,1,fa2500ed-6b22-38a2-aadd-866cf74d32f5,671213,Triston Casas,,,score,Home Run,home_run,,False,,,True,True,True,False,669211
778470,55,1,fa2500ed-6b22-38a2-aadd-866cf74d32f5,608324,Alex Bregman,2B,2B,score,Home Run,home_run,r_adv_force,False,,,True,True,True,False,669211
778470,56,6,025a6f66-cc32-34a8-ae74-d0c86fc51d4d,596115,Trevor Story,,,,Pop Out,field_out,,True,1B,3,False,False,False,False,
778470,57,2,1d9ef7e8-1d35-3fe7-84aa-1ce5d45a1381,602104,Ramón Urías,,,1B,Single,single,,False,,,False,False,False,False,
778470,58,5,c804c844-cf36-3ff1-8eb9-3f46636ce093,666185,Dylan Carlson,,,,Strikeout,strikeout,,True,1B,1,False,False,False,False,
778470,59,5,ffdad522-dfd8-356b-9a7d-43dd4c7d5858,656775,Cedric Mullins,,,,Flyout,field_out,,True,1B,2,False,False,False,False,
778470,60,5,20a133e9-edab-3596-977e-ecde5f22d91d,668939,Adley Rutschman,,,,Groundout,field_out,,True,1B,3,False,False,False,False,
778470,61,3,795933d8-ee4c-36d1-8cef-b548b4d21d14,677800,Wilyer Abreu,,,,Flyout,field_out,,True,1B,1,False,False,False,False,
778470,62,2,6ee430c7-f2b0-3c43-8fdb-d708ab849cca,692225,Kristian Campbell,,,,Groundout,field_out,,True,1B,2,False,False,False,False,
778470,63,10,fefa7ae6-cc83-3b19-9bbc-82dd51db9777,665966,Carlos Narváez,,,,Groundout,field_out,,True,1B,3,False,False,False,False,
778470,64,6,a7d07fb1-d09f-3ecf-afaf-afbd66a5b0ef,676059,Jordan Westburg,,,1B,Walk,walk,,False,,,False,False,False,False,
778470,65,4,2a3d38f0-ac38-3ade-89db-7be7f654efb2,656811,Ryan O'Hearn,,,,Strikeout,strikeout,,True,1B,1,False,False,False,False,
778470,66,1,042766dd-dca5-3b9f-b95c-4919e0e0248e,676059,Jordan Westburg,1B,1B,,Forceout,force_out,r_force_out,True,2B,2,False,False,False,False,
778470,66,1,042766dd-dca5-3b9f-b95c-4919e0e0248e,641933,Tyler O'Neill,,,1B,Forceout,force_out,,False,,,False,False,False,False,
778470,67,2,35dd4998-effd-3360-b74f-3636251eeeca,663624,Ryan Mountcastle,,,,Strikeout,strikeout,,True,1B,3,False,False,False,False,
778470,68,1,12c109cf-9cc4-30c3-843b-d2a8f425451b,678882,Ceddanne Rafaela,,,,Groundout,field_out,,True,1B,1,False,False,False,False,
778470,69,1,2a6b85d1-3dff-33bc-8329-0b6b5ea40a6f,680776,Jarren Duran,,,,Lineout,field_out,,True,1B,2,False,False,False,False,
778470,70,3,6b24e976-fcf9-35ab-9376-777f98aba295,646240,Rafael Devers,,,1B,Single,single,,False,,,False,False,False,False,
778470,71,5,ec241179-3f3c-3dbd-8931-322ab2a6be5d,608324,Alex Bregman,,,2B,Double,double,,False,,,False,False,False,False,
778470,71,5,ec241179-3f3c-3dbd-8931-322ab2a6be5d,646240,Rafael Devers,1B,1B,3B,Double,double,r_adv_force,False,,,False,False,False,False,
778470,71,5,ec241179-3f3c-3dbd-8931-322ab2a6be5d,646240,Rafael Devers,1B,3B,score,Double,double,r_adv_play,False,,,True,True,True,False,621199
778470,72,5,a923a667-b855-3961-a9bb-2c676fa0aa82,671213,Triston Casas,,,,Groundout,field_out,,True,1B,3,False,False,False,False,
778470,73,6,2c5fc873-f0ae-3292-9672-316514511ca8,702616,Jackson Holliday,,,2B,Double,double,,False,,,False,False,False,False,
778470,74,2,560fb8bc-e16f-3b4a-a878-75588eda2c51,602104,Ramón Urías,,,,Groundout,field_out,,True,1B,1,False,False,False,False,
778470,74,2,560fb8bc-e16f-3b4a-a878-75588eda2c51,702616,Jackson Holliday,2B,2B,3B,Groundout,field_out,r_adv_play,False,,,False,False,False,False,
778470,75,4,35cfd7b3-9374-3472-90f0-d73973041dd2,666185,Dylan Carlson,,,,Sac Fly,sac_fly,,True,1B,2,False,False,False,False,
778470,75,4,35cfd7b3-9374-3472-90f0-d73973041dd2,702616,Jackson Holliday,3B,3B,score,Sac Fly,sac_fly,r_adv_play,False,,,True,True,True,False,676477
778470,76,7,8d2f4ccb-73d0-3c45-be69-59caa1f6da9d,656775,Cedric Mullins,,,,Strikeout,strikeout,,True,1B,3,False,False,False,False,
778467,0,9,dd0eaa81-5487-3972-a692-55a9a4422cfb,686668,Brenton Doyle,,,,Flyout,field_out,,True,1B,1,False,False,False,False,
778467,1,1,07a7d576-9017-365d-ab7c-ce15fadb2c5f,678662,Ezequiel Tovar,,,1B,Field Error,field_error,,False,,,False,False,False,False,
778467,2,7,e319aa0a-57c0-384c-b2ca-5a99c0c05b1e,641857,Ryan McMahon,,,,Strikeout Double Play,strikeout_double_play,,True,1B,2,False,False,False,False,
778467,2,7,e319aa0a-57c0-384c-b2ca-5a99c0c05b1e,678662,Ezequiel Tovar,1B,1B,,Caught Stealing 2B,caught_stealing_2b,r_caught_stealing_2b,True,2B,3,False,False,False,False,
778467,3,6,7dda678f-ffc1-39ac-bea6-1e3ff7f029bb,656941,Kyle Schwarber,,,,Groundout,field_out,,True,1B,1,False,False,False,False,
778467,4,4,d7cca8a5-58ff-3d8d-8b8e-5c8c76f5c021,607208,Trea Turner,,,1B,Single,single,,False,,,False,False,False,False,
778467,5,3,7fc4c3a0-7fe3-3d7e-aa6a-b079f3cdb3c0,547180,Bryce Harper,,,,Strikeout,strikeout,,True,1B,2,False,False,False,False,
778467,5,3,7fc4c3a0-7fe3-3d7e-aa6a-b079f3cdb3c0,607208,Trea Turner,1B,1B,2B,Stolen Base 2B,stolen_base_2b,r_stolen_base_2b,False,,,False,False,False,False,
778467,6,3,0552d67f-3eed-3f59-b26a-67a96d86914a,664761,Alec Bohm,,,,Lineout,field_out,,True,1B,3,False,False,False,False,
778467,7,0,38a39a93-8b9f-3bf3-bfb5-0fd0f8fffb4b,696100,Hunter Goodman,,,,Groundout,field_out,,True,1B,1,False,False,False,False,
778467,8,4,db7dae97-b5b3-327a-9967-6ce32c895525,669911,Michael Toglia,,,,Strikeout,strikeout,,True,1B,2,False,False,False,False,
778467,9,1,76e50363-47e6-3d23-8d2b-3f255fa21ecd,605361,Nick Martini,,,,Groundout,field_out,,True,1B,3,False,False,False,False,
778467,10,4,f09992ef-2c94-3baf-809d-2470319db266,596146,Max Kepler,,,1B,Single,single,,False,,,False,False,False,False,
778467,11,4,f2ceb2bb-cdc1-3551-a8be-06c49f249d3f,592206,Nick Castellanos,,,,Strikeout,strikeout,,True,1B,1,False,False,False,False,
778467,12,2,b384be3d-b21e-302f-acf0-6bc23850b97b,592663,J.T. Realmuto,,,1B,Single,single,,False,,,False,False,False,False,
778467,12,2,b384be3d-b21e-302f-acf0-6bc23850b97b,596146,Max Kepler,1B,1B,2B,Single,single,r_adv_force,False,,,False,False,False,False,
778467,13,2,1b2fb0f8-1eb3-3692-82b3-e7547257c45e,681082,Bryson Stott,,,1B,Single,single,,False,,,False,False,False,False,
778467,13,2,1b2fb0f8-1eb3-3692-82b3-e7547257c45e,596146,Max Kepler,2B,2B,3B,Single,single,r_adv_force,False,,,False,False,False,False,
778467,13,2,1b2fb0f8-1eb3-3692-82b3-e7547257c45e,592663,J.T. Realmuto,1B,1B,2B,Single,single,r_adv_force,False,,,False,False,False,False,
778467,14,3,e14293dd-5586-362e-a16d-a861cb229d7e,596146,Max Kepler,3B,3B,,Forceout,force_out,r_force_out,True,4B,2,False,False,False,False,
778467,14,3,e14293dd-5586-362e-a16d-a861cb229d7e,592663,J.T. Realmuto,2B,2B,3B,Forceout,force_out,r_adv_play,False,,,False,False,False,False,
778467,14,3,e14293dd-5586-362e-a16d-a861cb229d7e,681082,Bryson Stott,1B,1B,2B,Forceout,force_out,r_adv_play,False,,,False,False,False,False,
778467,14,3,e14293dd-5586-362e-a16d-a861cb229d7e,669016,Brandon Marsh,,,1B,Forceout,force_out,,False,,,False,False,False,False,
778467,15,1,d3c8670c-a9a8-3798-93c8-ec9cad8f825a,656941,Kyle Schwarber,,,,Groundout,field_out,,True,1B,3,False,False,False,False,
778467,16,1,a2d374f0-cea1-389e-af2b-4aa5abc82e4b,607732,Jacob Stallings,,,1B,Single,single,,False,,,False,False,False,False,
778467,17,4,264fe7df-c8a3-3dd7-93c5-9e12031bdffb,666160,Mickey Moniak,,,,Strikeout,strikeout,,True,1B,1,False,False,False,False,
778467,18,2,4d1d0274-fd4e-3768-8d8a-757867b49165,607732,Jacob Stallings,1B,1B,,Forceout,force_out,r_force_out,True,2B,2,False,False,False,False,
778467,18,2,4d1d0274-fd4e-3768-8d8a-757867b49165,671289,Tyler Freeman,,,1B,Forceout,force_out,,False,,,False,False,False,False,
778467,19,4,91432848-4ba2-3d9e-b848-cae6e0758849,671289,Tyler Freeman,1B,1B,,Pickoff 1B,pickoff_1b,r_pickoff_1b,True,1B,3,False,False,False,False,
778467,20,1,a14d0f4a-eee2-3bbc-8e2e-5659b7d300f3,607208,Trea Turner,,,,Pop Out,field_out,,True,1B,1,False,False,False,False,
778467,21,3,2ebd0866-99a6-35cf-9860-adc63aaf7798,547180,Bryce Harper,,,1B,Single,single,,False,,,False,False,False,False,
778467,22,2,f34ccbf6-a901-3f65-aea8-3d34740549f8,664761,Alec Bohm,,,1B,Single,single,,False,,,False,False,False,False,
778467,22,2,f34ccbf6-a901-3f65-aea8-3d34740549f8,547180,Bryce Harper,1B,1B,2B,Single,single,r_adv_force,False,,,False,False,False,False,
778467,22,2,f34ccbf6-a901-3f65-aea8-3d34740549f8,547180,Bryce Harper,1B,2B,3B,Single,single,r_adv_play,False,,,False,False,False,False,
778467,23,2,8be3a828-9f03-33fe-a8b3-4a73ed1b6e92,664761,Alec Bohm,1B,1B,,Grounded Into DP,grounded_into_double_play,r_force_out,True,2B,2,False,False,False,False,
778467,23,2,8be3a828-9f03-33fe-a8b3-4a73ed1b6e92,596146,Max Kepler,,,,Grounded Into DP,grounded_into_double_play,,True,1B,3,False,False,False,False,
778467,24,0,bf3666db-27ff-3649-a256-7cc7fdb11335,686668,Brenton Doyle,,,,Flyout,field_out,,True,1B,1,False,False,False,False,
778467,25,0,489355ae-69c8-3984-92c1-d233a6b7fcd5,678662,Ezequiel Tovar,,,,Pop Out,field_out,,True,1B,2,False,False,False,False,
778467,26,4,14d0d4c1-d4ca-390c-92b7-2b94385f4748,641857,Ryan McMahon,,,1B,Single,single,,False,,,False,False,False,False,
778467,27,0,059fbb60-ad07-371c-9ff3-d0f3b9781369,641857,Ryan McMahon,1B,1B,2B,Hit By Pitch,hit_by_pitch,r_adv_force,False,,,False,False,False,False,
778467,27,0,059fbb60-ad07-371c-9ff3-d0f3b9781369,696100,Hunter Goodman,,,1B,Hit By Pitch,hit_by_pitch,,False,,,False,False,False,False,
778467,28,0,d0eaa380-e071-3249-918d-2e4aa0b4f994,669911,Michael Toglia,,,,Groundout,field_out,,True,1B,3,False,False,False,False,
778467,29,5,ee91e453-e0df-3ea0-ab11-04b9caf34dd1,592206,Nick Castellanos,,,,Strikeout,strikeout,,True,1B,1,False,False,False,False,
778467,30,0,792ca13a-8af0-36a4-98c7-a2787756650f,592663,J.T. Realmuto,,,1B,Single,single,,False,,,False,False,False,False,
778467,31,5,40a166e5-c5ac-31a8-bd79-2a003f88285e,681082,Bryson Stott,,,1B,Single,single,,False,,,False,False,False,False,
778467,31,5,40a166e5-c5ac-31a8-bd79-2a003f88285e,592663,J.T. Realmuto,1B,1B,,Runner Out,other_out,r_hbr,True,2B,2,False,False,False,False,
778467,32,4,87829af8-6c17-3ac9-8b4f-45cdf8bca1cf,669016,Brandon Marsh,,,,Flyout,field_out,,True,1B,3,False,False,False,False,
778467,33,1,67f47750-b59b-3273-bedd-78acbb1d62d7,605361,Nick Martini,,,,Flyout,field_out,,True,1B,1,False,False,False,False,
778467,34,4,236a7767-c8d6-335f-826f-9ae717a896ea,607732,Jacob Stallings,,,,Lineout,field_out,,True,1B,2,False,False,False,False,
778467,35,1,e8d013b4-029e-33a0-a807-aee50f483020,666160,Mickey Moniak,,,3B,Triple,triple,,False,,,False,False,False,False,
778467,36,6,f0bee4c3-9134-30c5-873a-30ac42a3f008,671289,Tyler Freeman,,,1B,Walk,walk,,False,,,False,False,False,False,
778467,37,0,60cb4d46-cbc6-3c16-9f78-e18ded2a2fcb,686668,Brenton Doyle,,,,Flyout,field_out,,True,1B,3,False,False,False,False,
778467,38,4,cf79c98c-16aa-3ccd-b54b-00bfb3b02a0e,656941,Kyle Schwarber,,,1B,Field Error,field_error,,False,,,False,False,False,False,
778467,38,4,cf79c98c-16aa-3ccd-b54b-00bfb3b02a0e,656941,Kyle Schwarber,,1B,2B,Field Error,field_error,r_adv_play,False,,,False,False,False,False,
778467,39,2,eb24c264-5a88-33b8-8cec-69ce91ed73a3,607208,Trea Turner,,,,Groundout,field_out,,True,1B,1,False,False,False,False,
778467,39,2,eb24c264-5a88-33b8-8cec-69ce91ed73a3,656941,Kyle Schwarber,2B,2B,3B,Groundout,field_out,r_adv_play,False,,,False,False,False,False,
778467,40,4,192e1bac-65d1-37c4-b19d-4665c1b4b55c,547180,Bryce Harper,,,2B,Double,double,,False,,,False,False,False,False,
778467,40,4,192e1bac-65d1-37c4-b19d-4665c1b4b55c,656941,Kyle Schwarber,3B,3B,score,Double,double,r_adv_play,False,,,True,True,False,True,622608
778467,41,1,45b776c0-cfa8-3a69-8f1b-5846482f8bc5,664761,Alec Bohm,,,,Groundout,field_out,,True,1B,2,False,False,False,False,
778467,41,1,45b776c0-cfa8-3a69-8f1b-5846482f8bc5,547180,Bryce Harper,2B,2B,3B,Groundout,field_out,r_adv_play,False,,,False,False,False,False,
778467,42,1,594507a7-7ad0-3a62-b25d-37122a62cfde,596146,Max Kepler,,,,Flyout,field_out,,True,1B,3,False,False,False,False,
778467,43,4,b93bcd9a-ee79-3d06-9841-9ea95419dd82,678662,Ezequiel Tovar,,,,Groundout,field_out,,True,1B,1,False,False,False,False,
778467,44,5,a5e561c4-8a0f-371d-8a83-81040933000b,641857,Ryan McMahon,,,,Groundout,field_out,,True,1B,2,False,False,False,False,
778467,45,3,a1cda8c7-7503-3a6b-a3de-e55247bb9184,696100,Hunter Goodman,,,,Strikeout,strikeout,,True,1B,3,False,False,False,False,
778467,46,0,5801c699-80b1-3385-9956-482bcf13654a,592206,Nick Castellanos,,,,Flyout,field_out,,True,1B,1,False,False,False,False,
778467,47,7,97add38d-3108-336b-8bfa-147cb8ab05f8,592663,J.T. Realmuto,,,1B,Single,single,,False,,,False,False,False,False,
778467,48,5,c587156f-3032-389e-9f6b-1875b681fc59,592663,J.T. Realmuto,1B,1B,2B,Stolen Base 2B,stolen_base_2b,r_stolen_base_2b,False,,,False,False,False,False,
778467,48,10,fef880b8-1390-3938-97f7-3e3e0ba06e6c,681082,Bryson Stott,,,,Flyout,field_out,,True,1B,2,False,False,False,False,
778467,48,10,fef880b8-1390-3938-97f7-3e3e0ba06e6c,592663,J.T. Realmuto,2B,2B,3B,Flyout,field_out,r_adv_play,False,,,False,False,False,False,
778467,49,7,4ce32ca4-9a9e-3014-bc5e-4c2d3adb6701,669016,Brandon Marsh,,,1B,Walk,walk,,False,,,False,False,False,False,
778467,50,2,991efb87-6c90-3c08-b8da-efdf74b88d3d,669016,Brandon Marsh,1B,1B,,Caught Stealing 2B,caught_stealing_2b,r_caught_stealing_2b,True,2B,3,False,False,False,False,
778467,51,5,86644734-b381-3a1f-b35b-43b7b26dbb0c,669911,Michael Toglia,,,,Strikeout,strikeout,,True,1B,1,False,False,False,False,
778467,52,2,67762207-308b-3ea2-a1f4-5c50754f7b8d,605361,Nick Martini,,,1B,Single,single,,False,,,False,False,False,False,
778467,53,3,21b6af05-affe-3f5e-b3a8-8a4a558c97ad,607732,Jacob Stallings,,,,Strikeout,strikeout,,True,1B,2,False,False,False,False,
778467,54,3,a1d35d90-6c2e-30ac-b604-e8311de0664c,666160,Mickey Moniak,,,,Groundout,field_out,,True,1B,3,False,False,False,False,
778467,55,2,a262198d-679e-30c1-a050-80dd052b0b7f,656941,Kyle Schwarber,,,score,Home Run,home_run,,False,,,True,True,True,False,678821
778467,56,5,6a4fcab8-b2df-3f1b-9c63-cc032b673f15,607208,Trea Turner,,,,Strikeout,strikeout,,True,1B,1,False,False,False,False,
778467,57,2,52812ee1-5bf5-3e9d-ade3-32c96fbd8c66,547180,Bryce Harper,,,,Strikeout,strikeout,,True,1B,2,False,False,False,False,
778467,58,8,ebb6905f-22fa-3a5d-8090-c806c7324718,664761,Alec Bohm,,,,Strikeout,strikeout,,True,1B,3,False,False,False,False,
778467,59,2,37de1217-c477-3459-847e-faeab98180e0,671289,Tyler Freeman,,,,Groundout,field_out,,True,1B,1,False,False,False,False,
778467,60,1,20c15fbc-60e1-31ee-9b4e-f1247be80c9e,686668,Brenton Doyle,,,2B,Double,double,,False,,,False,False,False,False,
778467,61,2,1f853b4e-6989-3f65-b89d-f65eab591336,678662,Ezequiel Tovar,,,,Groundout,field_out,,True,1B,2,False,False,False,False,
778467,62,7,340881e4-dd72-39e2-acc5-c732b092712a,641857,Ryan McMahon,,,,Strikeout,strikeout,,True,1B,3,False,False,False,False,
778467,63,2,fe3d91a4-f706-3d2e-8b77-5147032f9f3a,596146,Max Kepler,,,,Strikeout,strikeout,,True,1B,1,False,False,False,False,
778467,64,2,0b9846bc-1843-33c7-9209-5d7d2d7a5a62,592206,Nick Castellanos,,,,Groundout,field_out,,True,1B,2,False,False,False,False,
778467,65,7,8abf7f44-0864-3c53-b964-0054c79ab419,592663,J.T. Realmuto,,,1B,Walk,walk,,False,,,False,False,False,False,
778467,66,5,c4280f24-4318-3e8a-9a20-c55b9ece479d,592663,J.T. Realmuto,1B,1B,2B,Stolen Base 2B,stolen_base_2b,r_stolen_base_2b,False,,,False,False,False,False,
778467,66,9,01381e5a-e70b-3c67-ada8-e0c5311241fc,592663,J.T. Realmuto,2B,2B,3B,Passed Ball,passed_ball,r_adv_play,False,,,False,False,False,False,
778467,66,9,01381e5a-e70b-3c67-ada8-e0c5311241fc,681082,Bryson Stott,,,1B,Walk,walk,,False,,,False,False,False,False,
778467,67,2,7c45fa6b-4e24-35bb-b23e-b13e3c05e862,592663,J.T. Realmuto,3B,3B,score,Wild Pitch,wild_pitch,r_adv_play,False,,,True,False,False,True,641755
778467,67,2,7c45fa6b-4e24-35bb-b23e-b13e3c05e862,681082,Bryson Stott,1B,1B,2B,Wild Pitch,wild_pitch,r_adv_play,False,,,False,False,False,False,
778467,67,5,1bc64d8c-fd28-3cfb-9639-69607d83bdeb,669016,Brandon Marsh,,,1B,Walk,walk,,False,,,False,False,False,False,
778467,68,4,acfeefe3-1e7e-3b94-ba19-dcc2adca1c85,656941,Kyle Schwarber,,,,Groundout,field_out,,True,1B,3,False,False,False,False,
778467,69,6,726a1602-e3e2-3e73-b366-902903bf0381,696100,Hunter Goodman,,,1B,Walk,walk,,False,,,False,False,False,False,
778467,70,4,85ce2de0-dfec-3dc9-8833-824e16f551e5,669911,Michael Toglia,,,1B,Single,single,,False,,,False,False,False,False,
778467,70,4,85ce2de0-dfec-3dc9-8833-824e16f551e5,696100,Hunter Goodman,1B,1B,2B,Single,single,r_adv_force,False,,,False,False,False,False,
778467,70,4,85ce2de0-dfec-3dc9-8833-824e16f551e5,696100,Hunter Goodman,1B,2B,3B,Single,single,r_adv_play,False,,,False,False,False,False,
778467,71,2,46696135-8f38-3ef7-ba2e-62e41373b78e,656248,Sean Bouchard,,,1B,Single,single,,False,,,False,False,False,False,
778467,71,2,46696135-8f38-3ef7-ba2e-62e41373b78e,696100,Hunter Goodman,3B,3B,score,Single,single,r_adv_play,False,,,True,True,True,False,621237
778467,71,2,46696135-8f38-3ef7-ba2e-62e41373b78e,669911,Michael Toglia,1B,1B,2B,Single,single,r_adv_force,False,,,False,False,False,False,
778467,72,10,d80dccc2-eb5d-324b-b314-7a1317a4f7f9,607732,Jacob Stallings,,,,Strikeout,strikeout,,True,1B,1,False,False,False,False,
778467,73,2,49b41eeb-cd70-3681-add3-80b1f6aca777,571657,Kyle Farmer,,,1B,Single,single,,False,,,False,False,False,False,
778467,73,2,49b41eeb-cd70-3681-add3-80b1f6aca777,669911,Michael Toglia,2B,2B,3B,Single,single,r_adv_force,False,,,False,False,False,False,
778467,73,2,49b41eeb-cd70-3681-add3-80b1f6aca777,656248,Sean Bouchard,1B,1B,2B,Single,single,r_adv_force,False,,,False,False,False,False,
778467,74,6,fd1bcc5c-4fde-38c3-80dd-b6fde8c6e8e9,671289,Tyler Freeman,,,,Strikeout,strikeout,,True,1B,2,False,False,False,False,
778467,75,5,50096679-0e4a-3b09-b107-4f0982b90e9e,686668,Brenton Doyle,,,,Strikeout,strikeout,,True,1B,3,False,False,False,False,
778462,0,6,28034b36-29a3-45da-85a5-815632a827ea,514888,Jose Altuve,,,,Strikeout,strikeout,,True,1B,1,False,False,False,False,
778462,1,7,41761900-6f71-4b2c-bcb0-07b271390647,670623,Isaac Paredes,,,,Strikeout,strikeout,,True,1B,2,False,False,False,False,
778462,2,5,59805d50-5f63-459a-b420-8707dd57903d,670541,Yordan Alvarez,,,,Strikeout,strikeout,,True,1B,3,False,False,False,False,
778462,3,4,8059ad2a-45e3-4c38-8932-96ea0bab4f7f,670242,Matt Wallner,,,3B,Triple,triple,,False,,,False,False,False,False,
778462,4,1,74ac2d6a-c2b6-4183-a968-6e13c56bf0a1,621043,Carlos Correa,,,,Groundout,field_out,,True,1B,1,False,False,False,False,
778462,4,1,74ac2d6a-c2b6-4183-a968-6e13c56bf0a1,670242,Matt Wallner,3B,3B,score,Groundout,field_out,r_adv_play,False,,,True,True,True,False,686613
778462,5,2,0d615ac4-6128-4237-a79b-42e976870615,621439,Byron Buxton,,,1B,Single,single,,False,,,False,False,False,False,
778462,6,2,b0e85280-acd9-4fea-a05e-0b4e843d624c,621439,Byron Buxton,1B,1B,2B,Stolen Base 2B,stolen_base_2b,r_stolen_base_2b,False,,,False,False,False,False,
778462,6,4,b338e22b-0743-41e8-babc-1e33369bcda5,663616,Trevor Larnach,,,1B,Single,single,,False,,,False,False,False,False,
778462,6,4,b338e22b-0743-41e8-babc-1e33369bcda5,621439,Byron Buxton,2B,2B,score,Single,single,r_adv_play,False,,,True,True,True,False,686613
778462,7,2,4c7a2ce2-184b-413b-8c9c-9edd0d9e0dfd,663616,Trevor Larnach,1B,1B,,Grounded Into DP,grounded_into_double_play,r_force_out,True,2B,2,False,False,False,False,
778462,7,2,4c7a2ce2-184b-413b-8c9c-9edd0d9e0dfd,664034,Ty France,,,,Grounded Into DP,grounded_into_double_play,,True,1B,3,False,False,False,False,
778462,8,2,336d6ad7-0f78-459b-bb29-476a7031ce79,572233,Christian Walker,,,score,Home Run,home_run,,False,,,True,True,True,False,657746
778462,9,3,be7f9bec-d231-4e45-888c-e576ca0fe41a,665161,Jeremy Peña,,,score,Home Run,home_run,,False,,,True,True,True,False,657746
778462,10,4,082cae68-922b-4816-b388-c6f5b9cdaf5c,605170,Victor Caratini,,,,Pop Out,field_out,,True,1B,1,False,False,False,False,
778462,11,0,10408d4a-cb99-4818-bfd2-f6702d5c88f8,663898,Brendan Rodgers,,,1B,Single,single,,False,,,False,False,False,False,
778462,12,1,6605cc2e-1c00-429e-b7be-6b56bc8301b0,701358,Cam Smith,,,,Flyout,field_out,,True,1B,2,False,False,False,False,
778462,13,4,9760f242-013e-4306-8d58-40ff61beaf77,643289,Mauricio Dubón,,,,Flyout,field_out,,True,1B,3,False,False,False,False,
778462,14,1,35cdf63c-0c19-4927-a6e0-4836128923c8,650489,Willi Castro,,,1B,Single,single,,False,,,False,False,False,False,
778462,15,4,76ee7d81-30c4-4184-b704-2343ee400f58,666397,Edouard Julien,,,,Strikeout,strikeout,,True,1B,1,False,False,False,False,
778462,16,5,313bbabe-f39e-4e23-a42a-a91eed6a5677,680777,Ryan Jeffers,,,,Strikeout,strikeout,,True,1B,2,False,False,False,False,
778462,16,5,313bbabe-f39e-4e23-a42a-a91eed6a5677,650489,Willi Castro,1B,1B,2B,Stolen Base 2B,stolen_base_2b,r_stolen_base_2b,False,,,False,False,False,False,
778462,17,2,9f091d9a-5f14-48d0-b055-0713f3888e80,664056,Harrison Bader,,,,Strikeout,strikeout,,True,1B,3,False,False,False,False,
778462,18,5,2758475c-5b18-4be5-b057-9ccf3d9f3b55,514888,Jose Altuve,,,,Strikeout,strikeout,,True,1B,1,False,False,False,False,
778462,19,2,0fd46a1d-f9e8-4af5-acde-cdb8d4884738,670623,Isaac Paredes,,,,Pop Out,field_out,,True,1B,2,False,False,False,False,
778462,20,2,050d2801-145a-4366-97f9-e1612717e8ae,670541,Yordan Alvarez,,,,Pop Out,field_out,,True,1B,3,False,False,False,False,
778462,21,8,99371133-cf28-476a-a6e8-063625b6fcdd,670242,Matt Wallner,,,,Strikeout,strikeout,,True,1B,1,False,False,False,False,
778462,22,2,af87601f-a466-4676-9f70-013921ae12a1,621043,Carlos Correa,,,,Flyout,field_out,,True,1B,2,False,False,False,False,
778462,23,3,d0c016a1-c25b-43c4-975f-63fd343a3b29,621439,Byron Buxton,,,1B,Single,single,,False,,,False,False,False,False,
778462,24,4,640f90ab-285f-494c-962c-47a6da5ec53d,663616,Trevor Larnach,,,,Lineout,field_out,,True,1B,3,False,False,False,False,
778462,25,1,fba2f837-2f09-4cef-83e5-64469fb17cf2,572233,Christian Walker,,,1B,Hit By Pitch,hit_by_pitch,,False,,,False,False,False,False,
778462,26,2,8c6746df-22e5-41bc-a507-e48d17ca0190,665161,Jeremy Peña,,,,Lineout,field_out,,True,1B,1,False,False,False,False,
778462,27,5,2814cf2a-e22c-4775-8b2c-2af81a53c9a6,605170,Victor Caratini,,,1B,Single,single,,False,,,False,False,False,False,
778462,27,5,2814cf2a-e22c-4775-8b2c-2af81a53c9a6,572233,Christian Walker,1B,1B,2B,Single,single,r_adv_force,False,,,False,False,False,False,
778462,28,7,1d35363a-41da-465b-a1eb-ea8a9a2522ef,572233,Christian Walker,2B,2B,3B,Balk,balk,r_adv_play,False,,,False,False,False,False,
778462,28,7,1d35363a-41da-465b-a1eb-ea8a9a2522ef,605170,Victor Caratini,1B,1B,2B,Balk,balk,r_adv_play,False,,,False,False,False,False,
778462,28,9,63e7448c-7c23-4a4d-9e9d-ca293f0629c2,663898,Brendan Rodgers,,,1B,Single,single,,False,,,False,False,False,False,
778462,28,9,63e7448c-7c23-4a4d-9e9d-ca293f0629c2,605170,Victor Caratini,2B,2B,score,Single,single,r_adv_play,False,,,True,True,True,False,657746
778462,28,9,63e7448c-7c23-4a4d-9e9d-ca293f0629c2,572233,Christian Walker,3B,3B,score,Single,single,r_adv_play,False,,,True,True,True,False,657746
778462,29,5,de0aa0f3-b220-4610-b7c7-7562480b3b57,701358,Cam Smith,,,,Strikeout Double Play,strikeout_double_play,,True,1B,2,False,False,False,False,
778462,29,5,de0aa0f3-b220-4610-b7c7-7562480b3b57,663898,Brendan Rodgers,1B,1B,,Caught Stealing 2B,caught_stealing_2b,r_caught_stealing_2b,True,2B,3,False,False,False,False,
778462,30,5,dd13c4ba-0d9e-421d-8db1-6043b98df42d,664034,Ty France,,,,Groundout,field_out,,True,1B,1,False,False,False,False,
778462,31,4,7c40269d-0a71-4cb1-bfa2-820566d2ee82,650489,Willi Castro,,,,Strikeout,strikeout,,True,1B,2,False,False,False,False,
778462,32,4,70fc195f-8890-41e0-8957-5de7d6a5957a,666397,Edouard Julien,,,,Groundout,field_out,,True,1B,3,False,False,False,False,
778462,33,1,126c425b-04de-43bf-b690-9c18fbdfd4f7,643289,Mauricio Dubón,,,,Flyout,field_out,,True,1B,1,False,False,False,False,
778462,34,4,1531ea4c-21d1-47b6-bca1-a388a264ad24,514888,Jose Altuve,,,,Strikeout,strikeout,,True,1B,2,False,False,False,False,
778462,35,6,30e42ad6-d845-496d-81c8-8fccf03b6ba9,670623,Isaac Paredes,,,1B,Hit By Pitch,hit_by_pitch,,False,,,False,False,False,False,
778462,36,2,908f9369-98c9-4a87-96a5-b5a3d14e1d97,670541,Yordan Alvarez,,,,Flyout,field_out,,True,1B,3,False,False,False,False,
778462,37,2,e0a83f2c-5993-45be-bc23-ba443eb70eef,680777,Ryan Jeffers,,,,Strikeout,strikeout,,True,1B,1,False,False,False,False,
778462,38,3,8b614dbc-d1d2-41f3-819d-d27aba637694,664056,Harrison Bader,,,,Groundout,field_out,,True,1B,2,False,False,False,False,
778462,39,4,7acd0fc5-588a-4e45-ab7b-f415d60ab297,670242,Matt Wallner,,,,Strikeout,strikeout,,True,1B,3,False,False,False,False,
778462,40,3,f0c7a0a0-82ee-4dc1-8d8e-1c2c1a5aff65,572233,Christian Walker,,,,Groundout,field_out,,True,1B,1,False,False,False,False,
778462,41,4,369f93e4-4384-4136-9e02-4359240146a8,665161,Jeremy Peña,,,,Flyout,field_out,,True,1B,2,False,False,False,False,
778462,42,7,a1bf8e59-2d1a-4633-8c2a-d2759e75cd0f,605170,Victor Caratini,,,2B,Double,double,,False,,,False,False,False,False,
778462,43,2,21e00387-62fe-4b90-9a47-e1a624819cb0,663898,Brendan Rodgers,,,2B,Double,double,,False,,,False,False,False,False,
778462,43,2,21e00387-62fe-4b90-9a47-e1a624819cb0,605170,Victor Caratini,2B,2B,3B,Double,double,r_adv_force,False,,,False,False,False,False,
778462,43,2,21e00387-62fe-4b90-9a47-e1a624819cb0,605170,Victor Caratini,2B,3B,score,Double,double,r_adv_play,False,,,True,True,True,False,686973
778462,44,2,fa6b5f8f-0b38-4383-8ed8-8039db77caa1,701358,Cam Smith,,,,Strikeout,strikeout,,True,1B,3,False,False,False,False,
778462,45,1,0a1beeaf-7e7b-47ef-98b4-2ab0aa832931,621043,Carlos Correa,,,,Groundout,field_out,,True,1B,1,False,False,False,False,
778462,46,6,090ca840-c64d-400e-a5d5-243bffbcc7c8,621439,Byron Buxton,,,,Strikeout,strikeout,,True,1B,2,False,False,False,False,
778462,47,8,ff56b8db-160c-4d0d-a0df-2009e743551b,663616,Trevor Larnach,,,,Groundout,field_out,,True,1B,3,False,False,False,False,
778462,48,2,8e62a860-fb77-483c-af49-ba5d86d13134,643289,Mauricio Dubón,,,,Groundout,field_out,,True,1B,1,False,False,False,False,
778462,49,5,828e0e21-81ea-47ba-9a36-31837674416d,514888,Jose Altuve,,,,Strikeout,strikeout,,True,1B,2,False,False,False,False,
778462,50,3,754ff4cd-6667-4b07-9801-95fe4eb24c0d,670623,Isaac Paredes,,,,Pop Out,field_out,,True,1B,3,False,False,False,False,
778462,51,3,d66a502e-c940-4c38-b0b3-de3886a691a5,664034,Ty France,,,,Groundout,field_out,,True,1B,1,False,False,False,False,
778462,52,0,4ef63ebf-91da-4ba3-99f6-861d764fbbf4,650489,Willi Castro,,,,Lineout,field_out,,True,1B,2,False,False,False,False,
778462,53,3,a3558edc-2212-4a51-ba40-10b05c1be89b,669304,Jose Miranda,,,,Flyout,field_out,,True,1B,3,False,False,False,False,
778462,54,6,5384d8fc-e030-4461-a5e1-d2a67807d09d,670541,Yordan Alvarez,,,,Strikeout,strikeout,,True,1B,1,False,False,False,False,
778462,55,3,d329cd2a-cb33-4d48-8c82-13fbf4e1f1b9,572233,Christian Walker,,,1B,Single,single,,False,,,False,False,False,False,
778462,56,4,bbea08e5-0e62-4352-b13b-3ffc26eca92d,665161,Jeremy Peña,,,,Lineout,field_out,,True,1B,2,False,False,False,False,
778462,57,5,bddff38d-4b2f-4c9a-8865-a11468bd8aca,605170,Victor Caratini,,,,Groundout,field_out,,True,1B,3,False,False,False,False,
778462,58,7,5e02515b-c689-4e6a-ab7d-c7b7d3f7d625,680777,Ryan Jeffers,,,,Groundout,field_out,,True,1B,1,False,False,False,False,
778462,59,2,09767821-af06-4dde-bb8e-ee19d8ddaaa9,664056,Harrison Bader,,,,Strikeout,strikeout,,True,1B,2,False,False,False,False,
778462,60,2,4cf6492e-e642-44f2-a98c-e8c857c3898c,670242,Matt Wallner,,,1B,Field Error,field_error,,False,,,False,False,False,False,
778462,60,2,4cf6492e-e642-44f2-a98c-e8c857c3898c,670242,Matt Wallner,,1B,2B,Field Error,field_error,r_adv_play,False,,,False,False,False,False,
778462,61,6,da906f5d-74a3-41f5-97c8-b414b880b99f,621043,Carlos Correa,,,,Strikeout,strikeout,,True,1B,3,False,False,False,False,
778462,62,5,6b4fe045-ba89-4653-bfa9-4166d76c2ca1,663898,Brendan Rodgers,,,,Strikeout,strikeout,,True,1B,1,False,False,False,False,
778462,63,3,253e46ee-d076-47a9-86fd-cacb0123f1f8,676801,Chas McCormick,,,,Strikeout,strikeout,,True,1B,2,False,False,False,False,
778462,64,0,26cfbde9-cf56-4a8a-a1d6-434a2c343346,643289,Mauricio Dubón,,,2B,Double,double,,False,,,False,False,False,False,
778462,65,7,e86c2294-7a58-497e-beb0-377b72ae0833,514888,Jose Altuve,,,,Strikeout,strikeout,,True,1B,3,False,False,False,False,
778462,66,4,f432e835-8b24-4e7b-892f-d3721f7829de,621439,Byron Buxton,,,,Pop Out,field_out,,True,1B,1,False,False,False,False,
778462,67,7,4df6a1dd-ec59-494d-b5cf-2f0ccafa2943,663616,Trevor Larnach,,,,Strikeout,strikeout,,True,1B,2,False,False,False,False,
778462,68,3,8aa201d4-398c-4679-ad21-165d7f9efb92,664034,Ty France,,,,Pop Out,field_out,,True,1B,3,False,False,False,False,
778466,0,6,32c50280-7cb7-3af8-a102-4b65d661b760,682998,Corbin Carroll,,,,Strikeout,strikeout,,True,1B,1,False,False,False,False,
778466,1,7,05d2ece0-9fd0-3cf4-afb0-4a12e2540497,672695,Geraldo Perdomo,,,,Flyout,field_out,,True,1B,2,False,False,False,False,
778466,2,6,29a4cb89-558a-3adf-a9d3-1b3fb89df624,656976,Pavin Smith,,,,Strikeout,strikeout,,True,1B,3,False,False,False,False,
778466,3,0,34b8d8cd-551a-36c2-aa52-480476b645eb,700250,Ben Rice,,,2B,Double,double,,False,,,False,False,False,False,
778466,4,5,8c92cf6e-cfc2-3a23-88e9-d2a929069a4e,641355,Cody Bellinger,,,1B,Walk,walk,,False,,,False,False,False,False,
778466,5,2,3aac57fc-0840-3bb6-a4db-1d829d4d07c4,592450,Aaron Judge,,,score,Home Run,home_run,,False,,,True,True,True,False,518876
778466,5,2,3aac57fc-0840-3bb6-a4db-1d829d4d07c4,700250,Ben Rice,2B,2B,score,Home Run,home_run,r_adv_force,False,,,True,True,True,False,518876
778466,5,2,3aac57fc-0840-3bb6-a4db-1d829d4d07c4,641355,Cody Bellinger,1B,1B,score,Home Run,home_run,r_adv_force,False,,,True,True,True,False,518876
778466,6,3,2f8ef98a-45f2-32e1-8750-fe024cbb2412,665862,Jazz Chisholm Jr.,,,,Groundout,field_out,,True,1B,1,False,False,False,False,
778466,7,0,e68e95da-9db0-351c-ae77-09cc4e1deaf2,691176,Jasson Domínguez,,,1B,Single,single,,False,,,False,False,False,False,
778466,8,1,07fc1e36-24c2-3da3-b293-e901434ce53c,683011,Anthony Volpe,,,,Flyout,field_out,,True,1B,2,False,False,False,False,
778466,9,0,f08d3fe1-db1a-3d5e-a2b8-346754113dc2,663757,Trent Grisham,,,2B,Double,double,,False,,,False,False,False,False,
778466,9,0,f08d3fe1-db1a-3d5e-a2b8-346754113dc2,691176,Jasson Domínguez,1B,1B,3B,Double,double,r_adv_force,False,,,False,False,False,False,
778466,9,0,f08d3fe1-db1a-3d5e-a2b8-346754113dc2,691176,Jasson Domínguez,1B,3B,score,Double,double,r_adv_play,False,,,True,True,True,False,518876
778466,10,4,6d43599a-490c-3aab-95a2-e102b46da1ef,641555,J.C. Escarra,,,,Pop Out,field_out,,True,1B,3,False,False,False,False,
778466,11,3,825cf81d-90fd-3699-8337-1bcd493a885b,647304,Josh Naylor,,,1B,Walk,walk,,False,,,False,False,False,False,
778466,12,4,dd9520f8-139b-3a57-ae8f-cceaf9aa25ec,666971,Lourdes Gurriel Jr.,,,,Flyout,field_out,,True,1B,1,False,False,False,False,
778466,13,0,82984496-427f-3780-aed9-6ae0d9a62bca,553993,Eugenio Suárez,,,2B,Double,double,,False,,,False,False,False,False,
778466,13,0,82984496-427f-3780-aed9-6ae0d9a62bca,647304,Josh Naylor,1B,1B,3B,Double,double,r_adv_force,False,,,False,False,False,False,
778466,14,0,0cc6d3fb-b7ed-317b-9d93-11a453e26e2a,677950,Alek Thomas,,,,Groundout,field_out,,True,1B,2,False,False,False,False,
778466,14,0,0cc6d3fb-b7ed-317b-9d93-11a453e26e2a,647304,Josh Naylor,3B,3B,score,Groundout,field_out,r_adv_play,False,,,True,True,True,False,471911
778466,14,0,0cc6d3fb-b7ed-317b-9d93-11a453e26e2a,553993,Eugenio Suárez,2B,2B,3B,Groundout,field_out,r_adv_play,False,,,False,False,False,False,
778466,15,4,ef156bd5-b54e-3395-8b98-62501f26e74b,641658,Garrett Hampson,,,,Strikeout,strikeout,,True,1B,3,False,False,False,False,
778466,16,1,903c8560-4cea-3e86-ae3b-9089dc7b7683,665828,Oswaldo Cabrera,,,,Flyout,field_out,,True,1B,1,False,False,False,False,
778466,17,5,92c1c5ff-020d-3f74-a614-3bac98e32640,700250,Ben Rice,,,1B,Walk,walk,,False,,,False,False,False,False,
778466,18,4,c76d8193-80ee-3627-a8bc-8d9a4c86781d,641355,Cody Bellinger,,,,Strikeout,strikeout,,True,1B,2,False,False,False,False,
778466,19,4,ad3c9acf-66bb-318d-b4b8-c900a52ff2c1,592450,Aaron Judge,,,,Flyout,field_out,,True,1B,3,False,False,False,False,
778466,20,3,ab6d9795-6be3-3113-8143-e1442873a08d,645444,Jose Herrera,,,,Lineout,field_out,,True,1B,1,False,False,False,False,
778466,21,1,014f1ccd-2034-3c34-96c7-c34054cdb12e,682998,Corbin Carroll,,,,Flyout,field_out,,True,1B,2,False,False,False,False,
778466,22,5,a958867e-d3ea-3be4-950e-c357d1de0992,672695,Geraldo Perdomo,,,,Strikeout,strikeout,,True,1B,3,False,False,False,False,
778466,23,2,135d6921-a055-3e18-88c6-0dbd240810b1,665862,Jazz Chisholm Jr.,,,,Flyout,field_out,,True,1B,1,False,False,False,False,
778466,24,1,b7c1f074-0018-398f-a190-dbb6ff2f7d30,691176,Jasson Domínguez,,,,Groundout,field_out,,True,1B,2,False,False,False,False,
778466,25,0,2aa45cf6-6aff-3980-8dd6-1b5ab3c0ae03,683011,Anthony Volpe,,,1B,Single,single,,False,,,False,False,False,False,
778466,26,5,32ec8bea-f305-321f-9a43-83ded0d485d5,663757,Trent Grisham,,,score,Home Run,home_run,,False,,,True,True,True,False,518876
778466,26,5,32ec8bea-f305-321f-9a43-83ded0d485d5,683011,Anthony Volpe,1B,1B,score,Home Run,home_run,r_adv_force,False,,,True,True,True,False,518876
778466,27,2,dc3e1c38-b5ce-3519-b911-9483191f7fde,641555,J.C. Escarra,,,,Flyout,field_out,,True,1B,3,False,False,False,False,
778466,28,7,18e4a715-5f6e-3d6f-b750-4983dd273224,656976,Pavin Smith,,,1B,Walk,walk,,False,,,False,False,False,False,
778466,29,0,76577090-85c7-37e1-ad21-9f2849300fc5,647304,Josh Naylor,,,1B,Single,single,,False,,,False,False,False,False,
778466,29,0,76577090-85c7-37e1-ad21-9f2849300fc5,656976,Pavin Smith,1B,1B,2B,Single,single,r_adv_force,False,,,False,False,False,False,
778466,29,0,76577090-85c7-37e1-ad21-9f2849300fc5,656976,Pavin Smith,1B,2B,3B,Single,single,r_adv_play,False,,,False,False,False,False,
778466,30,2,66bb8813-7c3a-3316-a0e8-8f41b8776e15,666971,Lourdes Gurriel Jr.,,,2B,Double,double,,False,,,False,False,False,False,
778466,30,2,66bb8813-7c3a-3316-a0e8-8f41b8776e15,656976,Pavin Smith,3B,3B,score,Double,double,r_adv_play,False,,,True,True,True,False,471911
778466,30,2,66bb8813-7c3a-3316-a0e8-8f41b8776e15,647304,Josh Naylor,1B,1B,3B,Double,double,r_adv_force,False,,,False,False,False,False,
778466,31,6,4eb7d1bb-eda8-3248-9c23-de57b7d096b8,553993,Eugenio Suárez,,,,Strikeout,strikeout,,True,1B,1,False,False,False,False,
778466,32,3,03133cae-1f97-3794-9dad-75af147e77eb,677950,Alek Thomas,,,,Groundout,field_out,,True,1B,2,False,False,False,False,
778466,32,3,03133cae-1f97-3794-9dad-75af147e77eb,647304,Josh Naylor,3B,3B,score,Groundout,field_out,r_adv_play,False,,,True,True,True,False,471911
778466,32,3,03133cae-1f97-3794-9dad-75af147e77eb,666971,Lourdes Gurriel Jr.,2B,2B,3B,Groundout,field_out,r_adv_play,False,,,False,False,False,False,
778466,33,0,74540025-154f-3c84-b168-281908143f3c,641658,Garrett Hampson,,,,Groundout,field_out,,True,1B,3,False,False,False,False,
778466,34,6,f3e739ce-26bd-334b-8a5c-26ac9614771b,665828,Oswaldo Cabrera,,,,Strikeout,strikeout,,True,1B,1,False,False,False,False,
778466,35,5,3da42fc3-5de9-34cb-bdf3-fa7bb1f0484d,700250,Ben Rice,,,1B,Walk,walk,,False,,,False,False,False,False,
778466,36,5,b773e59d-ae36-3440-bab5-5a97a9664729,700250,Ben Rice,1B,1B,2B,Stolen Base 2B,stolen_base_2b,r_stolen_base_2b,False,,,False,False,False,False,
778466,36,7,a6f90aa0-3977-30ab-b742-797a5c013fa8,641355,Cody Bellinger,,,,Lineout,field_out,,True,1B,2,False,False,False,False,
778466,37,2,dd28927c-22ce-36f1-9f60-7e583e704d3a,592450,Aaron Judge,,,1B,Single,single,,False,,,False,False,False,False,
778466,37,2,dd28927c-22ce-36f1-9f60-7e583e704d3a,700250,Ben Rice,2B,2B,score,Single,single,r_adv_play,False,,,True,True,True,False,518876
778466,38,2,e8cba1b6-a4bb-3295-bcc4-8368cfccc4b1,592450,Aaron Judge,1B,1B,2B,Stolen Base 2B,stolen_base_2b,r_stolen_base_2b,False,,,False,False,False,False,
778466,38,7,705fdcc8-8de4-3080-8f6b-ccd53790ea0a,665862,Jazz Chisholm Jr.,,,score,Home Run,home_run,,False,,,True,True,True,False,518876
778466,38,7,705fdcc8-8de4-3080-8f6b-ccd53790ea0a,592450,Aaron Judge,2B,2B,score,Home Run,home_run,r_adv_force,False,,,True,True,True,False,518876
778466,39,0,aa7b429f-c225-3011-b0e3-18620c3b713b,691176,Jasson Domínguez,,,2B,Double,double,,False,,,False,False,False,False,
778466,40,4,380e16fa-42b5-33ff-a2b6-4de5d236a5f7,683011,Anthony Volpe,,,,Strikeout,strikeout,,True,1B,3,False,False,False,False,
778466,41,3,52931713-863c-39af-a0c7-32c9c22174bb,645444,Jose Herrera,,,1B,Single,single,,False,,,False,False,False,False,
778466,42,3,a0127ca7-f76f-31f8-a83c-4bb81903cd8e,682998,Corbin Carroll,,,,Grounded Into DP,grounded_into_double_play,,True,1B,1,False,False,False,False,
778466,42,3,a0127ca7-f76f-31f8-a83c-4bb81903cd8e,645444,Jose Herrera,1B,1B,,Grounded Into DP,grounded_into_double_play,r_force_out,True,2B,2,False,False,False,False,
778466,43,4,abb2d31f-26ae-3f25-b207-eee23fe02f7d,672695,Geraldo Perdomo,,,,Lineout,field_out,,True,1B,3,False,False,False,False,
778466,44,2,1a07965a-19ff-3204-97c7-a9562bc2976d,663757,Trent Grisham,,,,Flyout,field_out,,True,1B,1,False,False,False,False,
778466,45,2,92362e33-4cfb-3b64-a894-dba0127d3c73,641555,J.C. Escarra,,,,Groundout,field_out,,True,1B,2,False,False,False,False,
778466,46,5,077f40ef-332a-3571-8e85-265bd5480b6d,665828,Oswaldo Cabrera,,,,Flyout,field_out,,True,1B,3,False,False,False,False,
778466,47,2,f680c54e-4771-3037-ae0f-58177aba184a,656976,Pavin Smith,,,,Flyout,field_out,,True,1B,1,False,False,False,False,
778466,48,1,c1d273e3-b86d-328f-aeca-31588366e8fc,647304,Josh Naylor,,,2B,Double,double,,False,,,False,False,False,False,
778466,49,6,4dde2b60-52ad-3ba5-8c87-0c4a19d8fb80,647304,Josh Naylor,2B,2B,3B,Stolen Base 3B,stolen_base_3b,r_stolen_base_3b,False,,,False,False,False,False,
778466,49,8,fd5307eb-7a2b-325e-90a8-59376525487e,666971,Lourdes Gurriel Jr.,,,,Flyout,field_out,,True,1B,2,False,False,False,False,
778466,50,4,223a12ce-2295-3c21-b070-fd21ce49e245,553993,Eugenio Suárez,,,1B,Walk,walk,,False,,,False,False,False,False,
778466,51,4,66890a3e-7c13-3ffa-85b9-61530e60b09a,677950,Alek Thomas,,,,Strikeout,strikeout,,True,1B,3,False,False,False,False,
778466,52,4,78821a28-22aa-31da-83e3-77b52f89938d,700250,Ben Rice,,,,Groundout,field_out,,True,1B,1,False,False,False,False,
778466,53,3,59ca68e0-9f3c-346f-8252-d7fc62f1daef,641355,Cody Bellinger,,,,Flyout,field_out,,True,1B,2,False,False,False,False,
778466,54,3,7509e297-527f-3a4f-810b-40d283b5fdf6,592450,Aaron Judge,,,2B,Double,double,,False,,,False,False,False,False,
778466,55,6,ebac8457-e961-3142-a25a-c46e062ca31c,665862,Jazz Chisholm Jr.,,,,Strikeout,strikeout,,True,1B,3,False,False,False,False,
778466,56,7,d8e51e60-89f9-32cc-bd06-f9ebbf583237,641658,Garrett Hampson,,,1B,Walk,walk,,False,,,False,False,False,False,
778466,57,5,253d934f-aff5-3acf-8eb7-9ca417b26def,641658,Garrett Hampson,1B,1B,2B,Walk,walk,r_adv_force,False,,,False,False,False,False,
778466,57,5,253d934f-aff5-3acf-8eb7-9ca417b26def,645444,Jose Herrera,,,1B,Walk,walk,,False,,,False,False,False,False,
778466,58,3,97c49c7e-31a5-381c-adbb-89960d7fa632,682998,Corbin Carroll,,,1B,Single,single,,False,,,False,False,False,False,
778466,58,3,97c49c7e-31a5-381c-adbb-89960d7fa632,641658,Garrett Hampson,2B,2B,3B,Single,single,r_adv_force,False,,,False,False,False,False,
778466,58,3,97c49c7e-31a5-381c-adbb-89960d7fa632,645444,Jose Herrera,1B,1B,2B,Single,single,r_adv_force,False,,,False,False,False,False,
778466,59,2,7d31ee09-5549-3fe8-bcd3-80fbda7a07f3,672695,Geraldo Perdomo,,,score,Home Run,home_run,,False,,,True,True,True,False,642232
778466,59,2,7d31ee09-5549-3fe8-bcd3-80fbda7a07f3,641658,Garrett Hampson,3B,3B,score,Home Run,home_run,r_adv_force,False,,,True,True,True,False,642232
778466,59,2,7d31ee09-5549-3fe8-bcd3-80fbda7a07f3,645444,Jose Herrera,2B,2B,score,Home Run,home_run,r_adv_force,False,,,True,True,True,False,642232
778466,59,2,7d31ee09-5549-3fe8-bcd3-80fbda7a07f3,682998,Corbin Carroll,1B,1B,score,Home Run,home_run,r_adv_force,False,,,True,True,True,False,642232
778466,60,1,db0f2d85-0698-329e-9b36-158674b226ad,656976,Pavin Smith,,,,Groundout,field_out,,True,1B,1,False,False,False,False,
778466,61,3,ff54d0d6-86bb-3aa6-8f53-6526ee709d3c,647304,Josh Naylor,,,,Flyout,field_out,,True,1B,2,False,False,False,False,
778466,62,5,e8195161-c773-3d3f-9ad0-eb4fade06037,666971,Lourdes Gurriel Jr.,,,,Strikeout,strikeout,,True,1B,3,False,False,False,False,
778466,63,4,908a321e-9b34-3769-8473-62bd11a8c19c,691176,Jasson Domínguez,,,,Groundout,field_out,,True,1B,1,False,False,False,False,
778466,64,1,9c4e5c82-75ec-3c74-930a-c87433f127c9,683011,Anthony Volpe,,,,Groundout,field_out,,True,1B,2,False,False,False,False,
778466,65,4,cb21239b-4245-3656-a0ab-bff77a419e73,663757,Trent Grisham,,,1B,Single,single,,False,,,False,False,False,False,
778466,66,10,571c05e2-7d40-354e-ae28-4745345c897a,641555,J.C. Escarra,,,2B,Double,double,,False,,,False,False,False,False,
778466,66,10,571c05e2-7d40-354e-ae28-4745345c897a,663757,Trent Grisham,1B,1B,3B,Double,double,r_adv_force,False,,,False,False,False,False,
778466,67,5,07784666-0686-1033-000c-f08cd117d70a,502671,Paul Goldschmidt,,,1B,Intent Walk,intent_walk,,False,,,False,False,False,False,
778466,68,7,41536ee9-bf15-3074-8f76-63f3d37c5ea8,700250,Ben Rice,,,,Strikeout,strikeout,,True,1B,3,False,False,False,False,
778466,69,3,63c230db-e7ac-3e07-98c2-e279b7a5ffa9,553993,Eugenio Suárez,,,,Lineout,field_out,,True,1B,1,False,False,False,False,
778466,70,3,fd60ec4b-89c5-323d-8875-0c6ad7eb74da,677950,Alek Thomas,,,,Strikeout,strikeout,,True,1B,2,False,False,False,False,
778466,71,3,f275df46-0d61-37cb-b28d-41e1192b1c3d,606466,Ketel Marte,,,1B,Single,single,,False,,,False,False,False,False,
778466,72,10,4a51e677-ca44-365e-bbae-61f2074c5a9a,672515,Gabriel Moreno,,,,Groundout,field_out,,True,1B,3,False,False,False,False,
778466,73,6,f4250ad3-60a1-3a4f-8940-eb0fedf6e633,641355,Cody Bellinger,,,,Strikeout,strikeout,,True,1B,1,False,False,False,False,
778466,74,4,be6e217b-d6d5-3efa-aa4f-2e3c716e7a83,592450,Aaron Judge,,,,Groundout,field_out,,True,1B,2,False,False,False,False,
778466,75,7,77f04a1f-34c3-351a-a75b-ad1a5fb87b48,665862,Jazz Chisholm Jr.,,,1B,Walk,walk,,False,,,False,False,False,False,
778466,76,1,0bc51782-be78-3798-a216-99a15bc19f0e,665862,Jazz Chisholm Jr.,1B,1B,2B,Stolen Base 2B,stolen_base_2b,r_stolen_base_2b,False,,,False,False,False,False,
778466,76,6,52bd7c35-8e4b-32e8-97de-fa42bc18f7d8,691176,Jasson Domínguez,,,,Strikeout,strikeout,,True,1B,3,False,False,False,False,
778466,77,5,11456f04-4073-3e12-8e30-0d6c26dc1961,682998,Corbin Carroll,,,,Groundout,field_out,,True,1B,1,False,False,False,False,
778466,78,1,3abb2d66-1e43-3270-99a0-b91507b5eaa4,672695,Geraldo Perdomo,,,,Flyout,field_out,,True,1B,2,False,False,False,False,
778466,79,3,844655ed-5719-39a0-91be-131986923d94,656976,Pavin Smith,,,,Strikeout,strikeout,,True,1B,3,False,False,False,False,
778468,0,8,26139b97-c287-32e1-be8b-31983ffb5637,670770,TJ Friedl,,,1B,Walk,walk,,False,,,False,False,False,False,
778468,1,3,3c045d51-de5b-3592-b5d8-433615d8df17,680574,Matt McLain,,,,Strikeout,strikeout,,True,1B,1,False,False,False,False,
778468,2,0,9b180cac-02b1-3d73-8680-37945e41cf83,682829,Elly De La Cruz,,,,Flyout,field_out,,True,1B,2,False,False,False,False,
778468,2,0,9b180cac-02b1-3d73-8680-37945e41cf83,670770,TJ Friedl,1B,1B,2B,Flyout,field_out,r_adv_play,False,,,False,False,False,False,
778468,3,4,63a1918a-073a-36be-9502-fc886c7f7858,687952,Christian Encarnacion-Strand,,,,Strikeout,strikeout,,True,1B,3,False,False,False,False,
778468,4,0,c148a3a9-ee39-32a1-90cc-144582b104bc,694192,Jackson Chourio,,,,Flyout,field_out,,True,1B,1,False,False,False,False,
778468,5,1,cbee0da5-f343-3876-bdf2-1af935e2fe48,592885,Christian Yelich,,,,Lineout,field_out,,True,1B,2,False,False,False,False,
778468,6,3,31d9b24d-ee54-366f-afb0-55321a773f84,661388,William Contreras,,,,Groundout,field_out,,True,1B,3,False,False,False,False,
778468,7,0,869690ea-961e-3ce1-94a7-3d2855516faa,600869,Jeimer Candelario,,,,Groundout,field_out,,True,1B,1,False,False,False,False,
778468,8,1,5cd30fe9-5c5f-3705-a8e0-657dd591d56b,694362,Blake Dunn,,,,Lineout,field_out,,True,1B,2,False,False,False,False,
778468,9,5,32af179f-3833-3f2d-a25d-a4d123f35da0,668715,Spencer Steer,,,,Strikeout,strikeout,,True,1B,3,False,False,False,False,
778468,10,0,289de869-2d69-357e-bfb1-dafb9040ddfd,656555,Rhys Hoskins,,,,Flyout,field_out,,True,1B,1,False,False,False,False,
778468,11,2,71f71229-eb10-3ebb-b467-fb7d48470549,686217,Sal Frelick,,,,Flyout,field_out,,True,1B,2,False,False,False,False,
778468,12,7,73f69280-d36a-3a62-848c-d0158be81f6b,681962,Vinny Capra,,,,Strikeout,strikeout,,True,1B,3,False,False,False,False,
778468,13,2,ebfa3374-975c-39be-a447-4e6ef9e11129,669289,Santiago Espinal,,,,Flyout,field_out,,True,1B,1,False,False,False,False,
778468,14,6,e734b61d-e34f-3256-b93f-53eec1676871,624431,Jose Trevino,,,2B,Double,double,,False,,,False,False,False,False,
778468,15,0,baae6adb-2c87-3bc2-8468-c8eee955b10a,670770,TJ Friedl,,,,Bunt Pop Out,field_out,,True,1B,2,False,False,False,False,
778468,15,0,baae6adb-2c87-3bc2-8468-c8eee955b10a,624431,Jose Trevino,2B,2B,3B,Bunt Pop Out,field_out,r_adv_play,False,,,False,False,False,False,
778468,16,4,03dadbb4-5b72-33ff-9dba-c64d1d065f57,680574,Matt McLain,,,1B,Walk,walk,,False,,,False,False,False,False,
778468,17,5,67d1fb94-4625-3fc9-b3b9-9a97d11ff14f,682829,Elly De La Cruz,,,,Strikeout,strikeout,,True,1B,3,False,False,False,False,
778468,18,2,4fba04c7-d68e-381e-bea6-7f4edd2478d7,686555,Isaac Collins,,,,Groundout,field_out,,True,1B,1,False,False,False,False,
778468,19,1,9e3f43bc-5b09-3bea-a307-0ee195b7d027,687401,Joey Ortiz,,,,Groundout,field_out,,True,1B,2,False,False,False,False,
778468,20,3,ed96ffdb-b980-3698-8f67-62a372ce8188,668930,Brice Turang,,,,Strikeout,strikeout,,True,1B,3,False,False,False,False,
778468,21,7,f52194ed-82e1-3493-b8a5-c5308147ab67,687952,Christian Encarnacion-Strand,,,,Groundout,field_out,,True,1B,1,False,False,False,False,
778468,22,2,56fbbf3c-1317-3074-94f3-61cfdfafd1a2,600869,Jeimer Candelario,,,,Groundout,field_out,,True,1B,2,False,False,False,False,
778468,23,5,df6d9fc1-3b7a-3af7-8e6c-a3d04c534037,694362,Blake Dunn,,,,Strikeout,strikeout,,True,1B,3,False,False,False,False,
778468,24,5,407e37f8-96f8-31df-8114-73596ffe7360,694192,Jackson Chourio,,,2B,Double,double,,False,,,False,False,False,False,
778468,25,4,a043272c-af2f-3468-8022-ea2269ddbcda,592885,Christian Yelich,,,,Strikeout,strikeout,,True,1B,1,False,False,False,False,
778468,26,2,34453e39-719f-394e-b721-214484b6b044,661388,William Contreras,,,1B,Field Error,field_error,,False,,,False,False,False,False,
778468,26,2,34453e39-719f-394e-b721-214484b6b044,694192,Jackson Chourio,2B,2B,3B,Field Error,field_error,r_adv_play,False,,,False,False,False,False,
778468,27,8,a1a0b113-74a5-353c-9f55-a613e386e326,656555,Rhys Hoskins,,,,Flyout,field_out,,True,1B,2,False,False,False,False,
778468,28,2,fc4c3122-f1d6-34c7-a081-92a34099bdfb,686217,Sal Frelick,,,1B,Single,single,,False,,,False,False,False,False,
778468,28,2,fc4c3122-f1d6-34c7-a081-92a34099bdfb,694192,Jackson Chourio,3B,3B,score,Single,single,r_adv_play,False,,,True,True,False,True,666157
778468,28,2,fc4c3122-f1d6-34c7-a081-92a34099bdfb,661388,William Contreras,1B,1B,2B,Single,single,r_adv_force,False,,,False,False,False,False,
778468,28,2,fc4c3122-f1d6-34c7-a081-92a34099bdfb,661388,William Contreras,1B,2B,3B,Single,single,r_adv_play,False,,,False,False,False,False,
778468,29,3,ec7c9c9a-e888-3c59-be06-0592e43412bd,686217,Sal Frelick,1B,1B,2B,Stolen Base 2B,stolen_base_2b,r_stolen_base_2b,False,,,False,False,False,False,
778468,29,7,00bb4e5c-c6b2-3f99-a8ec-52bfd0fc9e6e,681962,Vinny Capra,,,,Groundout,field_out,,True,1B,3,False,False,False,False,
778468,30,5,16560978-006f-3ca5-b07d-ed6d0f842031,668715,Spencer Steer,,,,Lineout,field_out,,True,1B,1,False,False,False,False,
778468,31,4,ce60fff0-7352-3a72-bb67-37021748edfd,669289,Santiago Espinal,,,,Flyout,field_out,,True,1B,2,False,False,False,False,
778468,32,4,252130f4-e1f7-37e0-a4b9-75d23bcb6da4,624431,Jose Trevino,,,,Flyout,field_out,,True,1B,3,False,False,False,False,
778468,33,0,2aa3f8ae-2785-3b4a-9c78-ac08d82266e8,686555,Isaac Collins,,,,Flyout,field_out,,True,1B,1,False,False,False,False,
778468,34,1,6cfca660-1986-3a0d-8cbd-7cf03b7333b3,687401,Joey Ortiz,,,,Flyout,field_out,,True,1B,2,False,False,False,False,
778468,35,3,c4a7d71d-ba6f-3b6d-86cb-1600de14048a,668930,Brice Turang,,,,Lineout,field_out,,True,1B,3,False,False,False,False,
778468,36,1,1e356d56-9884-35bd-9eed-15565d854b8e,670770,TJ Friedl,,,,Lineout,field_out,,True,1B,1,False,False,False,False,
778468,37,5,41234d89-abc8-38ca-a528-caadbb4a7408,680574,Matt McLain,,,,Strikeout,strikeout,,True,1B,2,False,False,False,False,
778468,38,3,09b9389b-cfcf-3fbe-a16c-9a6c3c352f8a,682829,Elly De La Cruz,,,,Flyout,field_out,,True,1B,3,False,False,False,False,
778468,39,2,41289cfd-839c-333f-8b58-22be056817ab,694192,Jackson Chourio,,,,Groundout,field_out,,True,1B,1,False,False,False,False,
778468,40,2,533deade-d6aa-3d17-9ea2-143753f64359,592885,Christian Yelich,,,,Strikeout,strikeout,,True,1B,2,False,False,False,False,
778468,41,3,cc9f830a-cfae-397e-94a3-e619318356fa,661388,William Contreras,,,,Groundout,field_out,,True,1B,3,False,False,False,False,
778468,42,4,45a1b5b8-e8c1-3788-9481-39811b6dba9a,687952,Christian Encarnacion-Strand,,,,Strikeout,strikeout,,True,1B,1,False,False,False,False,
778468,43,4,e83c87b1-56bb-3bfe-9eeb-251c37737a56,600869,Jeimer Candelario,,,1B,Single,single,,False,,,False,False,False,False,
778468,44,8,7e336e44-ca16-37ec-809b-3b1ef6678501,600869,Jeimer Candelario,1B,1B,2B,Walk,walk,r_adv_force,False,,,False,False,False,False,
778468,44,8,7e336e44-ca16-37ec-809b-3b1ef6678501,666158,Gavin Lux,,,1B,Walk,walk,,False,,,False,False,False,False,
778468,45,9,a8d52bcb-89b2-32f5-b6e9-87f8fa630c5b,668715,Spencer Steer,,,,Flyout,field_out,,True,1B,2,False,False,False,False,
778468,46,4,0b6d1595-2c5f-34ba-95d1-d2b940f4b163,669289,Santiago Espinal,,,,Flyout,field_out,,True,1B,3,False,False,False,False,
778468,47,4,f26b325b-5817-396a-8213-5bdbd5155e39,656555,Rhys Hoskins,,,1B,Single,single,,False,,,False,False,False,False,
778468,48,3,0b014354-52e0-35f9-aff1-c858e9d98ce8,686217,Sal Frelick,,,1B,Single,single,,False,,,False,False,False,False,
778468,48,3,0b014354-52e0-35f9-aff1-c858e9d98ce8,656555,Rhys Hoskins,1B,1B,2B,Single,single,r_adv_force,False,,,False,False,False,False,
778468,49,1,1a43a89c-0df8-3789-bde1-20dd2ef50d94,681962,Vinny Capra,,,,Sac Bunt,sac_bunt,,True,1B,1,False,False,False,False,
778468,49,1,1a43a89c-0df8-3789-bde1-20dd2ef50d94,656555,Rhys Hoskins,2B,2B,3B,Sac Bunt,sac_bunt,r_adv_force,False,,,False,False,False,False,
778468,49,1,1a43a89c-0df8-3789-bde1-20dd2ef50d94,686217,Sal Frelick,1B,1B,2B,Sac Bunt,sac_bunt,r_adv_force,False,,,False,False,False,False,
778468,50,0,fd3a9e6b-bd86-32db-864e-100647dcbc80,656555,Rhys Hoskins,3B,3B,,Fielders Choice Out,fielders_choice_out,r_runner_out,True,4B,2,False,False,False,False,
778468,50,0,fd3a9e6b-bd86-32db-864e-100647dcbc80,686217,Sal Frelick,2B,2B,3B,Fielders Choice Out,fielders_choice_out,r_adv_play,False,,,False,False,False,False,
778468,50,0,fd3a9e6b-bd86-32db-864e-100647dcbc80,686555,Isaac Collins,,,1B,Fielders Choice Out,fielders_choice_out,,False,,,False,False,False,False,
778468,51,4,5ad85ed7-2120-35f3-9fe5-b457a8dbf59f,686555,Isaac Collins,1B,1B,2B,Stolen Base 2B,stolen_base_2b,r_stolen_base_2b,False,,,False,False,False,False,
778468,51,6,c7f4a819-fe65-3a53-8b61-2fca32b6e026,687401,Joey Ortiz,,,,Groundout,field_out,,True,1B,3,False,False,False,False,
778468,52,4,4999f26f-6cb7-3f27-afcb-05ac119808c4,624431,Jose Trevino,,,,Strikeout,strikeout,,True,1B,1,False,False,False,False,
778468,53,5,6be4f1be-3b80-3511-8e8e-6caf6756fdac,670770,TJ Friedl,,,,Groundout,field_out,,True,1B,2,False,False,False,False,
778468,54,2,960db0b0-b64c-373c-8607-228ad8fe4901,680574,Matt McLain,,,1B,Field Error,field_error,,False,,,False,False,False,False,
778468,54,2,960db0b0-b64c-373c-8607-228ad8fe4901,680574,Matt McLain,,1B,2B,Field Error,field_error,r_adv_play,False,,,False,False,False,False,
778468,55,3,c0df8b44-3470-333c-a3f3-a807c0b4dd13,682829,Elly De La Cruz,,,,Groundout,field_out,,True,1B,3,False,False,False,False,
778468,56,4,59aab95b-c224-3017-8ff1-7d5456382014,668930,Brice Turang,,,1B,Single,single,,False,,,False,False,False,False,
778468,57,0,01a8a115-cf17-30e8-b463-4086122d99a4,668930,Brice Turang,1B,1B,,Grounded Into DP,grounded_into_double_play,r_force_out,True,2B,1,False,False,False,False,
778468,57,0,01a8a115-cf17-30e8-b463-4086122d99a4,694192,Jackson Chourio,,,,Grounded Into DP,grounded_into_double_play,,True,1B,2,False,False,False,False,
778468,58,4,c405b069-5e54-3a24-9553-c68df83a651f,592885,Christian Yelich,,,1B,Walk,walk,,False,,,False,False,False,False,
778468,59,1,6d71c33f-01f8-3ef5-b3c8-afd4d25d784e,592885,Christian Yelich,1B,1B,2B,Wild Pitch,wild_pitch,r_adv_play,False,,,False,False,False,False,
778468,59,3,fc7c9911-0f54-3319-b141-c20b2b4e8e80,661388,William Contreras,,,,Groundout,field_out,,True,1B,3,False,False,False,False,
778468,60,4,2a1fd5d8-5782-32fc-a82d-cfa79c500c84,687952,Christian Encarnacion-Strand,,,,Lineout,field_out,,True,1B,1,False,False,False,False,
778468,61,4,14f7f6ab-8d3d-313f-b430-5dfc22c791e2,600869,Jeimer Candelario,,,,Lineout,field_out,,True,1B,2,False,False,False,False,
778468,62,5,98167f1b-8c1d-3bf3-b337-d5f4e08c35b8,666158,Gavin Lux,,,,Strikeout,strikeout,,True,1B,3,False,False,False,False,
