gamePk,atBatIndex,playIndex,playId,runnerid,runnerfullName,originBase,start,end,event,eventType,movementReason,isOut,outBase,outNumber,isScoringEvent,rbi,earned,teamUnearned,responsiblepitcherid
777909,0,5,b0e8136e-0398-3514-9468-06c1ae42fd08,682928,CJ Abrams,,,,Strikeout,strikeout,,True,1B,1,False,False,False,False,
777909,1,2,938f57d5-b926-3fcc-b195-43f4d0a075d0,642708,Amed Rosario,,,1B,Hit By Pitch,hit_by_pitch,,False,,,False,False,False,False,
777909,2,2,e56011b7-38da-38be-8278-0ab66eedf701,642708,Amed Rosario,1B,1B,2B,Wild Pitch,wild_pitch,r_adv_play,False,,,False,False,False,False,
777909,2,3,eb383fae-2b54-3721-9710-7e5ffd03bc20,695578,James Wood,,,,Strikeout,strikeout,,True,1B,2,False,False,False,False,
777909,3,1,e60cc34a-5626-35b9-bcda-60856d63e0e2,660688,Keibert Ruiz,,,,Groundout,field_out,,True,1B,3,False,False,False,False,
777909,4,5,b040da01-7273-30aa-881e-af7d403a2754,657077,Alex Verdugo,,,,Flyout,field_out,,True,1B,1,False,False,False,False,
777909,5,0,f51dc956-aa94-308f-9a80-39300b11a0a9,686948,Drake Baldwin,,,,Groundout,field_out,,True,1B,2,False,False,False,False,
777909,6,3,370c2e5e-75d8-3360-a18e-882d329b8c0d,542303,Marcell Ozuna,,,,Lineout,field_out,,True,1B,3,False,False,False,False,
777909,7,5,648d5cb5-1637-3770-b998-c75aa46ddd25,663993,Nathaniel Lowe,,,1B,Walk,walk,,False,,,False,False,False,False,
777909,8,5,6de88e2e-2708-3a4f-a769-99ca479393cd,605137,Josh Bell,,,,Strikeout,strikeout,,True,1B,1,False,False,False,False,
777909,9,3,c98af619-b125-315e-9059-cf2170bbc9c8,669743,Alex Call,,,2B,Double,double,,False,,,False,False,False,False,
777909,9,3,c98af619-b125-315e-9059-cf2170bbc9c8,663993,Nathaniel Lowe,1B,1B,3B,Double,double,r_adv_force,False,,,False,False,False,False,
777909,10,9,8e4c54a2-804c-3f66-ac1e-bc3c58395247,677588,José Tena,,,1B,Walk,walk,,False,,,False,False,False,False,
777909,11,1,60af9f45-382a-3da5-b26b-61570e9f654f,677588,José Tena,1B,1B,,Grounded Into DP,grounded_into_double_play,r_force_out,True,2B,2,False,False,False,False,
777909,11,1,60af9f45-382a-3da5-b26b-61570e9f654f,696285,Jacob Young,,,,Grounded Into DP,grounded_into_double_play,,True,1B,3,False,False,False,False,
777909,12,3,6224f679-f3c6-35a8-9d1a-b16651c61fb2,621566,Matt Olson,,,,Strikeout,strikeout,,True,1B,1,False,False,False,False,
777909,13,5,d2354a30-fe75-372d-9e1e-c46c21b17675,663586,Austin Riley,,,,Strikeout,strikeout,,True,1B,2,False,False,False,False,
777909,14,1,591178d5-3232-35d8-aa16-d6f962594882,671739,Michael Harris II,,,,Pop Out,field_out,,True,1B,3,False,False,False,False,
777909,15,3,31f71783-5cc2-3d08-ba2f-114f28dab326,682928,CJ Abrams,,,,Strikeout,strikeout,,True,1B,1,False,False,False,False,
777909,16,3,3e0e6244-0a07-36e8-8801-683bef8042cc,642708,Amed Rosario,,,,Groundout,field_out,,True,1B,2,False,False,False,False,
777909,17,5,77d41f4e-974c-35e9-89a3-90c493ba2d87,695578,James Wood,,,,Pop Out,field_out,,True,1B,3,False,False,False,False,
777909,18,3,8253427d-537a-3f9d-8fee-fa54b822147d,645277,Ozzie Albies,,,,Strikeout,strikeout,,True,1B,1,False,False,False,False,
777909,19,3,12479d72-c586-397a-a23b-5b1e6d6f86ce,642201,Eli White,,,1B,Field Error,field_error,,False,,,False,False,False,False,
777909,20,5,fe5c0af9-1a63-3c28-ae84-9a1f6d7fe426,642201,Eli White,1B,1B,2B,Stolen Base 2B,stolen_base_2b,r_stolen_base_2b,False,,,False,False,False,False,
777909,20,6,12ee15eb-6d90-3b00-9975-d0346995ffba,669397,Nick Allen,,,1B,Single,single,,False,,,False,False,False,False,
777909,20,6,12ee15eb-6d90-3b00-9975-d0346995ffba,642201,Eli White,2B,2B,score,Single,single,r_adv_play,False,,,True,True,False,True,592866
777909,21,4,5773862e-f6fe-3946-8aed-f21bfc2d8484,657077,Alex Verdugo,,,,Flyout,field_out,,True,1B,2,False,False,False,False,
777909,22,3,2d4c3b37-e20c-34bb-babb-0e8680a9a21b,686948,Drake Baldwin,,,1B,Single,single,,False,,,False,False,False,False,
777909,22,3,2d4c3b37-e20c-34bb-babb-0e8680a9a21b,669397,Nick Allen,1B,1B,2B,Single,single,r_adv_force,False,,,False,False,False,False,
777909,23,7,37c55a5f-dd3b-30c9-a759-2f229eeacd5d,542303,Marcell Ozuna,,,,Groundout,field_out,,True,1B,3,False,False,False,False,
777909,24,7,1161e71e-590e-383b-b82d-707c7f57c353,660688,Keibert Ruiz,,,,Flyout,field_out,,True,1B,1,False,False,False,False,
777909,25,3,4070d220-db80-3ec5-a3b6-59e6e1b461e2,663993,Nathaniel Lowe,,,,Lineout,field_out,,True,1B,2,False,False,False,False,
777909,26,0,8ae72dda-ed80-3661-8a77-1183261c7cf7,605137,Josh Bell,,,,Groundout,field_out,,True,1B,3,False,False,False,False,
777909,27,1,2e238019-1728-3409-97c0-cd3eb4e313c6,621566,Matt Olson,,,,Pop Out,field_out,,True,1B,1,False,False,False,False,
777909,28,3,11414477-6d92-3a52-9326-861f5180e639,663586,Austin Riley,,,,Flyout,field_out,,True,1B,2,False,False,False,False,
777909,29,5,51b6514e-e1a0-3865-8a76-714403c4e72f,671739,Michael Harris II,,,,Strikeout,strikeout,,True,1B,3,False,False,False,False,
777909,30,0,ca1897c0-be50-383c-a51c-ad44b7e8d739,669743,Alex Call,,,,Groundout,field_out,,True,1B,1,False,False,False,False,
777909,31,4,8c8e66b7-6707-3fa4-a941-3e3cabd85846,677588,José Tena,,,,Lineout,field_out,,True,1B,2,False,False,False,False,
777909,32,3,b4e5f04e-85e2-31fa-a4cb-01cbb34e2624,696285,Jacob Young,,,,Groundout,field_out,,True,1B,3,False,False,False,False,
777909,33,2,badca23a-aaec-3415-a247-e3176c526d5e,645277,Ozzie Albies,,,1B,Hit By Pitch,hit_by_pitch,,False,,,False,False,False,False,
777909,34,1,678a414b-9694-31fe-a903-0f90bc3d1fc9,642201,Eli White,,,,Flyout,field_out,,True,1B,1,False,False,False,False,
777909,35,6,70a958e4-ea35-36cf-8340-1e7626127087,669397,Nick Allen,,,1B,Single,single,,False,,,False,False,False,False,
777909,35,6,70a958e4-ea35-36cf-8340-1e7626127087,645277,Ozzie Albies,1B,1B,2B,Single,single,r_adv_force,False,,,False,False,False,False,
777909,35,6,70a958e4-ea35-36cf-8340-1e7626127087,645277,Ozzie Albies,1B,2B,3B,Single,single,r_adv_play,False,,,False,False,False,False,
777909,36,2,ee3f0f40-53b3-344c-a5c2-05377ba104b5,657077,Alex Verdugo,,,1B,Single,single,,False,,,False,False,False,False,
777909,36,2,ee3f0f40-53b3-344c-a5c2-05377ba104b5,669397,Nick Allen,1B,1B,2B,Single,single,r_adv_force,False,,,False,False,False,False,
777909,36,2,ee3f0f40-53b3-344c-a5c2-05377ba104b5,669397,Nick Allen,1B,2B,3B,Single,single,r_adv_play,False,,,False,False,False,False,
777909,36,2,ee3f0f40-53b3-344c-a5c2-05377ba104b5,645277,Ozzie Albies,3B,3B,score,Single,single,r_adv_play,False,,,True,True,True,False,592866
777909,37,5,7f81ffe7-81f5-325e-889b-9dc8ae4eab25,686948,Drake Baldwin,,,1B,Single,single,,False,,,False,False,False,False,
777909,37,5,7f81ffe7-81f5-325e-889b-9dc8ae4eab25,657077,Alex Verdugo,1B,1B,2B,Single,single,r_adv_force,False,,,False,False,False,False,
777909,37,5,7f81ffe7-81f5-325e-889b-9dc8ae4eab25,657077,Alex Verdugo,1B,2B,3B,Single,single,r_adv_play,False,,,False,False,False,False,
777909,37,5,7f81ffe7-81f5-325e-889b-9dc8ae4eab25,669397,Nick Allen,3B,3B,score,Single,single,r_adv_play,False,,,True,True,True,False,592866
777909,38,7,b7516712-f04c-3e92-aba2-8018df6265af,542303,Marcell Ozuna,,,,Sac Fly,sac_fly,,True,1B,2,False,False,False,False,
777909,38,7,b7516712-f04c-3e92-aba2-8018df6265af,657077,Alex Verdugo,3B,3B,score,Sac Fly,sac_fly,r_adv_play,False,,,True,True,True,False,592866
777909,39,2,2eb68546-1503-33dc-a56c-43bec066db12,621566,Matt Olson,,,,Groundout,field_out,,True,1B,3,False,False,False,False,
777909,40,1,96626f67-830e-30ed-bd7c-b085884b212d,682928,CJ Abrams,,,1B,Single,single,,False,,,False,False,False,False,
777909,41,3,bc53c501-7ecb-342e-a690-b20540f91576,642708,Amed Rosario,,,,Strikeout,strikeout,,True,1B,1,False,False,False,False,
777909,42,4,1065fca6-fead-3382-9669-f79ee0c6c2c2,682928,CJ Abrams,1B,1B,2B,Stolen Base 2B,stolen_base_2b,r_stolen_base_2b,False,,,False,False,False,False,
777909,42,7,7e4c3ce5-d398-3fb9-83d1-eacc880c39c1,695578,James Wood,,,,Strikeout,strikeout,,True,1B,2,False,False,False,False,
777909,43,1,e43e3fbc-f984-3451-b734-95495cfbd617,660688,Keibert Ruiz,,,1B,Field Error,field_error,,False,,,False,False,False,False,
777909,43,1,e43e3fbc-f984-3451-b734-95495cfbd617,682928,CJ Abrams,2B,2B,score,Field Error,field_error,r_adv_play,False,,,True,False,False,True,700363
777909,44,5,261349e8-f69a-318c-bc66-07f7c74a641b,663993,Nathaniel Lowe,,,,Groundout,field_out,,True,1B,3,False,False,False,False,
777909,45,2,b2220641-6d7f-380a-91f9-5ce4cc37f6bf,663586,Austin Riley,,,,Groundout,field_out,,True,1B,1,False,False,False,False,
777909,46,2,3fa253f0-a228-3f6a-9f2f-bf554008b224,671739,Michael Harris II,,,,Lineout,field_out,,True,1B,2,False,False,False,False,
777909,47,0,c54fa8b5-533d-3f3d-8cf3-d6b6bc599fe2,645277,Ozzie Albies,,,1B,Single,single,,False,,,False,False,False,False,
777909,48,3,764aaa86-089e-3c95-8a71-e7a2cf64ec69,642201,Eli White,,,,Strikeout,strikeout,,True,1B,3,False,False,False,False,
777909,49,5,8dd4a8bb-a91f-394e-a37b-fd153d1cb245,605137,Josh Bell,,,1B,Walk,walk,,False,,,False,False,False,False,
777909,50,5,0e9806f4-acc2-3c7e-a2d6-8d9c397de90e,669743,Alex Call,,,,Flyout,field_out,,True,1B,1,False,False,False,False,
777909,51,1,005742ef-2702-3277-aa7e-b564c6ddd58f,677588,José Tena,,,,Groundout,field_out,,True,1B,2,False,False,False,False,
777909,51,1,005742ef-2702-3277-aa7e-b564c6ddd58f,605137,Josh Bell,1B,1B,2B,Groundout,field_out,r_adv_force,False,,,False,False,False,False,
777909,52,2,986e098c-20f3-3b6c-931e-ba5f6e777c3d,696285,Jacob Young,,,,Groundout,field_out,,True,1B,3,False,False,False,False,
777909,53,4,f51e9454-7fff-36ca-a620-6368b09e6cfb,669397,Nick Allen,,,1B,Walk,walk,,False,,,False,False,False,False,
777909,54,3,899e030e-8d22-30b2-a63c-13cb12fb56c1,657077,Alex Verdugo,,,,Lineout,field_out,,True,1B,1,False,False,False,False,
777909,55,5,d76fc8e5-04b0-3c90-99c3-aeae66854ce6,686948,Drake Baldwin,,,1B,Single,single,,False,,,False,False,False,False,
777909,55,5,d76fc8e5-04b0-3c90-99c3-aeae66854ce6,669397,Nick Allen,1B,1B,2B,Single,single,r_adv_force,False,,,False,False,False,False,
777909,56,7,b71afd43-6c6f-34a8-a888-89ecfd9e29d9,542303,Marcell Ozuna,,,,Strikeout,strikeout,,True,1B,2,False,False,False,False,
777909,57,7,e050ee60-7c80-36ba-871c-a5736a0abbe2,621566,Matt Olson,,,,Lineout,field_out,,True,1B,3,False,False,False,False,
777909,58,3,ef954037-d8cb-39d6-b926-1488683c54d2,682928,CJ Abrams,,,score,Home Run,home_run,,False,,,True,True,True,False,669276
777909,59,4,ec7bc80a-7ce0-3a2a-b566-c873bf49b518,642708,Amed Rosario,,,1B,Single,single,,False,,,False,False,False,False,
777909,60,1,fa5fc078-878d-3582-bc47-49da02f365fe,642708,Amed Rosario,1B,1B,,Grounded Into DP,grounded_into_double_play,r_force_out,True,2B,1,False,False,False,False,
777909,60,1,fa5fc078-878d-3582-bc47-49da02f365fe,695578,James Wood,,,,Grounded Into DP,grounded_into_double_play,,True,1B,2,False,False,False,False,
777909,61,2,8cb551e6-d1b0-3f9e-86d0-61ecbf566392,660688,Keibert Ruiz,,,2B,Double,double,,False,,,False,False,False,False,
777909,62,0,98659179-1ed0-3639-b801-eea4a8e0f4dc,663993,Nathaniel Lowe,,,,Groundout,field_out,,True,1B,3,False,False,False,False,
777909,63,3,72236fb6-95ec-391f-a6ef-e738a7222ce9,663586,Austin Riley,,,2B,Double,double,,False,,,False,False,False,False,
777909,64,1,077b6b3e-7f81-31b5-a27f-e438779273d6,671739,Michael Harris II,,,,Groundout,field_out,,True,1B,1,False,False,False,False,
777909,64,1,077b6b3e-7f81-31b5-a27f-e438779273d6,663586,Austin Riley,2B,2B,3B,Groundout,field_out,r_adv_play,False,,,False,False,False,False,
777909,65,5,1e7b4c7e-ca8d-3ddf-b7ee-a5e2f6a30b84,645277,Ozzie Albies,,,,Strikeout,strikeout,,True,1B,2,False,False,False,False,
777909,66,6,8c565e1e-57a2-3d85-9a09-14514a1a45f7,642201,Eli White,,,1B,Single,single,,False,,,False,False,False,False,
777909,66,6,8c565e1e-57a2-3d85-9a09-14514a1a45f7,663586,Austin Riley,3B,3B,score,Single,single,r_adv_play,False,,,True,True,True,False,605347
777909,67,4,df03d7d6-8ee1-3b43-90a9-d4cd577d9752,669397,Nick Allen,,,,Flyout,field_out,,True,1B,3,False,False,False,False,
777909,68,6,3d73fa32-ed41-3bd3-b542-0f54bce476d4,605137,Josh Bell,,,1B,Single,single,,False,,,False,False,False,False,
777909,69,1,26f5e6ce-8657-36bb-af22-a0cbc6a7073f,605137,Josh Bell,1B,1B,,Forceout,force_out,r_force_out,True,2B,1,False,False,False,False,
777909,69,1,26f5e6ce-8657-36bb-af22-a0cbc6a7073f,669743,Alex Call,,,1B,Forceout,force_out,,False,,,False,False,False,False,
777909,70,1,129ba195-7a6f-3eb0-9112-75d61e362885,669743,Alex Call,1B,1B,,Grounded Into DP,grounded_into_double_play,r_force_out,True,2B,2,False,False,False,False,
777909,70,1,129ba195-7a6f-3eb0-9112-75d61e362885,677588,José Tena,,,,Grounded Into DP,grounded_into_double_play,,True,1B,3,False,False,False,False,
777911,0,3,ea5f4db7-142d-354e-9c7b-fb80e54ab5b4,621439,Byron Buxton,,,,Pop Out,field_out,,True,1B,1,False,False,False,False,
777911,1,5,a9c58801-e7f2-391e-9b65-46faf6be6d53,663616,Trevor Larnach,,,,Flyout,field_out,,True,1B,2,False,False,False,False,
777911,2,2,1abfad7b-91ee-39c1-bad0-bcdf049eb66c,680777,Ryan Jeffers,,,,Pop Out,field_out,,True,1B,3,False,False,False,False,
777911,3,2,a0e7904e-3154-36be-9d1b-3f3190d3e733,702616,Jackson Holliday,,,1B,Single,single,,False,,,False,False,False,False,
777911,4,4,7d5608d4-140a-3b37-8b5b-a51c4641329e,702616,Jackson Holliday,1B,1B,,Grounded Into DP,grounded_into_double_play,r_force_out,True,2B,1,False,False,False,False,
777911,4,4,7d5608d4-140a-3b37-8b5b-a51c4641329e,663624,Ryan Mountcastle,,,,Grounded Into DP,grounded_into_double_play,,True,1B,2,False,False,False,False,
777911,5,3,a726ff08-6fe0-3d74-9d64-45a7c5216241,683002,Gunnar Henderson,,,,Pop Out,field_out,,True,1B,3,False,False,False,False,
777911,6,8,b20dfcfb-48d7-3184-8167-5bc609929a11,686797,Brooks Lee,,,,Lineout,field_out,,True,1B,1,False,False,False,False,
777911,7,6,5dcca9e1-6b1e-343f-8c32-a3e2c061c4cb,621043,Carlos Correa,,,,Groundout,field_out,,True,1B,2,False,False,False,False,
777911,8,7,5b886db1-1a70-3735-afcb-171189089471,650489,Willi Castro,,,,Flyout,field_out,,True,1B,3,False,False,False,False,
777911,9,4,fa9fd4e2-4b4d-38f4-89a1-ea6e2213833c,668939,Adley Rutschman,,,,Pop Out,field_out,,True,1B,1,False,False,False,False,
777911,10,3,03ea6987-dcc0-3b1c-b1ef-f724b744192f,656811,Ryan O'Hearn,,,,Strikeout,strikeout,,True,1B,2,False,False,False,False,
777911,11,0,b2a6446a-83e0-3b70-a8e6-9a1eb1d16817,641933,Tyler O'Neill,,,,Lineout,field_out,,True,1B,3,False,False,False,False,
777911,12,1,20ba86c3-7a9e-3f88-bac3-cc9c42b44f36,668904,Royce Lewis,,,1B,Single,single,,False,,,False,False,False,False,
777911,13,5,229e8d36-565b-3511-8dbc-729dd502caea,665019,Kody Clemens,,,,Strikeout,strikeout,,True,1B,1,False,False,False,False,
777911,14,6,c5e8f9d3-4456-31a6-a4be-5019dead579c,680577,DaShawn Keirsey Jr.,,,score,Home Run,home_run,,False,,,True,True,True,False,608372
777911,14,6,c5e8f9d3-4456-31a6-a4be-5019dead579c,668904,Royce Lewis,1B,1B,score,Home Run,home_run,r_adv_force,False,,,True,True,True,False,608372
777911,15,0,31776876-d74d-3700-b902-4f246fe12e77,621439,Byron Buxton,,,score,Home Run,home_run,,False,,,True,True,True,False,608372
777911,16,4,e79d5283-e829-3cce-9394-1c4c319ff6a6,663616,Trevor Larnach,,,,Pop Out,field_out,,True,1B,2,False,False,False,False,
777911,17,3,96b89070-4d6d-3915-86a3-8b914a0d5034,680777,Ryan Jeffers,,,,Flyout,field_out,,True,1B,3,False,False,False,False,
777911,18,3,7ce2a224-4d78-3538-8f79-b27d502a106f,656775,Cedric Mullins,,,,Flyout,field_out,,True,1B,1,False,False,False,False,
777911,19,11,7dcfc32b-57e8-3cfa-a97c-3fd33aad5e33,656896,Emmanuel Rivera,,,1B,Walk,walk,,False,,,False,False,False,False,
777911,20,3,627e297c-e10f-3e2f-bcd0-82709b985de9,677008,Heston Kjerstad,,,,Grounded Into DP,grounded_into_double_play,,True,1B,2,False,False,False,False,
777911,20,3,627e297c-e10f-3e2f-bcd0-82709b985de9,656896,Emmanuel Rivera,1B,1B,,Grounded Into DP,grounded_into_double_play,r_force_out,True,2B,3,False,False,False,False,
777911,21,4,1efbdc08-7233-3b2e-813a-806c5bc281ae,686797,Brooks Lee,,,,Groundout,field_out,,True,1B,1,False,False,False,False,
777911,22,4,0478c1dd-fac6-369f-81a8-6a23fc1f2cd1,681146,Jonah Bride,,,2B,Double,double,,False,,,False,False,False,False,
777911,23,5,e69258f6-8f18-3cbb-8aa0-491b46658ab0,650489,Willi Castro,,,,Strikeout,strikeout,,True,1B,2,False,False,False,False,
777911,24,1,71edcf9c-53cc-343f-b7b6-4c6ac9028a7f,668904,Royce Lewis,,,,Pop Out,field_out,,True,1B,3,False,False,False,False,
777911,25,7,e26b1708-5415-3007-858b-6a38b1ce55c5,702616,Jackson Holliday,,,,Groundout,field_out,,True,1B,1,False,False,False,False,
777911,26,2,073aa8f1-612d-30e8-9cfd-e4492ee0297d,663624,Ryan Mountcastle,,,2B,Double,double,,False,,,False,False,False,False,
777911,26,2,073aa8f1-612d-30e8-9cfd-e4492ee0297d,663624,Ryan Mountcastle,,2B,,Runner Out,other_out,r_out_stretching,True,3B,2,False,False,False,False,
777911,27,6,7d90859e-7aba-31fe-b8ef-ecf7e75b5773,683002,Gunnar Henderson,,,,Flyout,field_out,,True,1B,3,False,False,False,False,
777911,28,4,d15e8bec-9a72-31e1-9b60-4268c0a5005e,665019,Kody Clemens,,,1B,Walk,walk,,False,,,False,False,False,False,
777911,29,1,2a594e7d-e1fc-3392-b9fb-a28693c89e81,665019,Kody Clemens,1B,1B,,Forceout,force_out,r_force_out,True,2B,1,False,False,False,False,
777911,29,1,2a594e7d-e1fc-3392-b9fb-a28693c89e81,680577,DaShawn Keirsey Jr.,,,1B,Forceout,force_out,,False,,,False,False,False,False,
777911,30,3,7154ba5d-c7c7-36b1-b592-3c5565d8c460,680577,DaShawn Keirsey Jr.,1B,1B,,Grounded Into DP,grounded_into_double_play,r_force_out,True,2B,2,False,False,False,False,
777911,30,3,7154ba5d-c7c7-36b1-b592-3c5565d8c460,664034,Ty France,,,,Grounded Into DP,grounded_into_double_play,,True,1B,3,False,False,False,False,
777911,31,3,6c59b1a7-e947-34c1-aca4-ceead2391c4c,668939,Adley Rutschman,,,1B,Hit By Pitch,hit_by_pitch,,False,,,False,False,False,False,
777911,32,1,2f9992ff-8e7e-3236-a086-bb9d50c74952,656811,Ryan O'Hearn,,,1B,Single,single,,False,,,False,False,False,False,
777911,32,1,2f9992ff-8e7e-3236-a086-bb9d50c74952,668939,Adley Rutschman,1B,1B,2B,Single,single,r_adv_force,False,,,False,False,False,False,
777911,33,3,f0ddc4f2-eb92-3adf-bc93-a9f5fa0cc86b,641933,Tyler O'Neill,,,,Strikeout,strikeout,,True,1B,1,False,False,False,False,
777911,34,6,ca59c7a0-ecae-3490-b1b5-a2d2de602689,656775,Cedric Mullins,,,,Strikeout,strikeout,,True,1B,2,False,False,False,False,
777911,35,1,a45ec54a-4e75-3888-b368-edf3e5811616,656896,Emmanuel Rivera,,,,Groundout,field_out,,True,1B,3,False,False,False,False,
777911,36,5,22af67d7-87d2-35ab-869a-57ecfb740547,663616,Trevor Larnach,,,,Groundout,field_out,,True,1B,1,False,False,False,False,
777911,37,5,c81ab95e-0217-3fe8-999c-78f2e42bb7e9,680777,Ryan Jeffers,,,,Strikeout,strikeout,,True,1B,2,False,False,False,False,
777911,38,3,9c1745e3-b2ae-30d8-9c6b-73c6c6b39a32,686797,Brooks Lee,,,,Flyout,field_out,,True,1B,3,False,False,False,False,
777911,39,7,68e5b22f-50c5-37cf-b9ca-562429a07588,677008,Heston Kjerstad,,,,Groundout,field_out,,True,1B,1,False,False,False,False,
777911,40,1,398b7661-539d-3bba-bbf4-f6061f591808,702616,Jackson Holliday,,,,Groundout,field_out,,True,1B,2,False,False,False,False,
777911,41,4,e88f3270-3de8-312e-b4fd-134d0f3fa984,663624,Ryan Mountcastle,,,,Lineout,field_out,,True,1B,3,False,False,False,False,
777911,42,4,9fd0172c-f915-36ac-b43f-4e93fba4e743,681146,Jonah Bride,,,,Groundout,field_out,,True,1B,1,False,False,False,False,
777911,43,4,9cc6cbd3-ac11-3175-9109-802b5dbd9337,650489,Willi Castro,,,2B,Double,double,,False,,,False,False,False,False,
777911,44,1,5e533441-80a0-3234-be58-9ef2ee4cb2ff,668904,Royce Lewis,,,1B,Single,single,,False,,,False,False,False,False,
777911,44,1,5e533441-80a0-3234-be58-9ef2ee4cb2ff,650489,Willi Castro,2B,2B,score,Single,single,r_adv_play,False,,,True,True,True,False,608372
777911,45,11,d5237bfb-fcff-3b06-809d-e21602fc844a,668904,Royce Lewis,1B,1B,2B,Walk,walk,r_adv_force,False,,,False,False,False,False,
777911,45,11,d5237bfb-fcff-3b06-809d-e21602fc844a,665019,Kody Clemens,,,1B,Walk,walk,,False,,,False,False,False,False,
777911,46,4,02ac4b5b-bd2f-3ea7-9bdc-0876fada9883,680577,DaShawn Keirsey Jr.,,,,Flyout,field_out,,True,1B,2,False,False,False,False,
777911,47,5,7cc63d03-8a79-3d56-bc57-dc6dde731f55,664034,Ty France,,,,Strikeout,strikeout,,True,1B,3,False,False,False,False,
777911,48,0,fc6798ff-2818-309d-9ec3-9e9e068e83d6,683002,Gunnar Henderson,,,,Groundout,field_out,,True,1B,1,False,False,False,False,
777911,49,5,cc69b244-0817-3ef7-b5e6-d0c576b8df45,668939,Adley Rutschman,,,,Groundout,field_out,,True,1B,2,False,False,False,False,
777911,50,3,7a98c3a4-75a3-36f5-b073-602417fb36f6,656811,Ryan O'Hearn,,,,Groundout,field_out,,True,1B,3,False,False,False,False,
777911,51,3,671420dd-d55a-3eca-8f46-911cd12e1f42,663616,Trevor Larnach,,,,Groundout,field_out,,True,1B,1,False,False,False,False,
777911,52,2,3f70b3a7-f453-3eac-94a9-c0400f6ad6d7,680777,Ryan Jeffers,,,,Groundout,field_out,,True,1B,2,False,False,False,False,
777911,53,2,11d099ed-5db3-304a-9f67-7f7b383e7e38,686797,Brooks Lee,,,,Groundout,field_out,,True,1B,3,False,False,False,False,
777911,54,5,a5561977-8bee-3eef-b5f1-a4f44c8e7404,641933,Tyler O'Neill,,,,Strikeout,strikeout,,True,1B,1,False,False,False,False,
777911,55,2,c69cf578-ad5a-3156-b9f1-e74718d3f758,656775,Cedric Mullins,,,2B,Double,double,,False,,,False,False,False,False,
777911,56,4,bab5ffa9-abd3-3b7b-a014-4f5ba19a045b,656896,Emmanuel Rivera,,,,Strikeout,strikeout,,True,1B,2,False,False,False,False,
777911,57,2,4a6008cc-27fe-3878-906c-bd496fa0ffa6,677008,Heston Kjerstad,,,1B,Hit By Pitch,hit_by_pitch,,False,,,False,False,False,False,
777911,58,2,012e6d2a-dbfc-3566-b593-e73eeafe9624,702616,Jackson Holliday,,,,Pop Out,field_out,,True,1B,3,False,False,False,False,
777911,59,7,d94d2494-e39d-3899-b218-45e9533d530f,681146,Jonah Bride,,,1B,Walk,walk,,False,,,False,False,False,False,
777911,60,2,fb423c1a-e3a7-31d4-baa6-e50e8afb6816,650489,Willi Castro,,,1B,Single,single,,False,,,False,False,False,False,
777911,60,2,fb423c1a-e3a7-31d4-baa6-e50e8afb6816,681146,Jonah Bride,1B,1B,2B,Single,single,r_adv_force,False,,,False,False,False,False,
777911,61,8,8229e4f5-0973-3ee3-8b5c-11221d65b603,668904,Royce Lewis,,,,Strikeout,strikeout,,True,1B,1,False,False,False,False,
777911,62,7,81bf6ad9-74e1-37cd-a203-7de8a08db067,665019,Kody Clemens,,,,Strikeout,strikeout,,True,1B,2,False,False,False,False,
777911,63,3,73b22631-1aa8-3f38-a22d-85dd7977474d,680577,DaShawn Keirsey Jr.,,,,Strikeout,strikeout,,True,1B,3,False,False,False,False,
777911,64,7,38121f75-dfd3-3954-a430-2401443cbb6b,663624,Ryan Mountcastle,,,,Flyout,field_out,,True,1B,1,False,False,False,False,
777911,65,2,d2d8d25d-18b2-37c1-acdc-787c9ebcd3cd,683002,Gunnar Henderson,,,,Groundout,field_out,,True,1B,2,False,False,False,False,
777911,66,6,79acf532-bcd9-3c98-9b49-ff896e254d7b,668939,Adley Rutschman,,,1B,Single,single,,False,,,False,False,False,False,
777911,67,8,f70f4d74-d498-3749-847b-77ffe97951d1,656811,Ryan O'Hearn,,,1B,Single,single,,False,,,False,False,False,False,
777911,67,8,f70f4d74-d498-3749-847b-77ffe97951d1,668939,Adley Rutschman,1B,1B,2B,Single,single,r_adv_force,False,,,False,False,False,False,
777911,68,5,8fa1ef2e-f23d-3e1a-b80d-e057155c6e98,641933,Tyler O'Neill,,,,Strikeout,strikeout,,True,1B,3,False,False,False,False,
777912,0,4,45fce42f-be23-3657-a631-b3afff69efec,678246,Miguel Vargas,,,,Groundout,field_out,,True,1B,1,False,False,False,False,
777912,1,2,ebe95320-bd69-3c82-8b7e-e7a23eeabde1,668942,Josh Rojas,,,,Strikeout,strikeout,,True,1B,2,False,False,False,False,
777912,2,6,8baa1269-f49a-3dc0-8aab-a547911fd6d1,673357,Luis Robert Jr.,,,,Strikeout,strikeout,,True,1B,3,False,False,False,False,
777912,3,4,12f72fa2-1bad-3e3c-a069-dc4813d485bc,666158,Gavin Lux,,,1B,Walk,walk,,False,,,False,False,False,False,
777912,4,3,5e55e776-e97f-33b9-ad42-6bed34ee8105,669289,Santiago Espinal,,,1B,Single,single,,False,,,False,False,False,False,
777912,4,3,5e55e776-e97f-33b9-ad42-6bed34ee8105,666158,Gavin Lux,1B,1B,2B,Single,single,r_adv_force,False,,,False,False,False,False,
777912,5,0,72d078b6-8b42-3de3-93a6-eef7ea831088,682829,Elly De La Cruz,,,1B,Single,single,,False,,,False,False,False,False,
777912,5,0,72d078b6-8b42-3de3-93a6-eef7ea831088,666158,Gavin Lux,2B,2B,3B,Single,single,r_adv_force,False,,,False,False,False,False,
777912,5,0,72d078b6-8b42-3de3-93a6-eef7ea831088,669289,Santiago Espinal,1B,1B,2B,Single,single,r_adv_force,False,,,False,False,False,False,
777912,6,1,c12f0993-6e39-309b-a37a-526f514bb5de,669720,Austin Hays,,,,Sac Fly,sac_fly,,True,1B,1,False,False,False,False,
777912,6,1,c12f0993-6e39-309b-a37a-526f514bb5de,669289,Santiago Espinal,2B,2B,3B,Sac Fly,sac_fly,r_adv_play,False,,,False,False,False,False,
777912,6,1,c12f0993-6e39-309b-a37a-526f514bb5de,682829,Elly De La Cruz,1B,1B,2B,Sac Fly,sac_fly,r_adv_play,False,,,False,False,False,False,
777912,6,1,c12f0993-6e39-309b-a37a-526f514bb5de,666158,Gavin Lux,3B,3B,score,Sac Fly,sac_fly,r_adv_play,False,,,True,True,True,False,669060
777912,7,0,8b02d48a-29ab-38f3-8974-548cff5a1593,668715,Spencer Steer,,,,Lineout,field_out,,True,1B,2,False,False,False,False,
777912,8,1,ac86c99e-99ee-3fcb-b9e4-986103ae17a6,666181,Will Benson,,,1B,Single,single,,False,,,False,False,False,False,
777912,8,1,ac86c99e-99ee-3fcb-b9e4-986103ae17a6,682829,Elly De La Cruz,2B,2B,score,Single,single,r_adv_play,False,,,True,True,True,False,669060
777912,8,1,ac86c99e-99ee-3fcb-b9e4-986103ae17a6,669289,Santiago Espinal,3B,3B,score,Single,single,r_adv_play,False,,,True,True,True,False,669060
777912,9,9,33265df6-6bfb-3dd8-ae45-f321489f1de1,663886,Tyler Stephenson,,,,Groundout,field_out,,True,1B,3,False,False,False,False,
777912,10,3,183cce2d-bec1-3f1f-a352-daefcf42dca6,683734,Andrew Vaughn,,,,Groundout,field_out,,True,1B,1,False,False,False,False,
777912,11,4,9494c765-3658-3eb6-a25c-cc22c6e1c47c,642136,Matt Thaiss,,,,Flyout,field_out,,True,1B,2,False,False,False,False,
777912,12,6,22f73be7-9835-33aa-ae3c-b52d2a5ca730,672820,Lenyn Sosa,,,,Groundout,field_out,,True,1B,3,False,False,False,False,
777912,13,3,63b6617d-4e05-3fd1-8501-1033d7aebd4c,680574,Matt McLain,,,,Flyout,field_out,,True,1B,1,False,False,False,False,
777912,14,1,b9b0c02d-20cc-3ebf-8331-e320f3709f31,656582,Connor Joe,,,,Groundout,field_out,,True,1B,2,False,False,False,False,
777912,15,4,90b8cab3-73e2-352f-93dc-f1ded071294a,666158,Gavin Lux,,,1B,Single,single,,False,,,False,False,False,False,
777912,16,1,d08e7d36-755d-3451-abf5-0820f59af7e3,669289,Santiago Espinal,,,,Lineout,field_out,,True,1B,3,False,False,False,False,
777912,17,4,18d16960-38c6-3900-8d57-87b1389c6e0a,641943,Joshua Palacios,,,,Groundout,field_out,,True,1B,1,False,False,False,False,
777912,18,1,7245131b-e598-3114-9b4c-76b4a740fcdb,681460,Brooks Baldwin,,,,Groundout,field_out,,True,1B,2,False,False,False,False,
777912,19,1,92c112bf-6531-3988-9352-71561f8d3aef,676070,Jacob Amaya,,,,Groundout,field_out,,True,1B,3,False,False,False,False,
777912,20,0,f7900030-3aef-3883-8182-2157b7d78648,682829,Elly De La Cruz,,,score,Home Run,home_run,,False,,,True,True,True,False,669060
777912,21,0,688e12ad-47d9-34f0-bc34-67d2971a6d18,669720,Austin Hays,,,,Lineout,field_out,,True,1B,1,False,False,False,False,
777912,22,3,82dc62b5-1ea6-3932-be92-89f9ebb2733d,668715,Spencer Steer,,,1B,Single,single,,False,,,False,False,False,False,
777912,23,4,d6142b46-9232-33a8-bbb3-b6115b3760d2,668715,Spencer Steer,1B,1B,2B,Pickoff Error 1B,pickoff_error_1b,r_pickoff_error_1b,False,,,False,False,False,False,
777912,23,7,dd607bbb-3f3d-390d-bf8f-fa9e5a27a248,666181,Will Benson,,,,Strikeout,strikeout,,True,1B,2,False,False,False,False,
777912,24,3,88660d2a-0271-3195-a334-0263ebae6e22,663886,Tyler Stephenson,,,,Strikeout,strikeout,,True,1B,3,False,False,False,False,
777912,25,2,11136f2b-8cd9-36ef-85a2-2ea42e644cea,678246,Miguel Vargas,,,,Lineout,field_out,,True,1B,1,False,False,False,False,
777912,26,5,e3d99580-e095-3488-a3ba-a140441a4897,668942,Josh Rojas,,,,Groundout,field_out,,True,1B,2,False,False,False,False,
777912,27,6,d896a113-d679-3927-a7a3-7c4d79a12385,673357,Luis Robert Jr.,,,,Lineout,field_out,,True,1B,3,False,False,False,False,
777912,28,3,8c1ddfae-c73b-36c8-9871-8302e49d6bda,680574,Matt McLain,,,2B,Double,double,,False,,,False,False,False,False,
777912,29,4,1f3a9d41-2abb-32cd-98c5-9c6b3867b8d1,656582,Connor Joe,,,1B,Single,single,,False,,,False,False,False,False,
777912,29,4,1f3a9d41-2abb-32cd-98c5-9c6b3867b8d1,680574,Matt McLain,2B,2B,3B,Single,single,r_adv_play,False,,,False,False,False,False,
777912,30,0,8452430e-3e93-34f1-b78d-2772b6f56ca9,656582,Connor Joe,1B,1B,,Forceout,force_out,r_force_out,True,2B,1,False,False,False,False,
777912,30,0,8452430e-3e93-34f1-b78d-2772b6f56ca9,680574,Matt McLain,3B,3B,score,Forceout,force_out,r_adv_play,False,,,True,True,True,False,669060
777912,30,0,8452430e-3e93-34f1-b78d-2772b6f56ca9,666158,Gavin Lux,,,1B,Forceout,force_out,,False,,,False,False,False,False,
777912,31,1,ff794f20-0c9c-3975-8ad7-9fff10ae329d,669289,Santiago Espinal,,,,Flyout,field_out,,True,1B,2,False,False,False,False,
777912,32,6,88a84e05-df50-3dfb-a21d-89a1f516218f,682829,Elly De La Cruz,,,,Strikeout,strikeout,,True,1B,3,False,False,False,False,
777912,33,5,b08eab6c-b936-3182-9979-5416a7c9e882,683734,Andrew Vaughn,,,,Strikeout,strikeout,,True,1B,1,False,False,False,False,
777912,34,7,5be5e6a6-d24e-3b2b-b868-5b1722a1cb6b,642136,Matt Thaiss,,,1B,Single,single,,False,,,False,False,False,False,
777912,35,2,a97f50d6-9f97-338a-b121-16137f918336,672820,Lenyn Sosa,,,,Flyout,field_out,,True,1B,2,False,False,False,False,
777912,36,0,b08d7287-0b60-3ee8-9856-5510d1679383,641943,Joshua Palacios,,,,Flyout,field_out,,True,1B,3,False,False,False,False,
777912,37,6,0b7ad816-99e4-30fa-90f2-c8a9724e1fa1,669720,Austin Hays,,,,Lineout,field_out,,True,1B,1,False,False,False,False,
777912,38,0,883025f1-38c4-3f5a-9ba1-91255648f846,668715,Spencer Steer,,,,Groundout,field_out,,True,1B,2,False,False,False,False,
777912,39,5,1d816a1c-b046-39c5-972c-e9fe125a40bb,666181,Will Benson,,,score,Home Run,home_run,,False,,,True,True,True,False,669060
777912,40,0,a52e8d79-d139-37c3-a074-e6253704a964,663886,Tyler Stephenson,,,,Flyout,field_out,,True,1B,3,False,False,False,False,
777912,41,4,f6e81e2c-6b00-3d7c-b902-2cebefb34209,681460,Brooks Baldwin,,,,Groundout,field_out,,True,1B,1,False,False,False,False,
777912,42,3,dcae1e34-c9f7-3a6f-8e52-b0c35f03eb00,676070,Jacob Amaya,,,,Lineout,field_out,,True,1B,2,False,False,False,False,
777912,43,3,f7d9b638-07ec-30ae-82d6-50bb0ed56e00,678246,Miguel Vargas,,,1B,Single,single,,False,,,False,False,False,False,
777912,44,4,e8342706-dadd-3296-a6ee-f7c416725bea,668942,Josh Rojas,,,,Flyout,field_out,,True,1B,3,False,False,False,False,
777912,45,2,d2f8e0c9-1f8d-3958-b70a-add35446feac,680574,Matt McLain,,,score,Home Run,home_run,,False,,,True,True,True,False,669060
777912,46,3,a474bfbd-4fd9-3a5f-b297-a73d7dabbd21,656582,Connor Joe,,,,Lineout,field_out,,True,1B,1,False,False,False,False,
777912,47,5,e34ec482-b4a7-3e54-9a59-fa838e964695,666158,Gavin Lux,,,1B,Single,single,,False,,,False,False,False,False,
777912,48,2,1d25de9e-4141-3def-97eb-a569e9dcf0f3,666158,Gavin Lux,1B,1B,,Grounded Into DP,grounded_into_double_play,r_force_out,True,2B,2,False,False,False,False,
777912,48,2,1d25de9e-4141-3def-97eb-a569e9dcf0f3,669289,Santiago Espinal,,,,Grounded Into DP,grounded_into_double_play,,True,1B,3,False,False,False,False,
777912,49,1,7b98c5ae-17cb-3c44-af75-51a0995c99e6,673357,Luis Robert Jr.,,,,Flyout,field_out,,True,1B,1,False,False,False,False,
777912,50,6,91efab22-91d0-3e2f-8c3f-eb26ea9a904a,683734,Andrew Vaughn,,,,Groundout,field_out,,True,1B,2,False,False,False,False,
777912,51,1,59b19850-88b0-3c84-b2ae-d1dfb4e5ad98,642136,Matt Thaiss,,,,Groundout,field_out,,True,1B,3,False,False,False,False,
777912,52,4,8956e2e2-3ba3-3f9a-b686-3803769c65cb,682829,Elly De La Cruz,,,,Flyout,field_out,,True,1B,1,False,False,False,False,
777912,53,0,6aa43f96-1bd9-32e0-b7d1-6d793bd6d56c,669720,Austin Hays,,,1B,Single,single,,False,,,False,False,False,False,
777912,54,2,0130249a-2257-3374-a076-ed6235acea1d,668715,Spencer Steer,,,,Strikeout,strikeout,,True,1B,2,False,False,False,False,
777912,55,5,b345b978-27d4-3d98-934b-4188083d2965,669720,Austin Hays,1B,1B,2B,Walk,walk,r_adv_force,False,,,False,False,False,False,
777912,55,5,b345b978-27d4-3d98-934b-4188083d2965,666181,Will Benson,,,1B,Walk,walk,,False,,,False,False,False,False,
777912,56,0,d080fb51-7ec0-3b4b-9bbc-cb1293428005,663886,Tyler Stephenson,,,,Flyout,field_out,,True,1B,3,False,False,False,False,
777912,57,1,bc00667c-d1a2-3667-8336-e990b28682fe,672820,Lenyn Sosa,,,,Groundout,field_out,,True,1B,1,False,False,False,False,
777912,58,1,a96b591f-6eff-3c41-99ac-b5d2a1b565c5,641943,Joshua Palacios,,,2B,Double,double,,False,,,False,False,False,False,
777912,59,4,ab950465-4c76-3c61-b8a7-1dbd33eb57cf,681460,Brooks Baldwin,,,1B,Walk,walk,,False,,,False,False,False,False,
777912,60,2,730df70d-c55b-3db1-8e9c-2a03024c0d47,681460,Brooks Baldwin,1B,1B,,Forceout,force_out,r_force_out,True,2B,2,False,False,False,False,
777912,60,2,730df70d-c55b-3db1-8e9c-2a03024c0d47,641943,Joshua Palacios,2B,2B,3B,Forceout,force_out,r_adv_play,False,,,False,False,False,False,
777912,60,2,730df70d-c55b-3db1-8e9c-2a03024c0d47,676070,Jacob Amaya,,,1B,Forceout,force_out,,False,,,False,False,False,False,
777912,61,2,bd40997f-1ea2-3d0e-84de-78a8f5166e04,678246,Miguel Vargas,,,1B,Single,single,,False,,,False,False,False,False,
777912,61,2,bd40997f-1ea2-3d0e-84de-78a8f5166e04,676070,Jacob Amaya,1B,1B,2B,Single,single,r_adv_force,False,,,False,False,False,False,
777912,61,2,bd40997f-1ea2-3d0e-84de-78a8f5166e04,676070,Jacob Amaya,1B,2B,3B,Single,single,r_adv_play,False,,,False,False,False,False,
777912,61,2,bd40997f-1ea2-3d0e-84de-78a8f5166e04,641943,Joshua Palacios,3B,3B,score,Single,single,r_adv_play,False,,,True,True,True,False,573124
777912,62,2,f7e938a8-3398-349e-a52a-7714e41f1c83,668942,Josh Rojas,,,,Strikeout,strikeout,,True,1B,3,False,False,False,False,
777912,63,6,73d5c29a-ad13-336e-9471-7999830e2e3e,680574,Matt McLain,,,1B,Walk,walk,,False,,,False,False,False,False,
777912,64,3,e1ab2a1c-36d6-31a2-aade-4dd6a7efa2cf,680574,Matt McLain,1B,1B,,Grounded Into DP,grounded_into_double_play,r_force_out,True,2B,1,False,False,False,False,
777912,64,3,e1ab2a1c-36d6-31a2-aade-4dd6a7efa2cf,656582,Connor Joe,,,,Grounded Into DP,grounded_into_double_play,,True,1B,2,False,False,False,False,
777912,65,5,64da425f-e782-3e96-a05d-ee183d73e7b5,642851,Austin Wynns,,,,Strikeout,strikeout,,True,1B,3,False,False,False,False,
777912,66,5,cf45163d-9319-3c27-aa95-16ed31004d21,671284,Tim Elko,,,,Strikeout,strikeout,,True,1B,1,False,False,False,False,
777912,67,6,24ed8278-6965-3832-b523-8dc1ec6d8b70,683734,Andrew Vaughn,,,,Strikeout,strikeout,,True,1B,2,False,False,False,False,
777912,68,1,f18801fc-6111-35fa-a405-c0ebdffc19dd,642136,Matt Thaiss,,,,Flyout,field_out,,True,1B,3,False,False,False,False,
777913,0,7,c9a4a323-d178-363e-b506-5bc27704c83f,666139,Josh Lowe,,,1B,Single,single,,False,,,False,False,False,False,
777913,1,0,0bba68f1-9eda-34f3-8ff9-7feecec84b38,664040,Brandon Lowe,,,score,Home Run,home_run,,False,,,True,True,True,False,592332
777913,1,0,0bba68f1-9eda-34f3-8ff9-7feecec84b38,666139,Josh Lowe,1B,1B,score,Home Run,home_run,r_adv_force,False,,,True,True,True,False,592332
777913,2,3,79d21468-12e5-3a50-b28d-e14bb5e08144,691406,Junior Caminero,,,,Strikeout,strikeout,,True,1B,1,False,False,False,False,
777913,3,5,74582778-236a-32d8-af5c-a4daef152029,666018,Jonathan Aranda,,,,Strikeout,strikeout,,True,1B,2,False,False,False,False,
777913,4,1,e6d75e37-e5ab-39c1-8bfe-45d434092e2b,670224,Kameron Misner,,,,Groundout,field_out,,True,1B,3,False,False,False,False,
777913,5,3,2b4fa89d-1f39-33a2-b6cc-679bcc75710a,666182,Bo Bichette,,,1B,Single,single,,False,,,False,False,False,False,
777913,6,3,82f6135e-e775-3904-97da-acceaee69fb2,666182,Bo Bichette,1B,1B,2B,Walk,walk,r_adv_force,False,,,False,False,False,False,
777913,6,3,82f6135e-e775-3904-97da-acceaee69fb2,665489,Vladimir Guerrero Jr.,,,1B,Walk,walk,,False,,,False,False,False,False,
777913,7,2,c80bf760-2e83-32ec-96b4-8028bd6cf025,623993,Anthony Santander,,,,Pop Out,field_out,,True,1B,1,False,False,False,False,
777913,7,2,c80bf760-2e83-32ec-96b4-8028bd6cf025,666182,Bo Bichette,2B,2B,3B,Pop Out,field_out,r_adv_play,False,,,False,False,False,False,
777913,8,2,05252eaa-4f6e-3a7b-a1be-5424fabad58c,665489,Vladimir Guerrero Jr.,1B,1B,,Grounded Into DP,grounded_into_double_play,r_force_out,True,2B,2,False,False,False,False,
777913,8,2,05252eaa-4f6e-3a7b-a1be-5424fabad58c,543807,George Springer,,,,Grounded Into DP,grounded_into_double_play,,True,1B,3,False,False,False,False,
777913,9,3,c34fa0df-acfc-3479-8f0f-61c292bcead6,676609,José Caballero,,,1B,Single,single,,False,,,False,False,False,False,
777913,10,1,6f11bd8c-b121-3e95-8dc9-cb1ca313c19d,670764,Taylor Walls,,,1B,Single,single,,False,,,False,False,False,False,
777913,10,1,6f11bd8c-b121-3e95-8dc9-cb1ca313c19d,676609,José Caballero,1B,1B,2B,Single,single,r_adv_force,False,,,False,False,False,False,
777913,11,0,59e0d08c-8c64-3a53-9eda-61669bdbe697,802415,Chandler Simpson,,,,Bunt Pop Out,field_out,,True,1B,1,False,False,False,False,
777913,12,6,9a34db17-81e3-3f26-a761-2e49baf1f904,676609,José Caballero,2B,2B,3B,Stolen Base 3B,stolen_base_3b,r_stolen_base_3b,False,,,False,False,False,False,
777913,12,6,9a34db17-81e3-3f26-a761-2e49baf1f904,670764,Taylor Walls,1B,1B,2B,Stolen Base 2B,stolen_base_2b,r_stolen_base_2b,False,,,False,False,False,False,
777913,12,7,14a42500-b773-326f-90d1-ce0b81ece063,643376,Danny Jansen,,,1B,Single,single,,False,,,False,False,False,False,
777913,12,7,14a42500-b773-326f-90d1-ce0b81ece063,670764,Taylor Walls,2B,2B,,Runner Out,other_out,r_thrown_out,True,4B,2,False,False,False,False,
777913,12,7,14a42500-b773-326f-90d1-ce0b81ece063,676609,José Caballero,3B,3B,score,Runner Out,other_out,r_adv_play,False,,,True,True,True,False,592332
777913,13,4,0833de4c-7751-3c0a-b581-5df5643d1075,666139,Josh Lowe,,,,Groundout,field_out,,True,1B,3,False,False,False,False,
777913,14,5,cde380c2-2963-3a3a-86e0-f45a325031d1,672386,Alejandro Kirk,,,,Lineout,field_out,,True,1B,1,False,False,False,False,
777913,15,5,fbad2f84-aa11-3a79-8868-612767682a2c,680718,Addison Barger,,,score,Home Run,home_run,,False,,,True,True,True,False,641793
777913,16,3,c3178fa0-beea-34bf-8d80-889c98e62d5e,676391,Ernie Clement,,,,Groundout,field_out,,True,1B,2,False,False,False,False,
777913,17,0,abcd36d2-a1ae-3e9d-ad4c-1cd26b26d93d,664702,Myles Straw,,,,Pop Out,field_out,,True,1B,3,False,False,False,False,
777913,18,4,8055f22b-a957-3a19-83f0-7269863b6e6f,664040,Brandon Lowe,,,,Groundout,field_out,,True,1B,1,False,False,False,False,
777913,19,6,b784fec9-94e4-3296-b77d-d426bfc3b78b,691406,Junior Caminero,,,,Lineout,field_out,,True,1B,2,False,False,False,False,
777913,20,6,d74170f9-3118-3d11-80a1-30315408a03b,666018,Jonathan Aranda,,,,Strikeout,strikeout,,True,1B,3,False,False,False,False,
777913,21,3,042b2d11-ba4f-3db7-a702-f7d8198ce290,664770,Nathan Lukes,,,,Strikeout,strikeout,,True,1B,1,False,False,False,False,
777913,22,3,e184f19a-9da2-387c-a425-82506389c63f,666182,Bo Bichette,,,,Strikeout,strikeout,,True,1B,2,False,False,False,False,
777913,23,3,dd9d16fb-af15-3a2e-bbae-2616a2cac6f6,665489,Vladimir Guerrero Jr.,,,score,Home Run,home_run,,False,,,True,True,True,False,641793
777913,24,0,d0bf9420-0955-33c7-87dc-87f3ec842446,623993,Anthony Santander,,,,Flyout,field_out,,True,1B,3,False,False,False,False,
777913,25,2,baa2f279-d393-363b-adb4-fd78c1dbeb8c,670224,Kameron Misner,,,score,Home Run,home_run,,False,,,True,True,True,False,592332
777913,26,3,311f2833-8c33-3edf-b243-a252dfbbfc1d,676609,José Caballero,,,,Groundout,field_out,,True,1B,1,False,False,False,False,
777913,27,0,ccc839d7-fbe1-38bd-a97d-56327456474f,670764,Taylor Walls,,,,Lineout,field_out,,True,1B,2,False,False,False,False,
777913,28,5,76585283-1fee-3c9a-8bae-61b0bfa55b60,802415,Chandler Simpson,,,,Strikeout,strikeout,,True,1B,3,False,False,False,False,
777913,29,2,daaa4a4e-e059-38af-bbc7-81146b757172,543807,George Springer,,,,Flyout,field_out,,True,1B,1,False,False,False,False,
777913,30,0,c1e0c35a-0887-301e-8a4d-140c7e898a89,672386,Alejandro Kirk,,,,Flyout,field_out,,True,1B,2,False,False,False,False,
777913,31,4,b46051cd-430f-3b62-96ee-f5d5c3ecebba,680718,Addison Barger,,,,Pop Out,field_out,,True,1B,3,False,False,False,False,
777913,32,4,e88a9226-83ef-3bb0-a000-5eec3940e2b2,643376,Danny Jansen,,,,Pop Out,field_out,,True,1B,1,False,False,False,False,
777913,33,2,28cd2481-ecdd-394e-aa08-da3131df7c41,666139,Josh Lowe,,,score,Home Run,home_run,,False,,,True,True,True,False,592332
777913,34,4,ad362ece-3c27-3531-a74f-f24de89b041c,664040,Brandon Lowe,,,,Strikeout,strikeout,,True,1B,2,False,False,False,False,
777913,35,4,41ba89ad-6195-3dfb-90e4-e88834a91663,691406,Junior Caminero,,,1B,Single,single,,False,,,False,False,False,False,
777913,36,4,0e15e0b3-ac44-3805-ab6a-7af1762d4b37,666018,Jonathan Aranda,,,,Strikeout,strikeout,,True,1B,3,False,False,False,False,
777913,37,3,28d43b24-a398-3ca7-9da1-32aee3973e6b,676391,Ernie Clement,,,,Pop Out,field_out,,True,1B,1,False,False,False,False,
777913,38,4,dcb0ee21-5ce9-38ea-bc27-2b0c71441a09,664702,Myles Straw,,,1B,Single,single,,False,,,False,False,False,False,
777913,39,1,816c9cb4-84b0-32dc-9bca-f1432084e2b2,664702,Myles Straw,1B,1B,,Grounded Into DP,grounded_into_double_play,r_force_out,True,2B,2,False,False,False,False,
777913,39,1,816c9cb4-84b0-32dc-9bca-f1432084e2b2,664770,Nathan Lukes,,,,Grounded Into DP,grounded_into_double_play,,True,1B,3,False,False,False,False,
777913,40,3,65d5128a-a707-3a32-b566-c64a1d2522d0,670224,Kameron Misner,,,,Groundout,field_out,,True,1B,1,False,False,False,False,
777913,41,5,540df80c-5262-3d95-8c12-a824389e0578,676609,José Caballero,,,2B,Double,double,,False,,,False,False,False,False,
777913,42,2,f23a2111-10e7-3154-ba9f-ecc96eacb0f4,670764,Taylor Walls,,,,Groundout,field_out,,True,1B,2,False,False,False,False,
777913,42,2,f23a2111-10e7-3154-ba9f-ecc96eacb0f4,676609,José Caballero,2B,2B,3B,Groundout,field_out,r_adv_play,False,,,False,False,False,False,
777913,43,3,1416529b-cfe0-379e-bae3-9b90548bd008,802415,Chandler Simpson,,,1B,Single,single,,False,,,False,False,False,False,
777913,43,3,1416529b-cfe0-379e-bae3-9b90548bd008,676609,José Caballero,3B,3B,score,Single,single,r_adv_play,False,,,True,True,True,False,592332
777913,44,4,91d8aa3a-dafb-3feb-bdd3-502c6feff724,643376,Danny Jansen,,,1B,Single,single,,False,,,False,False,False,False,
777913,44,4,91d8aa3a-dafb-3feb-bdd3-502c6feff724,802415,Chandler Simpson,1B,1B,2B,Single,single,r_adv_force,False,,,False,False,False,False,
777913,44,4,91d8aa3a-dafb-3feb-bdd3-502c6feff724,802415,Chandler Simpson,1B,2B,3B,Single,single,r_adv_play,False,,,False,False,False,False,
777913,45,0,673576c8-63a4-32ea-b08e-281f3966f6ca,666139,Josh Lowe,,,,Flyout,field_out,,True,1B,3,False,False,False,False,
777913,46,1,6482d896-c5fa-3518-94ca-c0e79587a087,666182,Bo Bichette,,,1B,Single,single,,False,,,False,False,False,False,
777913,47,4,f9ab8d77-04b8-3d7f-9e82-b9304b8ef0fc,665489,Vladimir Guerrero Jr.,,,,Flyout,field_out,,True,1B,1,False,False,False,False,
777913,48,3,b05b10ce-f001-3d70-a012-a04c2f5d76e8,666182,Bo Bichette,1B,1B,,Grounded Into DP,grounded_into_double_play,r_force_out,True,2B,2,False,False,False,False,
777913,48,3,b05b10ce-f001-3d70-a012-a04c2f5d76e8,623993,Anthony Santander,,,,Grounded Into DP,grounded_into_double_play,,True,1B,3,False,False,False,False,
777913,49,2,b84abaa6-a29e-3b7c-9041-325efa341648,664040,Brandon Lowe,,,1B,Single,single,,False,,,False,False,False,False,
777913,50,7,cbcc4cc2-0076-3c7f-ad9e-641db28ad1f5,691406,Junior Caminero,,,,Lineout,field_out,,True,1B,1,False,False,False,False,
777913,51,8,5300b3eb-c19a-3f76-8d7f-6c4000cfcf34,666018,Jonathan Aranda,,,,Strikeout,strikeout,,True,1B,2,False,False,False,False,
777913,52,5,039cbf79-e7a5-3046-844a-d8e71ddd5762,670224,Kameron Misner,,,,Strikeout,strikeout,,True,1B,3,False,False,False,False,
777913,53,0,26043c72-44bb-3969-9e95-42adb996a330,543807,George Springer,,,,Groundout,field_out,,True,1B,1,False,False,False,False,
777913,54,1,364eca3b-af22-3f2a-a6b0-a80168cf7a0d,672386,Alejandro Kirk,,,,Lineout,field_out,,True,1B,2,False,False,False,False,
777913,55,4,23727cc2-41d7-33da-899d-467d9d1146e3,680718,Addison Barger,,,1B,Single,single,,False,,,False,False,False,False,
777913,56,1,59f810eb-5de4-3429-bf57-44e115a51408,676391,Ernie Clement,,,,Flyout,field_out,,True,1B,3,False,False,False,False,
777913,57,3,011d353a-c2fe-3267-9915-8f5bcacc09a5,676609,José Caballero,,,,Strikeout,strikeout,,True,1B,1,False,False,False,False,
777913,58,2,c1ec4280-83a9-310f-a66b-117afc4ecedb,670764,Taylor Walls,,,,Flyout,field_out,,True,1B,2,False,False,False,False,
777913,59,3,10fbb50c-9a36-3251-8aab-60c512b9dc48,802415,Chandler Simpson,,,,Strikeout,strikeout,,True,1B,3,False,False,False,False,
777913,60,0,ee78d990-0000-3143-aad8-0093d51c5852,664702,Myles Straw,,,,Flyout,field_out,,True,1B,1,False,False,False,False,
777913,61,4,275eada6-e19b-3cc5-8d28-aa62b8142e4c,664770,Nathan Lukes,,,score,Home Run,home_run,,False,,,True,True,True,False,641793
777913,62,1,896ad33e-89dc-33a0-8bfd-12fb33d4aa01,666182,Bo Bichette,,,2B,Double,double,,False,,,False,False,False,False,
777913,63,6,f7484f26-db8b-362e-aca1-a9f26ab3d5d7,665489,Vladimir Guerrero Jr.,,,1B,Walk,walk,,False,,,False,False,False,False,
777913,64,3,6e8b19b0-498a-3d40-bc33-f4d2880e292c,623993,Anthony Santander,,,,Groundout,field_out,,True,1B,2,False,False,False,False,
777913,64,3,6e8b19b0-498a-3d40-bc33-f4d2880e292c,666182,Bo Bichette,2B,2B,3B,Groundout,field_out,r_adv_force,False,,,False,False,False,False,
777913,64,3,6e8b19b0-498a-3d40-bc33-f4d2880e292c,665489,Vladimir Guerrero Jr.,1B,1B,2B,Groundout,field_out,r_adv_force,False,,,False,False,False,False,
777913,65,5,fc6c0509-263d-304d-98af-d207544d55d1,543807,George Springer,,,,Flyout,field_out,,True,1B,3,False,False,False,False,
777913,66,5,f5cc42a2-02bd-3857-9379-155ef81c820f,643376,Danny Jansen,,,,Pop Out,field_out,,True,1B,1,False,False,False,False,
777913,67,0,14b3236b-4061-3d02-8c2b-8d9aa98ae1b9,666139,Josh Lowe,,,1B,Single,single,,False,,,False,False,False,False,
777913,68,1,762ee4cb-d3fb-3f24-abdf-7c9b7db8381c,666139,Josh Lowe,1B,1B,2B,Passed Ball,passed_ball,r_adv_play,False,,,False,False,False,False,
777913,68,5,02fbed08-493d-3a26-9ceb-e7e75659b15d,664040,Brandon Lowe,,,score,Home Run,home_run,,False,,,True,True,True,False,570632
777913,68,5,02fbed08-493d-3a26-9ceb-e7e75659b15d,666139,Josh Lowe,2B,2B,score,Home Run,home_run,r_adv_force,False,,,True,True,True,False,570632
777913,69,4,2baf09ab-4283-331c-9a73-f43082f7aa06,691406,Junior Caminero,,,1B,Walk,walk,,False,,,False,False,False,False,
777913,70,0,eea2bb5d-461d-32c5-90a4-9e76dba0c93f,666018,Jonathan Aranda,,,,Double Play,double_play,,True,1B,2,False,False,False,False,
777913,70,0,eea2bb5d-461d-32c5-90a4-9e76dba0c93f,691406,Junior Caminero,1B,1B,,Double Play,double_play,r_doubled_off,True,1B,3,False,False,False,False,
777913,71,7,2fbf7e4d-87a8-3e99-97f7-9bcffb49e8df,672386,Alejandro Kirk,,,,Groundout,field_out,,True,1B,1,False,False,False,False,
777913,72,4,f2af9c7b-accd-3e61-b10f-afb4079667c0,680718,Addison Barger,,,,Strikeout,strikeout,,True,1B,2,False,False,False,False,
777913,73,0,30422e5f-f6f5-347c-b761-a94f093977d9,676391,Ernie Clement,,,,Groundout,field_out,,True,1B,3,False,False,False,False,
777910,0,6,2585eaa8-713b-3e25-8ccb-88bed6ec84a7,665161,Jeremy Peña,,,,Strikeout,strikeout,,True,1B,1,False,False,False,False,
777910,1,0,9f4e8ee9-fa22-3064-a804-7139dedbf5b8,514888,Jose Altuve,,,,Pop Out,field_out,,True,1B,2,False,False,False,False,
777910,2,7,bbab2a90-cfb1-3251-828a-1b90a63c6f7c,670623,Isaac Paredes,,,,Groundout,field_out,,True,1B,3,False,False,False,False,
777910,3,3,4d62fcaa-8936-3437-aed3-85766017dc22,669701,Josh Smith,,,,Strikeout,strikeout,,True,1B,1,False,False,False,False,
777910,4,4,6b79fbc0-1f15-3635-bb49-2e2396be88d8,694671,Wyatt Langford,,,,Pop Out,field_out,,True,1B,2,False,False,False,False,
777910,5,1,353eda90-3579-359c-a48c-fcad3b360eab,592626,Joc Pederson,,,,Groundout,field_out,,True,1B,3,False,False,False,False,
777910,6,4,d0cd92cb-15b9-36df-b1c1-35735c8b93ca,572233,Christian Walker,,,,Pop Out,field_out,,True,1B,1,False,False,False,False,
777910,7,2,0bd7f3dc-0d9f-3c20-9586-904fb6b21c35,673237,Yainer Diaz,,,,Strikeout,strikeout,,True,1B,2,False,False,False,False,
777910,8,4,b2785985-9f83-3712-a1cf-e7fe968b2acf,605170,Victor Caratini,,,2B,Double,double,,False,,,False,False,False,False,
777910,9,8,6ea4648b-4361-36da-937f-69826b6dd34c,701305,Zach Dezenzo,,,1B,Walk,walk,,False,,,False,False,False,False,
777910,10,3,ad146b90-824e-3524-b3da-a1255e17fc92,676694,Jake Meyers,,,,Strikeout,strikeout,,True,1B,3,False,False,False,False,
777910,11,2,54a84585-66d5-3cd0-b43f-70007711be03,666969,Adolis García,,,,Lineout,field_out,,True,1B,1,False,False,False,False,
777910,12,4,9bfd3c87-5ea7-3979-92bd-9a995d8a3cb4,543760,Marcus Semien,,,,Strikeout,strikeout,,True,1B,2,False,False,False,False,
777910,13,0,afcc4239-31ad-3337-b4e9-699363508a92,673962,Josh Jung,,,,Groundout,field_out,,True,1B,3,False,False,False,False,
777910,14,0,cd2b00d5-da1e-321f-8d35-0434694bda22,643289,Mauricio Dubón,,,,Groundout,field_out,,True,1B,1,False,False,False,False,
777910,15,3,0582d28f-33cc-3370-8f5b-2cbe67a63e27,665161,Jeremy Peña,,,,Strikeout,strikeout,,True,1B,2,False,False,False,False,
777910,16,1,3ccabafd-b814-3289-b5aa-0e5180222768,514888,Jose Altuve,,,,Lineout,field_out,,True,1B,3,False,False,False,False,
777910,17,2,9dfda841-2363-3455-887f-7ad93b729e3c,694497,Evan Carter,,,,Strikeout,strikeout,,True,1B,1,False,False,False,False,
777910,18,0,53e6e681-f30a-364f-a4fc-ff0d9a9b521a,669394,Jake Burger,,,,Lineout,field_out,,True,1B,2,False,False,False,False,
777910,19,3,1b50c0a8-b0f0-325e-9532-7e73ea1ae3a5,641680,Jonah Heim,,,,Strikeout,strikeout,,True,1B,3,False,False,False,False,
777910,20,3,0cb1ebdf-fe98-371e-b1ea-ce81441b406b,670623,Isaac Paredes,,,,Flyout,field_out,,True,1B,1,False,False,False,False,
777910,21,1,8100c2c9-b7c8-3eee-9e8b-b25efa83cb0c,572233,Christian Walker,,,,Lineout,field_out,,True,1B,2,False,False,False,False,
777910,22,0,058b671e-f7a9-3ce5-b26b-9eb87bd6d956,673237,Yainer Diaz,,,1B,Single,single,,False,,,False,False,False,False,
777910,23,2,714be7f3-74f0-3358-a2b4-a59c4907d64c,605170,Victor Caratini,,,1B,Single,single,,False,,,False,False,False,False,
777910,23,2,714be7f3-74f0-3358-a2b4-a59c4907d64c,673237,Yainer Diaz,1B,1B,2B,Single,single,r_adv_force,False,,,False,False,False,False,
777910,24,4,d86ff7fa-e656-3270-94d4-86366958f310,701305,Zach Dezenzo,,,,Strikeout,strikeout,,True,1B,3,False,False,False,False,
777910,25,2,9d30152c-f499-3866-80ca-f7444e90bd37,669701,Josh Smith,,,,Lineout,field_out,,True,1B,1,False,False,False,False,
777910,26,2,dd856ac2-2004-30cd-b643-37be7f2d078d,694671,Wyatt Langford,,,,Flyout,field_out,,True,1B,2,False,False,False,False,
777910,27,6,79c4f253-07cd-3d11-8a31-4ec753f6a5dd,592626,Joc Pederson,,,,Lineout,field_out,,True,1B,3,False,False,False,False,
777910,28,3,7f16d825-85c6-32e5-b66e-5d8e3ac77c10,676694,Jake Meyers,,,,Lineout,field_out,,True,1B,1,False,False,False,False,
777910,29,1,3279b973-d736-363a-980a-18e1eb4747d5,643289,Mauricio Dubón,,,,Groundout,field_out,,True,1B,2,False,False,False,False,
777910,30,0,edb962b4-bc0c-36d6-bf49-51f28ddfcbf6,665161,Jeremy Peña,,,1B,Single,single,,False,,,False,False,False,False,
777910,31,2,95102150-4f26-34b9-81d9-2348e161d627,514888,Jose Altuve,,,,Strikeout,strikeout,,True,1B,3,False,False,False,False,
777910,32,4,37234086-1767-39b3-b0f2-942c8734e193,666969,Adolis García,,,2B,Double,double,,False,,,False,False,False,False,
777910,33,2,e175a3bf-2cf0-3be7-9b92-2109e2422dab,543760,Marcus Semien,,,,Strikeout,strikeout,,True,1B,1,False,False,False,False,
777910,34,7,f0037231-5383-3f7d-98d6-8e5c6315aa57,673962,Josh Jung,,,,Strikeout,strikeout,,True,1B,2,False,False,False,False,
777910,35,4,7226c7fc-3a8b-35a1-aaac-9c8614abeb30,694497,Evan Carter,,,,Pop Out,field_out,,True,1B,3,False,False,False,False,
777910,36,1,85733d3b-c5db-39bd-bda8-8a1f4e330f35,670623,Isaac Paredes,,,,Flyout,field_out,,True,1B,1,False,False,False,False,
777910,37,6,64706836-a66b-3416-b528-1bbefe4ebe43,572233,Christian Walker,,,,Strikeout,strikeout,,True,1B,2,False,False,False,False,
777910,38,0,abf0d3da-d551-387d-a06c-03ad239ed529,673237,Yainer Diaz,,,,Groundout,field_out,,True,1B,3,False,False,False,False,
777910,39,2,ef94412c-4523-3dc7-9d13-3fa1ff1773e1,669394,Jake Burger,,,score,Home Run,home_run,,False,,,True,True,True,False,686613
777910,40,5,1eff62e6-f382-30b6-b2ea-94f99f9b074b,641680,Jonah Heim,,,,Strikeout,strikeout,,True,1B,1,False,False,False,False,
777910,41,0,49972550-ae0a-37ec-9237-914ad456ff38,669701,Josh Smith,,,,Flyout,field_out,,True,1B,2,False,False,False,False,
777910,42,6,2326eefc-0e51-391d-bf41-1651e8c254f6,694671,Wyatt Langford,,,,Strikeout,strikeout,,True,1B,3,False,False,False,False,
777910,43,1,55b529d1-04f7-3910-9564-2e78a27a9d9a,605170,Victor Caratini,,,,Groundout,field_out,,True,1B,1,False,False,False,False,
777910,44,1,e0092eb6-6457-30f8-9b61-2e7a9908943d,701305,Zach Dezenzo,,,1B,Single,single,,False,,,False,False,False,False,
777910,45,5,30c43a3a-ce11-3969-94ba-21fc1651b12a,701305,Zach Dezenzo,1B,1B,,Forceout,force_out,r_force_out,True,2B,2,False,False,False,False,
777910,45,5,30c43a3a-ce11-3969-94ba-21fc1651b12a,676694,Jake Meyers,,,1B,Forceout,force_out,,False,,,False,False,False,False,
777910,45,5,30c43a3a-ce11-3969-94ba-21fc1651b12a,676694,Jake Meyers,,1B,2B,Error,error,r_adv_play,False,,,False,False,False,False,
777910,46,7,1bcd7954-ca77-3e64-aa64-2bbf58c12702,643289,Mauricio Dubón,,,,Lineout,field_out,,True,1B,3,False,False,False,False,
777910,47,2,cf9cb51e-409a-345d-97ce-5f5cd14dec8a,592626,Joc Pederson,,,,Groundout,field_out,,True,1B,1,False,False,False,False,
777910,48,4,4f94f671-dbf4-3250-8de6-d39a5aff90ed,666969,Adolis García,,,,Strikeout,strikeout,,True,1B,2,False,False,False,False,
777910,49,1,8cd566da-f7ff-3046-9642-c830b36c7ea3,543760,Marcus Semien,,,,Pop Out,field_out,,True,1B,3,False,False,False,False,
777910,50,0,5b31d5ac-e9a2-3aec-bd16-d2eee2e05869,665161,Jeremy Peña,,,,Groundout,field_out,,True,1B,1,False,False,False,False,
777910,51,4,5d1c494c-284c-3ce6-8a40-1788bc77b636,514888,Jose Altuve,,,,Groundout,field_out,,True,1B,2,False,False,False,False,
777910,52,2,a964c6db-1c79-36d9-8601-904c7c1f942e,670623,Isaac Paredes,,,,Pop Out,field_out,,True,1B,3,False,False,False,False,
777910,53,2,d14c3aa9-f15b-3257-b45f-c3ee155ac908,673962,Josh Jung,,,,Flyout,field_out,,True,1B,1,False,False,False,False,
777910,54,3,d41c57a8-a2f8-33bf-8f4a-e49ebe8c0c95,694497,Evan Carter,,,,Groundout,field_out,,True,1B,2,False,False,False,False,
777910,55,2,af972a3c-21c3-34d0-8d1f-510819368690,669394,Jake Burger,,,1B,Single,single,,False,,,False,False,False,False,
777910,56,1,8aa854f5-8130-3533-b9da-e7f218fd4272,641680,Jonah Heim,,,,Pop Out,field_out,,True,1B,3,False,False,False,False,
777910,57,6,038ead20-dd05-32b6-aba4-f92ca6f11690,572233,Christian Walker,,,,Flyout,field_out,,True,1B,1,False,False,False,False,
777910,58,0,be09723e-8479-3513-8412-fc9a75fc640d,673237,Yainer Diaz,,,,Pop Out,field_out,,True,1B,2,False,False,False,False,
777910,59,3,9e4979b9-c7fb-3d76-aec5-966b82c065f1,605170,Victor Caratini,,,1B,Walk,walk,,False,,,False,False,False,False,
777910,60,4,29000dbd-da52-3a91-9762-694ace3cdde6,701305,Zach Dezenzo,,,,Pop Out,field_out,,True,1B,3,False,False,False,False,
777946,0,8,ae2f1d5f-0478-35ac-bd53-69a9e2fc283a,805779,Jacob Wilson,,,1B,Walk,walk,,False,,,False,False,False,False,
777946,1,5,cbb5f2c1-5bef-38d1-b7cb-8e684739f647,805779,Jacob Wilson,1B,1B,2B,Walk,walk,r_adv_force,False,,,False,False,False,False,
777946,1,5,cbb5f2c1-5bef-38d1-b7cb-8e684739f647,691016,Tyler Soderstrom,,,1B,Walk,walk,,False,,,False,False,False,False,
777946,2,0,5411af73-d6b6-3499-a3ac-6969d7a54f8e,664913,Seth Brown,,,,Pop Out,field_out,,True,1B,1,False,False,False,False,
777946,3,1,9d1070df-8bc3-3cc1-b475-2a31cc2cba7f,667670,Brent Rooker,,,,Flyout,field_out,,True,1B,2,False,False,False,False,
777946,4,1,d6ca6f9d-12ef-3829-a74c-5cb23c9b2030,669127,Shea Langeliers,,,2B,Double,double,,False,,,False,False,False,False,
777946,4,1,d6ca6f9d-12ef-3829-a74c-5cb23c9b2030,805779,Jacob Wilson,2B,2B,score,Double,double,r_adv_force,False,,,True,True,True,False,669422
777946,4,1,d6ca6f9d-12ef-3829-a74c-5cb23c9b2030,691016,Tyler Soderstrom,1B,1B,3B,Double,double,r_adv_force,False,,,False,False,False,False,
777946,5,2,4aaeda4a-f510-3dd0-a544-b27e0a5f812c,671732,Lawrence Butler,,,,Groundout,field_out,,True,1B,3,False,False,False,False,
777946,6,6,0627bd2b-827a-317f-ada2-4be7a604021f,660271,Shohei Ohtani,,,,Strikeout,strikeout,,True,1B,1,False,False,False,False,
777946,7,4,bfad8958-2393-3f77-a8d3-abfe6a96f72c,605141,Mookie Betts,,,1B,Walk,walk,,False,,,False,False,False,False,
777946,8,9,6d7b2fe6-8534-3691-9cca-a3963fd9091d,605141,Mookie Betts,1B,1B,2B,Stolen Base 2B,stolen_base_2b,r_stolen_base_2b,False,,,False,False,False,False,
777946,8,11,40d62c19-1000-3154-8021-b42be47759ea,518692,Freddie Freeman,,,1B,Single,single,,False,,,False,False,False,False,
777946,8,11,40d62c19-1000-3154-8021-b42be47759ea,518692,Freddie Freeman,,1B,2B,Single,single,r_adv_throw,False,,,False,False,False,False,
777946,8,11,40d62c19-1000-3154-8021-b42be47759ea,605141,Mookie Betts,2B,2B,score,Single,single,r_adv_play,False,,,True,True,True,False,674370
777946,9,2,61b12ef5-cae8-35ac-8fc0-2d6bd8a7ecbe,571970,Max Muncy,,,score,Home Run,home_run,,False,,,True,True,True,False,674370
777946,9,2,61b12ef5-cae8-35ac-8fc0-2d6bd8a7ecbe,518692,Freddie Freeman,2B,2B,score,Home Run,home_run,r_adv_force,False,,,True,True,True,False,674370
777946,10,4,7a6ba9f5-5690-3dbd-8883-6b33477465ed,681624,Andy Pages,,,,Flyout,field_out,,True,1B,2,False,False,False,False,
777946,11,3,e376cc5a-95b7-3408-b520-795d4a9a6c97,624424,Michael Conforto,,,,Groundout,field_out,,True,1B,3,False,False,False,False,
777946,12,5,41fee509-8fc8-3dfd-b8e7-d142df252471,570482,Gio Urshela,,,,Strikeout,strikeout,,True,1B,1,False,False,False,False,
777946,13,10,774bc37e-5e91-385d-9774-e104e13ae2b0,701762,Nick Kurtz,,,,Groundout,field_out,,True,1B,2,False,False,False,False,
777946,14,2,b80171ce-5500-388a-a0dd-a9008ce59597,680474,Max Schuemann,,,score,Home Run,home_run,,False,,,True,True,True,False,669422
777946,15,1,c916d240-5d0b-3f02-a9bc-2e5de866d936,805779,Jacob Wilson,,,,Flyout,field_out,,True,1B,3,False,False,False,False,
777946,16,4,0cb9ffe6-47a7-35fd-a3d3-7d61969948ea,687221,Dalton Rushing,,,1B,Walk,walk,,False,,,False,False,False,False,
777946,17,3,c94a8772-3c60-302d-8e23-39d5b702b599,681546,James Outman,,,,Strikeout,strikeout,,True,1B,1,False,False,False,False,
777946,18,1,b3790e61-2f56-35ad-afa5-6d9493fb54ba,808975,Hyeseong Kim,,,1B,Single,single,,False,,,False,False,False,False,
777946,18,1,b3790e61-2f56-35ad-afa5-6d9493fb54ba,687221,Dalton Rushing,1B,1B,2B,Single,single,r_adv_force,False,,,False,False,False,False,
777946,18,1,b3790e61-2f56-35ad-afa5-6d9493fb54ba,687221,Dalton Rushing,1B,2B,3B,Single,single,r_adv_play,False,,,False,False,False,False,
777946,19,0,882944f5-dc2a-3f01-8e28-1091d722900d,660271,Shohei Ohtani,,,,Sac Fly,sac_fly,,True,1B,2,False,False,False,False,
777946,19,0,882944f5-dc2a-3f01-8e28-1091d722900d,687221,Dalton Rushing,3B,3B,score,Sac Fly,sac_fly,r_adv_play,False,,,True,True,True,False,674370
777946,20,3,c07d569d-1c12-3b01-854c-9c779fd053d6,808975,Hyeseong Kim,1B,1B,2B,Stolen Base 2B,stolen_base_2b,r_stolen_base_2b,False,,,False,False,False,False,
777946,20,7,71227d4f-0ee5-35de-9dce-de6220d90398,605141,Mookie Betts,,,1B,Single,single,,False,,,False,False,False,False,
777946,20,7,71227d4f-0ee5-35de-9dce-de6220d90398,808975,Hyeseong Kim,2B,2B,score,Single,single,r_adv_play,False,,,True,True,True,False,674370
777946,21,0,35eeb85d-cce2-346c-b732-bfc526bcee50,518692,Freddie Freeman,,,1B,Single,single,,False,,,False,False,False,False,
777946,21,0,35eeb85d-cce2-346c-b732-bfc526bcee50,605141,Mookie Betts,1B,1B,2B,Single,single,r_adv_force,False,,,False,False,False,False,
777946,21,0,35eeb85d-cce2-346c-b732-bfc526bcee50,605141,Mookie Betts,1B,2B,3B,Single,single,r_adv_play,False,,,False,False,False,False,
777946,22,4,00ddee86-b438-3824-9aa6-85309fa63b8c,571970,Max Muncy,,,1B,Single,single,,False,,,False,False,False,False,
777946,22,4,00ddee86-b438-3824-9aa6-85309fa63b8c,518692,Freddie Freeman,1B,1B,2B,Single,single,r_adv_force,False,,,False,False,False,False,
777946,22,4,00ddee86-b438-3824-9aa6-85309fa63b8c,518692,Freddie Freeman,1B,2B,3B,Single,single,r_adv_play,False,,,False,False,False,False,
777946,22,4,00ddee86-b438-3824-9aa6-85309fa63b8c,605141,Mookie Betts,3B,3B,score,Single,single,r_adv_play,False,,,True,True,True,False,674370
777946,23,2,e5178d03-84d6-371d-97f0-1e9d5bec2777,681624,Andy Pages,,,,Flyout,field_out,,True,1B,3,False,False,False,False,
777946,24,1,24ccb58e-458a-3998-867c-f4a81f37af5c,691016,Tyler Soderstrom,,,,Groundout,field_out,,True,1B,1,False,False,False,False,
777946,25,2,30d372a7-8f83-3a94-bf1c-ef53f699f40e,664913,Seth Brown,,,,Groundout,field_out,,True,1B,2,False,False,False,False,
777946,26,7,7713ef60-2b61-34ee-8509-a3e9b7559ff1,667670,Brent Rooker,,,,Strikeout,strikeout,,True,1B,3,False,False,False,False,
777946,27,2,cbe84be8-be3c-3ea2-b7b2-db699ba6dffd,624424,Michael Conforto,,,,Groundout,field_out,,True,1B,1,False,False,False,False,
777946,28,6,9b9af9c6-6524-3e0d-9219-18754a86deb6,687221,Dalton Rushing,,,1B,Single,single,,False,,,False,False,False,False,
777946,29,3,bdb925f1-a9c4-3dbc-bf35-cc72e9f4fb4c,687221,Dalton Rushing,1B,1B,2B,Walk,walk,r_adv_force,False,,,False,False,False,False,
777946,29,3,bdb925f1-a9c4-3dbc-bf35-cc72e9f4fb4c,681546,James Outman,,,1B,Walk,walk,,False,,,False,False,False,False,
777946,30,0,50752e03-048c-385f-b2fe-58a53196c791,808975,Hyeseong Kim,,,1B,Single,single,,False,,,False,False,False,False,
777946,30,0,50752e03-048c-385f-b2fe-58a53196c791,687221,Dalton Rushing,2B,2B,3B,Single,single,r_adv_force,False,,,False,False,False,False,
777946,30,0,50752e03-048c-385f-b2fe-58a53196c791,687221,Dalton Rushing,2B,3B,score,Single,single,r_adv_play,False,,,True,True,True,False,669920
777946,30,0,50752e03-048c-385f-b2fe-58a53196c791,681546,James Outman,1B,1B,2B,Single,single,r_adv_force,False,,,False,False,False,False,
777946,31,2,c6ef7b26-adf1-3cca-acfd-871f206a1679,660271,Shohei Ohtani,,,score,Home Run,home_run,,False,,,True,True,True,False,669920
777946,31,2,c6ef7b26-adf1-3cca-acfd-871f206a1679,681546,James Outman,2B,2B,score,Home Run,home_run,r_adv_force,False,,,True,True,True,False,669920
777946,31,2,c6ef7b26-adf1-3cca-acfd-871f206a1679,808975,Hyeseong Kim,1B,1B,score,Home Run,home_run,r_adv_force,False,,,True,True,True,False,669920
777946,32,3,81c9f93e-85fa-3953-bac1-ae911048d9e2,605141,Mookie Betts,,,1B,Walk,walk,,False,,,False,False,False,False,
777946,33,3,1a1904d5-db39-3187-980a-e308fbd167f3,518692,Freddie Freeman,,,,Flyout,field_out,,True,1B,2,False,False,False,False,
777946,34,6,48b7710f-8282-3565-bf3f-0d0bd4a0dda9,605141,Mookie Betts,1B,1B,2B,Walk,walk,r_adv_force,False,,,False,False,False,False,
777946,34,6,48b7710f-8282-3565-bf3f-0d0bd4a0dda9,571970,Max Muncy,,,1B,Walk,walk,,False,,,False,False,False,False,
777946,35,0,1634404c-6742-3c95-80bf-4bb46ec24706,681624,Andy Pages,,,score,Home Run,home_run,,False,,,True,True,True,False,669920
777946,35,0,1634404c-6742-3c95-80bf-4bb46ec24706,605141,Mookie Betts,2B,2B,score,Home Run,home_run,r_adv_force,False,,,True,True,True,False,669920
777946,35,0,1634404c-6742-3c95-80bf-4bb46ec24706,571970,Max Muncy,1B,1B,score,Home Run,home_run,r_adv_force,False,,,True,True,True,False,669920
777946,36,3,cd9c05d7-4168-362f-93ac-3b28a9c216aa,624424,Michael Conforto,,,2B,Double,double,,False,,,False,False,False,False,
777946,37,6,2f68c9fc-d9e6-3cc8-a8c2-e7e40ebf1fe8,687221,Dalton Rushing,,,,Strikeout,strikeout,,True,1B,3,False,False,False,False,
777946,38,10,6e746638-3668-3ef8-9b0a-4379abd34225,669127,Shea Langeliers,,,,Pop Out,field_out,,True,1B,1,False,False,False,False,
777946,39,0,e815794e-083b-3189-b347-ab087ca86e5a,671732,Lawrence Butler,,,,Groundout,field_out,,True,1B,2,False,False,False,False,
777946,40,6,34b3b05b-7f18-3be0-a339-38fb65253cf8,570482,Gio Urshela,,,,Groundout,field_out,,True,1B,3,False,False,False,False,
777946,41,5,d803e213-30d5-33f5-9959-a14aeef952ff,681546,James Outman,,,,Pop Out,field_out,,True,1B,1,False,False,False,False,
777946,42,4,1b0553f9-54d5-3b55-8905-d5730089f05c,808975,Hyeseong Kim,,,1B,Walk,walk,,False,,,False,False,False,False,
777946,43,4,a336d8be-253b-384c-b4e0-4a11bf7c91bb,660271,Shohei Ohtani,,,score,Home Run,home_run,,False,,,True,True,True,False,669920
777946,43,4,a336d8be-253b-384c-b4e0-4a11bf7c91bb,808975,Hyeseong Kim,1B,1B,score,Home Run,home_run,r_adv_force,False,,,True,True,True,False,669920
777946,44,4,38bfd2b8-4ec4-3983-9475-ef767f63a9e8,500743,Miguel Rojas,,,,Groundout,field_out,,True,1B,2,False,False,False,False,
777946,45,6,f691edd2-f70c-3631-a3f2-a4d1b913de84,571771,Enrique Hernández,,,,Groundout,field_out,,True,1B,3,False,False,False,False,
777946,46,6,b6c7fd32-2b6f-392f-9619-4eeec79eb176,701762,Nick Kurtz,,,,Strikeout,strikeout,,True,1B,1,False,False,False,False,
777946,47,3,0735479a-f369-3db0-9a9e-dee8fd98ebff,680474,Max Schuemann,,,1B,Walk,walk,,False,,,False,False,False,False,
777946,48,4,a95cb098-6216-3a0e-9cdc-939701aa110d,680474,Max Schuemann,1B,1B,,Grounded Into DP,grounded_into_double_play,r_force_out,True,2B,2,False,False,False,False,
777946,48,4,a95cb098-6216-3a0e-9cdc-939701aa110d,805779,Jacob Wilson,,,,Grounded Into DP,grounded_into_double_play,,True,1B,3,False,False,False,False,
777946,49,5,e25138e1-6dfc-3340-ae21-5a2c43591635,571970,Max Muncy,,,,Flyout,field_out,,True,1B,1,False,False,False,False,
777946,50,1,1e883715-5d50-343b-884b-e1f07d0c3f7f,621035,Chris Taylor,,,,Pop Out,field_out,,True,1B,2,False,False,False,False,
777946,51,4,b67195e6-c93a-38f9-8d53-58f1af59aeee,624424,Michael Conforto,,,,Strikeout,strikeout,,True,1B,3,False,False,False,False,
777946,52,2,64dec0e6-4ea0-37f2-8154-7f8e6d14fdaf,691016,Tyler Soderstrom,,,,Groundout,field_out,,True,1B,1,False,False,False,False,
777946,53,6,e993b138-08e6-318f-85de-57f7fdf92be9,664913,Seth Brown,,,,Strikeout,strikeout,,True,1B,2,False,False,False,False,
777946,54,0,5f58d2c8-2f31-3936-9674-3ecd6c685728,667670,Brent Rooker,,,,Groundout,field_out,,True,1B,3,False,False,False,False,
777946,55,1,e2f942f7-21aa-3213-bb6c-bea57f17a15e,687221,Dalton Rushing,,,,Flyout,field_out,,True,1B,1,False,False,False,False,
777946,56,1,b83ed203-4baf-3967-9bed-d9f54bcf775e,681546,James Outman,,,score,Home Run,home_run,,False,,,True,True,True,False,687765
777946,57,5,6ef513b7-6f52-361b-879b-e4c71d6c049c,808975,Hyeseong Kim,,,1B,Walk,walk,,False,,,False,False,False,False,
777946,58,2,50c925e5-9a2b-370d-bf4f-173bf763a305,808975,Hyeseong Kim,1B,1B,,Forceout,force_out,r_force_out,True,2B,2,False,False,False,False,
777946,58,2,50c925e5-9a2b-370d-bf4f-173bf763a305,660271,Shohei Ohtani,,,1B,Forceout,force_out,,False,,,False,False,False,False,
777946,59,2,db9133e6-a93c-3235-a03b-f2cc6e855656,500743,Miguel Rojas,,,,Groundout,field_out,,True,1B,3,False,False,False,False,
777946,60,0,4631b242-6c0a-3206-b1d5-c51772720670,669127,Shea Langeliers,,,1B,Single,single,,False,,,False,False,False,False,
777946,61,2,1a988636-e79c-392e-85bb-e187ff4463fc,671732,Lawrence Butler,,,,Strikeout,strikeout,,True,1B,1,False,False,False,False,
777946,62,2,a734e42a-57b7-3e95-93e6-cc2843af15a8,669127,Shea Langeliers,1B,1B,,Grounded Into DP,grounded_into_double_play,r_force_out,True,2B,2,False,False,False,False,
777946,62,2,a734e42a-57b7-3e95-93e6-cc2843af15a8,570482,Gio Urshela,,,,Grounded Into DP,grounded_into_double_play,,True,1B,3,False,False,False,False,
777946,63,2,964047fe-c115-3eb5-8567-c727f5fb0604,571771,Enrique Hernández,,,,Strikeout,strikeout,,True,1B,1,False,False,False,False,
777946,64,0,966ce46d-46f2-3d75-a6e2-a7a4f5c83dae,571970,Max Muncy,,,1B,Single,single,,False,,,False,False,False,False,
777946,65,1,ea0338cc-1a50-3401-a2a3-a1fb1a378e1d,621035,Chris Taylor,,,,Pop Out,field_out,,True,1B,2,False,False,False,False,
777946,66,3,59bf6e15-077c-36a6-b2a9-b0e2c048c8bf,624424,Michael Conforto,,,,Flyout,field_out,,True,1B,3,False,False,False,False,
777946,67,4,f4ab875c-3a22-361a-92af-dd589c9ff596,701762,Nick Kurtz,,,,Strikeout,strikeout,,True,1B,1,False,False,False,False,
777946,68,1,3d710767-0f48-3a9f-a1ce-619232d859e0,680474,Max Schuemann,,,,Groundout,field_out,,True,1B,2,False,False,False,False,
777946,69,5,b7a28dfe-efb8-3c4d-9759-e3fd10c7e190,805779,Jacob Wilson,,,,Groundout,field_out,,True,1B,3,False,False,False,False,
777946,70,3,53db3b71-4ce2-33e2-a538-964a8e259b3a,687221,Dalton Rushing,,,1B,Single,single,,False,,,False,False,False,False,
777946,71,0,21f127ce-45f7-3e15-92c2-2bf19c45eaec,681546,James Outman,,,1B,Single,single,,False,,,False,False,False,False,
777946,71,0,21f127ce-45f7-3e15-92c2-2bf19c45eaec,687221,Dalton Rushing,1B,1B,2B,Single,single,r_adv_force,False,,,False,False,False,False,
777946,72,6,c8eac5ab-b8bc-3476-861d-2c28c7db844a,808975,Hyeseong Kim,,,2B,Double,double,,False,,,False,False,False,False,
777946,72,6,c8eac5ab-b8bc-3476-861d-2c28c7db844a,687221,Dalton Rushing,2B,2B,score,Double,double,r_adv_force,False,,,True,True,True,False,640902
777946,72,6,c8eac5ab-b8bc-3476-861d-2c28c7db844a,681546,James Outman,1B,1B,3B,Double,double,r_adv_force,False,,,False,False,False,False,
777946,73,4,65fec0c3-f7db-3c3a-b4b5-0ca73bdb91b7,660271,Shohei Ohtani,,,,Strikeout,strikeout,,True,1B,1,False,False,False,False,
777946,74,1,33396eee-45c3-3fa0-a282-4a83fd407c5a,500743,Miguel Rojas,,,1B,Single,single,,False,,,False,False,False,False,
777946,74,1,33396eee-45c3-3fa0-a282-4a83fd407c5a,681546,James Outman,3B,3B,score,Single,single,r_adv_play,False,,,True,True,True,False,640902
777946,74,1,33396eee-45c3-3fa0-a282-4a83fd407c5a,808975,Hyeseong Kim,2B,2B,3B,Single,single,r_adv_play,False,,,False,False,False,False,
777946,75,3,4a948e7c-1f15-37d4-a70d-4bea102dc881,500743,Miguel Rojas,1B,1B,2B,Walk,walk,r_adv_force,False,,,False,False,False,False,
777946,75,3,4a948e7c-1f15-37d4-a70d-4bea102dc881,571771,Enrique Hernández,,,1B,Walk,walk,,False,,,False,False,False,False,
777946,76,4,cb2da2b3-4f78-3ed0-9b33-d0da3b7294c8,571970,Max Muncy,,,,Sac Fly,sac_fly,,True,1B,2,False,False,False,False,
777946,76,4,cb2da2b3-4f78-3ed0-9b33-d0da3b7294c8,808975,Hyeseong Kim,3B,3B,score,Sac Fly,sac_fly,r_adv_play,False,,,True,True,True,False,640902
777946,77,4,e58c5981-7167-3d32-a24f-fc00e1889cc7,500743,Miguel Rojas,2B,2B,,Forceout,force_out,r_force_out,True,3B,3,False,False,False,False,
777946,77,4,e58c5981-7167-3d32-a24f-fc00e1889cc7,621035,Chris Taylor,,,1B,Forceout,force_out,,False,,,False,False,False,False,
777946,78,2,8d5657e5-f83c-3f7c-acef-a9e3e5e8044c,691016,Tyler Soderstrom,,,,Strikeout,strikeout,,True,1B,1,False,False,False,False,
777946,79,4,2867d6d8-2aea-36e7-86e9-5dbd7711920e,664913,Seth Brown,,,,Groundout,field_out,,True,1B,2,False,False,False,False,
777946,80,7,83a560f2-55e3-32dd-9b47-b3e353809d0e,640902,Jhonny Pereda,,,,Groundout,field_out,,True,1B,3,False,False,False,False,
