gamePk,atBatIndex,playIndex,playId,runnerid,runnerfullName,originBase,start,end,event,eventType,movementReason,isOut,outBase,outNumber,isScoringEvent,rbi,earned,teamUnearned,responsiblepitcherid
777735,0,4,93fd2ebe-85cf-32a0-8a61-dbfe3378d5e2,645277,Ozzie Albies,,,1B,Single,single,,False,,,False,False,False,False,
777735,1,1,56e0622c-e067-3323-86c6-78d618d3f888,663586,Austin Riley,,,,Flyout,field_out,,True,1B,1,False,False,False,False,
777735,2,1,066430f3-45c3-356a-9e3d-9a89e7c41a7e,542303,Marcell Ozuna,,,,Groundout,field_out,,True,1B,2,False,False,False,False,
777735,3,7,3f8b470e-7596-38fb-aedd-52c008135981,621566,Matt Olson,,,,Strikeout,strikeout,,True,1B,3,False,False,False,False,
777735,4,3,31a732ce-f83e-3d09-b25c-6f2254fb9c4c,681082,Bryson Stott,,,,Flyout,field_out,,True,1B,1,False,False,False,False,
777735,5,2,14a1943d-29a9-3b16-8db6-03cfc0dfaaad,607208,Trea Turner,,,,Groundout,field_out,,True,1B,2,False,False,False,False,
777735,6,3,281456f3-3cb0-3612-9eda-d4f58fed77b0,656941,Kyle Schwarber,,,,Flyout,field_out,,True,1B,3,False,False,False,False,
777735,7,5,6361f9df-d082-3845-881b-b5a031926837,669221,Sean Murphy,,,1B,Walk,walk,,False,,,False,False,False,False,
777735,8,0,d2bb2082-4109-3fc6-b6f3-5244f14d28c7,642201,Eli White,,,,Lineout,field_out,,True,1B,1,False,False,False,False,
777735,9,7,d5c2f05e-eb44-3ad1-92c6-e6dc6357f929,669221,Sean Murphy,1B,1B,2B,Walk,walk,r_adv_force,False,,,False,False,False,False,
777735,9,7,d5c2f05e-eb44-3ad1-92c6-e6dc6357f929,656413,Stuart Fairchild,,,1B,Walk,walk,,False,,,False,False,False,False,
777735,10,3,6a0b0244-89fa-3eac-99d5-2709989d6ff7,671739,Michael Harris II,,,,Strikeout,strikeout,,True,1B,2,False,False,False,False,
777735,11,2,847d6813-41df-36d4-ae3c-2a2490681998,663897,Luke Williams,,,,Strikeout,strikeout,,True,1B,3,False,False,False,False,
777735,12,2,adbe1e0f-8e45-3318-a07b-3a78321c260c,664761,Alec Bohm,,,,Groundout,field_out,,True,1B,1,False,False,False,False,
777735,13,3,aec45d7d-7dbd-3e11-a9a2-643f664b5d0c,592206,Nick Castellanos,,,1B,Single,single,,False,,,False,False,False,False,
777735,14,0,d7180056-280b-309e-9dce-5dbb82858e4c,592206,Nick Castellanos,1B,1B,,Grounded Into DP,grounded_into_double_play,r_force_out,True,2B,2,False,False,False,False,
777735,14,0,d7180056-280b-309e-9dce-5dbb82858e4c,596146,Max Kepler,,,,Grounded Into DP,grounded_into_double_play,,True,1B,3,False,False,False,False,
777735,15,3,87428d79-1c56-3965-959a-94c0dbff6933,645277,Ozzie Albies,,,,Groundout,field_out,,True,1B,1,False,False,False,False,
777735,16,4,21afbf78-d6f8-3938-9417-4c4964617b2e,663586,Austin Riley,,,,Strikeout,strikeout,,True,1B,2,False,False,False,False,
777735,17,3,2f80ac3f-501c-3b05-bfbe-f4d805711b92,542303,Marcell Ozuna,,,1B,Single,single,,False,,,False,False,False,False,
777735,18,3,e9cfb22f-3324-341f-8ba2-91fbdf712d1c,621566,Matt Olson,,,,Groundout,field_out,,True,1B,3,False,False,False,False,
777735,19,3,74a6dd7d-e07a-32c8-ad38-0db6caa388ba,624641,Edmundo Sosa,,,,Strikeout,strikeout,,True,1B,1,False,False,False,False,
777735,20,6,c8a27f0b-ac83-3421-81ef-edb2b21752cf,669016,Brandon Marsh,,,1B,Walk,walk,,False,,,False,False,False,False,
777735,21,1,db52281e-80d2-31fe-a9ae-91f10270d18a,669016,Brandon Marsh,1B,1B,2B,Stolen Base 2B,stolen_base_2b,r_stolen_base_2b,False,,,False,False,False,False,
777735,21,2,907944d5-6042-3639-8284-a18e755ca55f,665561,Rafael Marchán,,,score,Home Run,home_run,,False,,,True,True,True,False,700363
777735,21,2,907944d5-6042-3639-8284-a18e755ca55f,669016,Brandon Marsh,2B,2B,score,Home Run,home_run,r_adv_force,False,,,True,True,True,False,700363
777735,22,2,375e4d72-ca90-3086-8e70-c3ef02eef829,681082,Bryson Stott,,,1B,Single,single,,False,,,False,False,False,False,
777735,23,5,b9e76090-e99d-3ab1-a064-9a6733246c29,607208,Trea Turner,,,,Flyout,field_out,,True,1B,2,False,False,False,False,
777735,24,6,2dc648c3-6e7d-3ceb-9e0d-529074b4dd11,681082,Bryson Stott,1B,1B,,Caught Stealing 2B,caught_stealing_2b,r_caught_stealing_2b,True,2B,3,False,False,False,False,
777735,25,6,f1ddef35-afce-30c2-9239-580c24cd5473,669221,Sean Murphy,,,,Strikeout,strikeout,,True,1B,1,False,False,False,False,
777735,26,3,74a486e2-83f8-37fd-a694-653895600a24,642201,Eli White,,,,Flyout,field_out,,True,1B,2,False,False,False,False,
777735,27,3,0cc8faa3-f155-30a4-862b-60ae5fede975,656413,Stuart Fairchild,,,1B,Single,single,,False,,,False,False,False,False,
777735,28,2,7a19e05b-0f08-312e-a40b-9e8578f4e7a8,656413,Stuart Fairchild,1B,1B,,Caught Stealing 2B,caught_stealing_2b,r_caught_stealing_2b,True,2B,3,False,False,False,False,
777735,29,4,1b377a19-e7d9-38f7-a25c-88f3afa9b390,656941,Kyle Schwarber,,,,Strikeout,strikeout,,True,1B,1,False,False,False,False,
777735,30,4,eb166e68-83d7-3925-ba09-9658f8ef31e4,664761,Alec Bohm,,,1B,Single,single,,False,,,False,False,False,False,
777735,31,1,161d04ac-f03b-3935-b1ae-21e473ebb500,592206,Nick Castellanos,,,1B,Single,single,,False,,,False,False,False,False,
777735,31,1,161d04ac-f03b-3935-b1ae-21e473ebb500,664761,Alec Bohm,1B,1B,2B,Single,single,r_adv_force,False,,,False,False,False,False,
777735,32,1,89b45c38-3b4b-3aaa-87db-69e4f3c40f29,596146,Max Kepler,,,,Flyout,field_out,,True,1B,2,False,False,False,False,
777735,33,1,97c54eab-f6cb-3398-990e-93c89c7749cf,624641,Edmundo Sosa,,,,Flyout,field_out,,True,1B,3,False,False,False,False,
777735,34,1,77b0960d-ac95-3c04-a5c7-d5bec3932647,671739,Michael Harris II,,,1B,Single,single,,False,,,False,False,False,False,
777735,35,1,87334583-22f1-313c-89a7-cf0c41908a94,671739,Michael Harris II,1B,1B,,Grounded Into DP,grounded_into_double_play,r_force_out,True,2B,1,False,False,False,False,
777735,35,1,87334583-22f1-313c-89a7-cf0c41908a94,663897,Luke Williams,,,,Grounded Into DP,grounded_into_double_play,,True,1B,2,False,False,False,False,
777735,36,1,f43ae955-5efe-3963-92bc-fb8481554c8e,645277,Ozzie Albies,,,,Groundout,field_out,,True,1B,3,False,False,False,False,
777735,37,6,01d5903a-8560-3550-aa02-f3393463a6f9,669016,Brandon Marsh,,,,Strikeout,strikeout,,True,1B,1,False,False,False,False,
777735,38,5,6f6ff558-d243-33a7-903e-cce149741802,665561,Rafael Marchán,,,1B,Walk,walk,,False,,,False,False,False,False,
777735,39,2,9169fbb2-676a-3bb6-b073-d1222fb79de5,665561,Rafael Marchán,1B,1B,2B,Passed Ball,passed_ball,r_adv_play,False,,,False,False,False,False,
777735,39,6,9b068a91-01c4-35e3-8358-ba49115b64fa,681082,Bryson Stott,,,1B,Single,single,,False,,,False,False,False,False,
777735,39,6,9b068a91-01c4-35e3-8358-ba49115b64fa,665561,Rafael Marchán,2B,2B,3B,Single,single,r_adv_play,False,,,False,False,False,False,
777735,40,3,91b11603-6782-3817-839d-ee94da4f036e,607208,Trea Turner,,,1B,Single,single,,False,,,False,False,False,False,
777735,40,3,91b11603-6782-3817-839d-ee94da4f036e,665561,Rafael Marchán,3B,3B,score,Single,single,r_adv_play,False,,,True,True,False,True,656240
777735,40,3,91b11603-6782-3817-839d-ee94da4f036e,681082,Bryson Stott,1B,1B,2B,Single,single,r_adv_force,False,,,False,False,False,False,
777735,41,4,ea0aadc0-63e4-3171-a157-38fd61af50ce,656941,Kyle Schwarber,,,,Strikeout,strikeout,,True,1B,2,False,False,False,False,
777735,42,3,2ec7de2e-c045-311e-a8c9-7563292f35f2,664761,Alec Bohm,,,,Groundout,field_out,,True,1B,3,False,False,False,False,
777735,43,2,cb27d87d-24c8-38a2-98e0-c382672432b8,663586,Austin Riley,,,1B,Single,single,,False,,,False,False,False,False,
777735,44,3,399a4493-d860-3657-9544-d005e2e93305,542303,Marcell Ozuna,,,,Flyout,field_out,,True,1B,1,False,False,False,False,
777735,45,2,63b51de5-1222-3d1d-975e-20cb1a74926b,621566,Matt Olson,,,1B,Single,single,,False,,,False,False,False,False,
777735,45,2,63b51de5-1222-3d1d-975e-20cb1a74926b,663586,Austin Riley,1B,1B,2B,Single,single,r_adv_force,False,,,False,False,False,False,
777735,46,1,3bb7c61e-83ad-37c4-abea-0eacee503be9,669221,Sean Murphy,,,1B,Single,single,,False,,,False,False,False,False,
777735,46,1,3bb7c61e-83ad-37c4-abea-0eacee503be9,663586,Austin Riley,2B,2B,3B,Single,single,r_adv_force,False,,,False,False,False,False,
777735,46,1,3bb7c61e-83ad-37c4-abea-0eacee503be9,663586,Austin Riley,2B,3B,score,Single,single,r_adv_play,False,,,True,True,True,False,650911
777735,46,1,3bb7c61e-83ad-37c4-abea-0eacee503be9,621566,Matt Olson,1B,1B,2B,Single,single,r_adv_force,False,,,False,False,False,False,
777735,47,3,ff1eb0cf-1702-3123-919c-3aa5abe53900,642201,Eli White,,,,Flyout,field_out,,True,1B,2,False,False,False,False,
777735,47,3,ff1eb0cf-1702-3123-919c-3aa5abe53900,621566,Matt Olson,2B,2B,3B,Flyout,field_out,r_adv_play,False,,,False,False,False,False,
777735,48,3,e0ad3716-592f-3000-bfc0-bcfd781ede68,660670,Ronald Acuña Jr.,,,1B,Single,single,,False,,,False,False,False,False,
777735,48,3,e0ad3716-592f-3000-bfc0-bcfd781ede68,621566,Matt Olson,3B,3B,score,Single,single,r_adv_play,False,,,True,True,True,False,650911
777735,48,3,e0ad3716-592f-3000-bfc0-bcfd781ede68,669221,Sean Murphy,1B,1B,2B,Single,single,r_adv_force,False,,,False,False,False,False,
777735,49,5,b4f113d7-95fe-3cb0-993f-9012ccc8fb9e,671739,Michael Harris II,,,,Strikeout,strikeout,,True,1B,3,False,False,False,False,
777735,50,5,88c1886d-6102-360c-9797-af8794292391,592206,Nick Castellanos,,,1B,Single,single,,False,,,False,False,False,False,
777735,51,9,59a2cf63-fd26-3af2-a1ea-0fb7f6d6c327,596146,Max Kepler,,,,Strikeout,strikeout,,True,1B,1,False,False,False,False,
777735,52,5,9244b0de-cbb1-3122-a0fd-bdf242504d39,592206,Nick Castellanos,1B,1B,2B,Hit By Pitch,hit_by_pitch,r_adv_force,False,,,False,False,False,False,
777735,52,5,9244b0de-cbb1-3122-a0fd-bdf242504d39,624641,Edmundo Sosa,,,1B,Hit By Pitch,hit_by_pitch,,False,,,False,False,False,False,
777735,53,4,8d56d965-1fdc-3358-8a6f-912ac0eb365e,669016,Brandon Marsh,,,,Strikeout,strikeout,,True,1B,2,False,False,False,False,
777735,54,2,4d99c537-8c9e-3ed2-8f36-f5f82d6f4a02,592206,Nick Castellanos,2B,2B,,Forceout,force_out,r_force_out,True,3B,3,False,False,False,False,
777735,54,2,4d99c537-8c9e-3ed2-8f36-f5f82d6f4a02,665561,Rafael Marchán,,,1B,Forceout,force_out,,False,,,False,False,False,False,
777735,55,3,85e58604-54e9-3e05-a5b3-2fffbbce50e7,657077,Alex Verdugo,,,,Groundout,field_out,,True,1B,1,False,False,False,False,
777735,56,3,1fea60a1-788c-37d1-b4dc-4a896468d679,645277,Ozzie Albies,,,,Lineout,field_out,,True,1B,2,False,False,False,False,
777735,57,1,4bef68d3-16e8-3f4c-b4b4-bc1f754f6ec2,663586,Austin Riley,,,1B,Single,single,,False,,,False,False,False,False,
777735,58,1,0a62f493-1ec9-360f-bbec-7fda269f6fe0,542303,Marcell Ozuna,,,,Groundout,field_out,,True,1B,3,False,False,False,False,
777735,59,1,7d72bbfc-5555-3f6b-b4bc-c825deb0ce67,681082,Bryson Stott,,,,Groundout,field_out,,True,1B,1,False,False,False,False,
777735,60,10,4f0d4a27-d4cf-3bef-af22-31a48fd471cc,607208,Trea Turner,,,,Flyout,field_out,,True,1B,2,False,False,False,False,
777735,61,3,2cfc7bc6-f033-39a4-8021-9085202f451a,656941,Kyle Schwarber,,,score,Home Run,home_run,,False,,,True,True,True,False,572955
777735,62,3,153a7fb1-87c1-32ff-bb3e-ce8101d59bab,664761,Alec Bohm,,,,Flyout,field_out,,True,1B,3,False,False,False,False,
777735,63,4,a13ff979-6fde-3398-9390-faebc0dfed5e,621566,Matt Olson,,,,Lineout,field_out,,True,1B,1,False,False,False,False,
777735,64,4,e7da891d-3ca0-33df-a645-d60096c617cb,669221,Sean Murphy,,,score,Home Run,home_run,,False,,,True,True,True,False,621381
777735,65,5,d4daf43e-28da-39e1-bced-d00b389e7159,642201,Eli White,,,,Pop Out,field_out,,True,1B,2,False,False,False,False,
777735,66,2,ede2e28a-8a49-3632-b4d1-ad4be63e4ded,660670,Ronald Acuña Jr.,,,2B,Double,double,,False,,,False,False,False,False,
777735,67,3,adae1b3b-b233-3157-8a73-f8cd7f8cd6fc,671739,Michael Harris II,,,2B,Double,double,,False,,,False,False,False,False,
777735,67,3,adae1b3b-b233-3157-8a73-f8cd7f8cd6fc,660670,Ronald Acuña Jr.,2B,2B,3B,Double,double,r_adv_force,False,,,False,False,False,False,
777735,67,3,adae1b3b-b233-3157-8a73-f8cd7f8cd6fc,660670,Ronald Acuña Jr.,2B,3B,score,Double,double,r_adv_play,False,,,True,True,True,False,621381
777735,68,5,88095dc5-781a-3aa9-a31b-1a0ad8e94b9b,669397,Nick Allen,,,,Groundout,field_out,,True,1B,3,False,False,False,False,
777735,69,1,afdd8931-383d-3492-bded-ecd26ee7cb4c,592206,Nick Castellanos,,,1B,Single,single,,False,,,False,False,False,False,
777735,70,6,b9390030-f823-37ba-bcb9-59afe6ce606e,592206,Nick Castellanos,1B,1B,2B,Walk,walk,r_adv_force,False,,,False,False,False,False,
777735,70,6,b9390030-f823-37ba-bcb9-59afe6ce606e,596146,Max Kepler,,,1B,Walk,walk,,False,,,False,False,False,False,
777735,71,2,bcb33a94-f836-3a64-bec0-204d6449daf8,624641,Edmundo Sosa,,,,Sac Bunt,sac_bunt,,True,1B,1,False,False,False,False,
777735,71,2,bcb33a94-f836-3a64-bec0-204d6449daf8,679032,Johan Rojas,2B,2B,3B,Sac Bunt,sac_bunt,r_adv_force,False,,,False,False,False,False,
777735,71,2,bcb33a94-f836-3a64-bec0-204d6449daf8,596146,Max Kepler,1B,1B,2B,Sac Bunt,sac_bunt,r_adv_force,False,,,False,False,False,False,
777735,72,6,a9224810-3e38-3acd-8314-be502dc0ed51,669016,Brandon Marsh,,,1B,Walk,walk,,False,,,False,False,False,False,
777735,73,6,10c071bd-ee27-3b1e-9886-87616fb3343b,679032,Johan Rojas,3B,3B,score,Hit By Pitch,hit_by_pitch,r_adv_force,False,,,True,True,True,False,678226
777735,73,6,10c071bd-ee27-3b1e-9886-87616fb3343b,596146,Max Kepler,2B,2B,3B,Hit By Pitch,hit_by_pitch,r_adv_force,False,,,False,False,False,False,
777735,73,6,10c071bd-ee27-3b1e-9886-87616fb3343b,669016,Brandon Marsh,1B,1B,2B,Hit By Pitch,hit_by_pitch,r_adv_force,False,,,False,False,False,False,
777735,73,6,10c071bd-ee27-3b1e-9886-87616fb3343b,665561,Rafael Marchán,,,1B,Hit By Pitch,hit_by_pitch,,False,,,False,False,False,False,
777735,74,6,bb829a9d-c643-30a2-87ef-17e2a0c24c11,681082,Bryson Stott,,,,Strikeout,strikeout,,True,1B,2,False,False,False,False,
777735,75,1,8187ff5b-2972-3789-b493-3f2bad6d299a,607208,Trea Turner,,,,Flyout,field_out,,True,1B,3,False,False,False,False,
777735,76,7,bd945bae-a17e-3015-a5bb-e922be110787,645277,Ozzie Albies,,,1B,Walk,walk,,False,,,False,False,False,False,
777735,77,3,55bd4989-d53d-3e0c-814c-c413579fbf9f,645277,Ozzie Albies,1B,1B,,Caught Stealing 2B,caught_stealing_2b,r_caught_stealing_2b,True,2B,1,False,False,False,False,
777735,77,4,959433b0-4a74-3bfb-9c08-3d2bdbd5aa34,663586,Austin Riley,,,,Strikeout,strikeout,,True,1B,2,False,False,False,False,
777735,78,6,9895a2db-8125-31be-87a7-f33160de5103,542303,Marcell Ozuna,,,1B,Walk,walk,,False,,,False,False,False,False,
777735,79,1,fe020288-7660-358d-8816-a27a0e6cc4af,621566,Matt Olson,,,1B,Single,single,,False,,,False,False,False,False,
777735,79,1,fe020288-7660-358d-8816-a27a0e6cc4af,686948,Drake Baldwin,1B,1B,2B,Single,single,r_adv_force,False,,,False,False,False,False,
777735,79,1,fe020288-7660-358d-8816-a27a0e6cc4af,686948,Drake Baldwin,1B,2B,3B,Single,single,r_adv_play,False,,,False,False,False,False,
777735,80,5,ad29cf9d-b134-3bb3-a69e-33fb6bb2fe2b,621566,Matt Olson,1B,1B,2B,Walk,walk,r_adv_force,False,,,False,False,False,False,
777735,80,5,ad29cf9d-b134-3bb3-a69e-33fb6bb2fe2b,669221,Sean Murphy,,,1B,Walk,walk,,False,,,False,False,False,False,
777735,81,4,821400eb-5972-392b-8f46-b80f73e9a088,642201,Eli White,,,,Strikeout,strikeout,,True,1B,3,False,False,False,False,
777723,0,7,a2319307-2e95-3221-bc9c-33303ea11ace,660670,Ronald Acuña Jr.,,,,Strikeout,strikeout,,True,1B,1,False,False,False,False,
777723,1,0,465e8c90-8ba5-3cff-a390-709f96d16127,686948,Drake Baldwin,,,,Groundout,field_out,,True,1B,2,False,False,False,False,
777723,2,5,765e3477-4196-3bda-bde0-b16b0ebd8867,542303,Marcell Ozuna,,,1B,Walk,walk,,False,,,False,False,False,False,
777723,3,2,b9d47e9c-1609-3763-8543-fc0e39cd45e0,621566,Matt Olson,,,,Strikeout,strikeout,,True,1B,3,False,False,False,False,
777723,4,0,635b531c-94c3-36aa-a5f3-62303bf158a6,607208,Trea Turner,,,,Flyout,field_out,,True,1B,1,False,False,False,False,
777723,5,1,d6b11ef8-e134-3c55-b7cc-bb4d0c710620,656941,Kyle Schwarber,,,,Flyout,field_out,,True,1B,2,False,False,False,False,
777723,6,4,7f978f54-3e9f-3aba-8df2-5d73967e51bb,664761,Alec Bohm,,,1B,Single,single,,False,,,False,False,False,False,
777723,7,7,14dff349-6cee-33c2-8bf3-e5a47b739263,592206,Nick Castellanos,,,,Strikeout,strikeout,,True,1B,3,False,False,False,False,
777723,8,8,3ed2976f-a9e4-33ca-baac-c825514bf416,663586,Austin Riley,,,,Groundout,field_out,,True,1B,1,False,False,False,False,
777723,9,3,80cbc303-f2da-3b58-95e0-0605c21a2727,645277,Ozzie Albies,,,,Pop Out,field_out,,True,1B,2,False,False,False,False,
777723,10,2,8c7fa582-7219-37a2-89b0-da1b12460091,657077,Alex Verdugo,,,,Flyout,field_out,,True,1B,3,False,False,False,False,
777723,11,3,065dee38-12a8-338d-8ea0-b07874976212,592663,J.T. Realmuto,,,1B,Single,single,,False,,,False,False,False,False,
777723,12,2,ededf504-6733-31cb-b2a3-7176ddc3f11f,624641,Edmundo Sosa,,,,Strikeout,strikeout,,True,1B,1,False,False,False,False,
777723,13,0,5abccb1a-10ed-3913-b640-0385902854f2,642215,Weston Wilson,,,,Flyout,field_out,,True,1B,2,False,False,False,False,
777723,14,6,2ade281c-77e7-3564-b04f-45acfa76d5fa,592663,J.T. Realmuto,1B,1B,2B,Walk,walk,r_adv_force,False,,,False,False,False,False,
777723,14,6,2ade281c-77e7-3564-b04f-45acfa76d5fa,681082,Bryson Stott,,,1B,Walk,walk,,False,,,False,False,False,False,
777723,15,0,c7b2daf6-0454-3d3e-8552-dcf5efa87dba,679032,Johan Rojas,,,,Flyout,field_out,,True,1B,3,False,False,False,False,
777723,16,7,50935816-72e3-3872-96a4-fd2896ffe9bd,671739,Michael Harris II,,,,Strikeout,strikeout,,True,1B,1,False,False,False,False,
777723,17,4,8251650f-9210-305d-aacb-8f606a4cf886,669397,Nick Allen,,,,Strikeout,strikeout,,True,1B,2,False,False,False,False,
777723,18,4,d1c71fc2-a0be-391b-93c3-a391a0d26b52,660670,Ronald Acuña Jr.,,,,Strikeout,strikeout,,True,1B,3,False,False,False,False,
777723,19,4,5855aad8-615d-36f7-9131-fde516a38f0c,607208,Trea Turner,,,,Strikeout,strikeout,,True,1B,1,False,False,False,False,
777723,20,5,e1db75de-bd3a-317b-9997-c01f8d860732,656941,Kyle Schwarber,,,,Strikeout,strikeout,,True,1B,2,False,False,False,False,
777723,21,3,63ec2851-9165-3542-861f-dbda2b06e737,664761,Alec Bohm,,,,Strikeout,strikeout,,True,1B,3,False,False,False,False,
777723,22,4,1151d929-a6d4-3e18-94be-c9d843e3ef56,686948,Drake Baldwin,,,,Groundout,field_out,,True,1B,1,False,False,False,False,
777723,23,5,76ff36e9-f588-3a3c-9289-03fefffc3798,542303,Marcell Ozuna,,,1B,Single,single,,False,,,False,False,False,False,
777723,24,1,07a5c315-9e13-38d7-a6d1-76e7525942b6,621566,Matt Olson,,,2B,Double,double,,False,,,False,False,False,False,
777723,24,1,07a5c315-9e13-38d7-a6d1-76e7525942b6,542303,Marcell Ozuna,1B,1B,3B,Double,double,r_adv_force,False,,,False,False,False,False,
777723,25,4,16a69c1a-7fe3-38bd-918b-e5699aea0d09,663586,Austin Riley,,,2B,Double,double,,False,,,False,False,False,False,
777723,25,4,16a69c1a-7fe3-38bd-918b-e5699aea0d09,542303,Marcell Ozuna,3B,3B,score,Double,double,r_adv_play,False,,,True,True,True,False,554430
777723,25,4,16a69c1a-7fe3-38bd-918b-e5699aea0d09,621566,Matt Olson,2B,2B,3B,Double,double,r_adv_force,False,,,False,False,False,False,
777723,25,4,16a69c1a-7fe3-38bd-918b-e5699aea0d09,621566,Matt Olson,2B,3B,score,Double,double,r_adv_play,False,,,True,True,True,False,554430
777723,26,0,800bee24-27cd-3cb6-bb01-e545936ea630,645277,Ozzie Albies,,,score,Home Run,home_run,,False,,,True,True,True,False,554430
777723,26,0,800bee24-27cd-3cb6-bb01-e545936ea630,663586,Austin Riley,2B,2B,score,Home Run,home_run,r_adv_force,False,,,True,True,True,False,554430
777723,27,4,8e9820ef-6c7a-3fbe-9ccd-954487ce45f7,657077,Alex Verdugo,,,,Flyout,field_out,,True,1B,2,False,False,False,False,
777723,28,0,ff66acd1-4584-31d5-a831-eaf0d983abfb,671739,Michael Harris II,,,,Flyout,field_out,,True,1B,3,False,False,False,False,
777723,29,4,4b97e3cb-1551-334d-8098-4eac79418615,592206,Nick Castellanos,,,,Strikeout,strikeout,,True,1B,1,False,False,False,False,
777723,30,5,1a61c20a-ab10-32cd-b404-af2c5f43317f,592663,J.T. Realmuto,,,,Flyout,field_out,,True,1B,2,False,False,False,False,
777723,31,3,1898a84f-47f8-3349-9873-ec954a40dbec,624641,Edmundo Sosa,,,,Groundout,field_out,,True,1B,3,False,False,False,False,
777723,32,6,7147108e-0b54-3f53-8a66-9634f7bb7b4a,663897,Luke Williams,,,,Lineout,field_out,,True,1B,1,False,False,False,False,
777723,33,7,d7725340-904b-3d2d-a19b-6c8449108d5e,660670,Ronald Acuña Jr.,,,1B,Walk,walk,,False,,,False,False,False,False,
777723,34,4,9a2ebb36-c65a-315a-9f14-7854e76f67ee,686948,Drake Baldwin,,,,Strikeout,strikeout,,True,1B,2,False,False,False,False,
777723,35,1,fb4443f8-5dfd-3da8-a6df-bdc68fe5f3d8,542303,Marcell Ozuna,,,,Lineout,field_out,,True,1B,3,False,False,False,False,
777723,36,8,f922988d-a83d-3a55-b340-6ffdf2c100a1,642215,Weston Wilson,,,1B,Walk,walk,,False,,,False,False,False,False,
777723,37,1,05a049f3-857f-37f6-aa8c-c4ad22380c84,681082,Bryson Stott,,,,Flyout,field_out,,True,1B,1,False,False,False,False,
777723,38,7,b48a55c4-2fa2-3351-bd8b-f64a21b20be1,679032,Johan Rojas,,,,Groundout,field_out,,True,1B,2,False,False,False,False,
777723,38,7,b48a55c4-2fa2-3351-bd8b-f64a21b20be1,642215,Weston Wilson,1B,1B,2B,Groundout,field_out,r_adv_force,False,,,False,False,False,False,
777723,39,2,597a7802-bc2d-3210-a76f-d5991636cdbf,607208,Trea Turner,,,1B,Hit By Pitch,hit_by_pitch,,False,,,False,False,False,False,
777723,40,5,6caf58ec-9174-3614-8ee0-f33f01b13682,642215,Weston Wilson,2B,2B,3B,Walk,walk,r_adv_force,False,,,False,False,False,False,
777723,40,5,6caf58ec-9174-3614-8ee0-f33f01b13682,607208,Trea Turner,1B,1B,2B,Walk,walk,r_adv_force,False,,,False,False,False,False,
777723,40,5,6caf58ec-9174-3614-8ee0-f33f01b13682,656941,Kyle Schwarber,,,1B,Walk,walk,,False,,,False,False,False,False,
777723,41,5,11e33bae-342f-3daf-98b0-3599e49d2a9c,664761,Alec Bohm,,,,Groundout,field_out,,True,1B,3,False,False,False,False,
777723,42,5,c2ca6eb7-04a2-3380-8dba-3690445b0041,621566,Matt Olson,,,,Flyout,field_out,,True,1B,1,False,False,False,False,
777723,43,3,e8341058-6699-3eda-81b4-d9d064bcb982,663586,Austin Riley,,,1B,Walk,walk,,False,,,False,False,False,False,
777723,44,4,ae955071-61a3-367d-b483-49d872454c66,663586,Austin Riley,1B,1B,2B,Walk,walk,r_adv_force,False,,,False,False,False,False,
777723,44,4,ae955071-61a3-367d-b483-49d872454c66,645277,Ozzie Albies,,,1B,Walk,walk,,False,,,False,False,False,False,
777723,45,5,c884f3f0-551b-36e8-bae2-df530743df5b,657077,Alex Verdugo,,,,Pop Out,field_out,,True,1B,2,False,False,False,False,
777723,46,4,1eb16109-99fc-3c03-8204-cc6d6018c881,671739,Michael Harris II,,,1B,Single,single,,False,,,False,False,False,False,
777723,46,4,1eb16109-99fc-3c03-8204-cc6d6018c881,663586,Austin Riley,2B,2B,3B,Single,single,r_adv_force,False,,,False,False,False,False,
777723,46,4,1eb16109-99fc-3c03-8204-cc6d6018c881,645277,Ozzie Albies,1B,1B,2B,Single,single,r_adv_force,False,,,False,False,False,False,
777723,47,1,62abf591-62c0-3f6b-97a5-add5fa00b79b,663897,Luke Williams,,,1B,Single,single,,False,,,False,False,False,False,
777723,47,1,62abf591-62c0-3f6b-97a5-add5fa00b79b,645277,Ozzie Albies,2B,2B,3B,Single,single,r_adv_force,False,,,False,False,False,False,
777723,47,1,62abf591-62c0-3f6b-97a5-add5fa00b79b,645277,Ozzie Albies,2B,3B,score,Single,single,r_adv_play,False,,,True,True,True,False,554430
777723,47,1,62abf591-62c0-3f6b-97a5-add5fa00b79b,671739,Michael Harris II,1B,1B,2B,Single,single,r_adv_force,False,,,False,False,False,False,
777723,47,1,62abf591-62c0-3f6b-97a5-add5fa00b79b,671739,Michael Harris II,1B,2B,3B,Single,single,r_adv_play,False,,,False,False,False,False,
777723,47,1,62abf591-62c0-3f6b-97a5-add5fa00b79b,663586,Austin Riley,3B,3B,score,Single,single,r_adv_force,False,,,True,True,True,False,554430
777723,48,0,35570cb5-ff7e-36c5-b5d5-652b12977118,660670,Ronald Acuña Jr.,,,,Flyout,field_out,,True,1B,3,False,False,False,False,
777723,49,3,178d0142-8772-32eb-b679-6357ee6fb4b6,592206,Nick Castellanos,,,,Lineout,field_out,,True,1B,1,False,False,False,False,
777723,50,3,0dd53ab1-834b-32f9-adca-0d9f4c4e5926,592663,J.T. Realmuto,,,,Strikeout,strikeout,,True,1B,2,False,False,False,False,
777723,51,5,05332984-51f2-3668-a654-df90e1008d9f,624641,Edmundo Sosa,,,,Strikeout,strikeout,,True,1B,3,False,False,False,False,
777723,52,7,1db8caab-3150-3bee-abde-8baefb81abef,686948,Drake Baldwin,,,1B,Walk,walk,,False,,,False,False,False,False,
777723,53,3,5044d0bf-25dc-39f6-a095-c454bafd1cf6,542303,Marcell Ozuna,,,,Strikeout,strikeout,,True,1B,1,False,False,False,False,
777723,54,1,b32087d1-c0cf-3a36-9098-63d1e68a3422,621566,Matt Olson,,,,Flyout,field_out,,True,1B,2,False,False,False,False,
777723,55,5,92c77bd3-da08-390e-b15b-9ef5ab4c4bf1,663586,Austin Riley,,,score,Home Run,home_run,,False,,,True,True,True,False,605452
777723,55,5,92c77bd3-da08-390e-b15b-9ef5ab4c4bf1,686948,Drake Baldwin,1B,1B,score,Home Run,home_run,r_adv_force,False,,,True,True,True,False,605452
777723,56,3,73a13ec4-8dfe-32cf-8dca-290dfd910308,645277,Ozzie Albies,,,,Flyout,field_out,,True,1B,3,False,False,False,False,
777723,57,9,3bc2da3f-ba05-3bcf-adca-34b69ec91b43,642215,Weston Wilson,,,1B,Walk,walk,,False,,,False,False,False,False,
777723,58,5,237ce3c5-c52b-3870-b606-5b05661156c1,642215,Weston Wilson,1B,1B,,Forceout,force_out,r_force_out,True,2B,1,False,False,False,False,
777723,58,5,237ce3c5-c52b-3870-b606-5b05661156c1,681082,Bryson Stott,,,1B,Forceout,force_out,,False,,,False,False,False,False,
777723,59,4,65a800e4-d740-359a-a6d6-53b30624b832,679032,Johan Rojas,,,,Strikeout,strikeout,,True,1B,2,False,False,False,False,
777723,60,7,a42a7a49-2dcd-3fc4-a99a-9c905c7b31d0,607208,Trea Turner,,,,Strikeout,strikeout,,True,1B,3,False,False,False,False,
777723,61,4,3663f187-e88c-3ee6-9deb-44616796278c,657077,Alex Verdugo,,,1B,Single,single,,False,,,False,False,False,False,
777723,62,4,bb3dc2c7-34ef-3791-a9b7-7eaa9f08e2ce,671739,Michael Harris II,,,,Groundout,field_out,,True,1B,1,False,False,False,False,
777723,62,4,bb3dc2c7-34ef-3791-a9b7-7eaa9f08e2ce,657077,Alex Verdugo,1B,1B,2B,Groundout,field_out,r_adv_force,False,,,False,False,False,False,
777723,63,0,47ab9c2e-afe1-3e12-b943-9f3bbdfcf86d,663897,Luke Williams,,,,Groundout,field_out,,True,1B,2,False,False,False,False,
777723,64,2,0dae8b6f-c4b6-34e0-bade-20db6868a5d4,660670,Ronald Acuña Jr.,,,,Flyout,field_out,,True,1B,3,False,False,False,False,
777723,65,8,b3200a7f-45bf-3d54-a3ed-6164f67ece94,656941,Kyle Schwarber,,,1B,Single,single,,False,,,False,False,False,False,
777723,66,0,9fa6d85e-0348-30c2-825d-e209f626a5a3,664761,Alec Bohm,,,,Lineout,field_out,,True,1B,1,False,False,False,False,
777723,67,0,097c0983-b309-375b-b89d-397f7564b3ef,592206,Nick Castellanos,,,2B,Double,double,,False,,,False,False,False,False,
777723,67,0,097c0983-b309-375b-b89d-397f7564b3ef,656941,Kyle Schwarber,1B,1B,3B,Double,double,r_adv_force,False,,,False,False,False,False,
777723,68,3,67c47d91-bc76-3322-b8a0-1d87bd8e5586,592663,J.T. Realmuto,,,,Groundout,field_out,,True,1B,2,False,False,False,False,
777723,68,3,67c47d91-bc76-3322-b8a0-1d87bd8e5586,656941,Kyle Schwarber,3B,3B,score,Groundout,field_out,r_adv_play,False,,,True,True,True,False,656848
777723,69,1,9d789838-3f7d-389d-9cc5-911b9ff03625,624641,Edmundo Sosa,,,1B,Single,single,,False,,,False,False,False,False,
777723,69,1,9d789838-3f7d-389d-9cc5-911b9ff03625,592206,Nick Castellanos,2B,2B,score,Single,single,r_adv_play,False,,,True,True,True,False,656848
777723,70,3,5b789918-3a84-3e1a-9c10-32fa6180d28f,642215,Weston Wilson,,,,Strikeout,strikeout,,True,1B,3,False,False,False,False,
777723,71,8,6a67c00b-f6be-324f-ad6e-a0be4badd382,686948,Drake Baldwin,,,,Groundout,field_out,,True,1B,1,False,False,False,False,
777723,72,5,a2d9a685-4ff7-3521-978a-7aa52d8f3f68,542303,Marcell Ozuna,,,1B,Walk,walk,,False,,,False,False,False,False,
777723,73,5,99621251-b1ce-364d-8435-6eb2a8248d34,542303,Marcell Ozuna,1B,1B,2B,Walk,walk,r_adv_force,False,,,False,False,False,False,
777723,73,5,99621251-b1ce-364d-8435-6eb2a8248d34,621566,Matt Olson,,,1B,Walk,walk,,False,,,False,False,False,False,
777723,74,4,979c9f50-f76f-372a-af36-36c5b31acd32,542303,Marcell Ozuna,2B,2B,3B,Walk,walk,r_adv_force,False,,,False,False,False,False,
777723,74,4,979c9f50-f76f-372a-af36-36c5b31acd32,621566,Matt Olson,1B,1B,2B,Walk,walk,r_adv_force,False,,,False,False,False,False,
777723,74,4,979c9f50-f76f-372a-af36-36c5b31acd32,663586,Austin Riley,,,1B,Walk,walk,,False,,,False,False,False,False,
777723,75,5,47bf2701-0628-3efd-9fc1-7d869a262e2c,645277,Ozzie Albies,,,,Groundout,field_out,,True,1B,2,False,False,False,False,
777723,75,5,47bf2701-0628-3efd-9fc1-7d869a262e2c,542303,Marcell Ozuna,3B,3B,score,Groundout,field_out,r_adv_force,False,,,True,True,True,False,676969
777723,75,5,47bf2701-0628-3efd-9fc1-7d869a262e2c,621566,Matt Olson,2B,2B,3B,Groundout,field_out,r_adv_force,False,,,False,False,False,False,
777723,75,5,47bf2701-0628-3efd-9fc1-7d869a262e2c,663586,Austin Riley,1B,1B,2B,Groundout,field_out,r_adv_force,False,,,False,False,False,False,
777723,76,3,a63173d6-f9bb-3f5f-a8c0-a9273505c524,657077,Alex Verdugo,,,,Flyout,field_out,,True,1B,3,False,False,False,False,
777723,77,9,78b426c7-c3d7-388f-bc3b-b7c21214b473,681082,Bryson Stott,,,2B,Double,double,,False,,,False,False,False,False,
777723,78,1,45f50583-65c5-31fd-82e3-c2a80be6b760,679032,Johan Rojas,,,,Groundout,field_out,,True,1B,1,False,False,False,False,
777723,78,1,45f50583-65c5-31fd-82e3-c2a80be6b760,681082,Bryson Stott,2B,2B,3B,Groundout,field_out,r_adv_play,False,,,False,False,False,False,
777723,79,2,d6641161-92a2-3e60-b52e-aa3006d341f1,607208,Trea Turner,,,1B,Single,single,,False,,,False,False,False,False,
777723,79,2,d6641161-92a2-3e60-b52e-aa3006d341f1,681082,Bryson Stott,3B,3B,score,Single,single,r_adv_play,False,,,True,True,True,False,628452
777723,80,3,36fd386a-2b18-343b-a817-34983809e30d,656941,Kyle Schwarber,,,,Strikeout,strikeout,,True,1B,2,False,False,False,False,
777723,81,2,34f91139-519a-3a2f-8861-7ebb5568bdda,664761,Alec Bohm,,,,Flyout,field_out,,True,1B,3,False,False,False,False,
777727,0,5,72a608b5-335f-3b9c-9a59-f8d5202c2cb5,671732,Lawrence Butler,,,,Strikeout,strikeout,,True,1B,1,False,False,False,False,
777727,1,1,f35a093b-16d6-3c77-a554-dc90ec7e86bc,805779,Jacob Wilson,,,,Flyout,field_out,,True,1B,2,False,False,False,False,
777727,2,4,3acb235b-a362-39e1-adc6-41ddd1e769e6,667670,Brent Rooker,,,,Strikeout,strikeout,,True,1B,3,False,False,False,False,
777727,3,0,9a383b38-58a3-384a-818f-698852c8739a,666182,Bo Bichette,,,,Flyout,field_out,,True,1B,1,False,False,False,False,
777727,4,2,266b8616-7f61-3c8f-a93f-02c9c36cec79,665489,Vladimir Guerrero Jr.,,,,Flyout,field_out,,True,1B,2,False,False,False,False,
777727,5,4,ac23b62b-289c-36f6-be22-7e01159903c2,543807,George Springer,,,,Groundout,field_out,,True,1B,3,False,False,False,False,
777727,6,5,595ff70f-0819-3818-9d2c-7c87c77ae26c,691016,Tyler Soderstrom,,,,Strikeout,strikeout,,True,1B,1,False,False,False,False,
777727,7,5,ba918051-ccb0-3028-a9b8-62942c1e34b3,669127,Shea Langeliers,,,,Strikeout,strikeout,,True,1B,2,False,False,False,False,
777727,8,3,92e38245-74b8-3879-a132-0b4461154b4a,609280,Miguel Andujar,,,,Groundout,field_out,,True,1B,3,False,False,False,False,
777727,9,6,f1cff34f-df4e-3b63-aa08-ec601ea72d20,672386,Alejandro Kirk,,,1B,Single,single,,False,,,False,False,False,False,
777727,10,3,290283c2-eeec-3891-819b-c400f3866811,672386,Alejandro Kirk,1B,1B,2B,Walk,walk,r_adv_force,False,,,False,False,False,False,
777727,10,3,290283c2-eeec-3891-819b-c400f3866811,623993,Anthony Santander,,,1B,Walk,walk,,False,,,False,False,False,False,
777727,11,0,d97a887c-cf4e-3f20-81ee-ce7dfe220348,676391,Ernie Clement,,,score,Home Run,home_run,,False,,,True,True,True,False,682052
777727,11,0,d97a887c-cf4e-3f20-81ee-ce7dfe220348,672386,Alejandro Kirk,2B,2B,score,Home Run,home_run,r_adv_force,False,,,True,True,True,False,682052
777727,11,0,d97a887c-cf4e-3f20-81ee-ce7dfe220348,623993,Anthony Santander,1B,1B,score,Home Run,home_run,r_adv_force,False,,,True,True,True,False,682052
777727,12,5,883728fb-6486-32c2-9010-9af514ec1431,664702,Myles Straw,,,,Groundout,field_out,,True,1B,1,False,False,False,False,
777727,13,7,f96886d3-decd-3bf0-9214-62559a973fd3,682729,Jonatan Clase,,,1B,Single,single,,False,,,False,False,False,False,
777727,14,4,627cd46c-757e-3013-9e7f-7d15616e786f,683021,Michael Stefanic,,,,Flyout,field_out,,True,1B,2,False,False,False,False,
777727,15,2,442b0d15-da48-3450-8b08-232205876270,682729,Jonatan Clase,1B,1B,2B,Stolen Base 2B,stolen_base_2b,r_stolen_base_2b,False,,,False,False,False,False,
777727,15,3,8bf938b4-9bf2-3b75-af24-f9848817d88d,666182,Bo Bichette,,,2B,Double,double,,False,,,False,False,False,False,
777727,15,3,8bf938b4-9bf2-3b75-af24-f9848817d88d,682729,Jonatan Clase,2B,2B,3B,Double,double,r_adv_force,False,,,False,False,False,False,
777727,15,3,8bf938b4-9bf2-3b75-af24-f9848817d88d,682729,Jonatan Clase,2B,3B,score,Double,double,r_adv_play,False,,,True,True,True,False,682052
777727,16,2,1d90ddcd-ffd5-3310-b78f-d460b23abd63,665489,Vladimir Guerrero Jr.,,,score,Home Run,home_run,,False,,,True,True,True,False,682052
777727,16,2,1d90ddcd-ffd5-3310-b78f-d460b23abd63,666182,Bo Bichette,2B,2B,score,Home Run,home_run,r_adv_force,False,,,True,True,True,False,682052
777727,17,0,997a31fd-a0cb-3b6c-9547-7f43a70a278c,543807,George Springer,,,1B,Single,single,,False,,,False,False,False,False,
777727,18,6,911b4636-cc8e-34fa-b6c8-ff7f5671ee77,672386,Alejandro Kirk,,,1B,Single,single,,False,,,False,False,False,False,
777727,18,6,911b4636-cc8e-34fa-b6c8-ff7f5671ee77,543807,George Springer,1B,1B,2B,Single,single,r_adv_force,False,,,False,False,False,False,
777727,19,5,482b106c-42c0-38f4-8879-62ce68d0011e,543807,George Springer,2B,2B,3B,Walk,walk,r_adv_force,False,,,False,False,False,False,
777727,19,5,482b106c-42c0-38f4-8879-62ce68d0011e,672386,Alejandro Kirk,1B,1B,2B,Walk,walk,r_adv_force,False,,,False,False,False,False,
777727,19,5,482b106c-42c0-38f4-8879-62ce68d0011e,623993,Anthony Santander,,,1B,Walk,walk,,False,,,False,False,False,False,
777727,20,4,f1b15c79-30fb-3200-8a9e-69677b9ce5f3,676391,Ernie Clement,,,2B,Double,double,,False,,,False,False,False,False,
777727,20,4,f1b15c79-30fb-3200-8a9e-69677b9ce5f3,543807,George Springer,3B,3B,score,Double,double,r_adv_force,False,,,True,True,True,False,682052
777727,20,4,f1b15c79-30fb-3200-8a9e-69677b9ce5f3,672386,Alejandro Kirk,2B,2B,score,Double,double,r_adv_force,False,,,True,True,True,False,687424
777727,20,4,f1b15c79-30fb-3200-8a9e-69677b9ce5f3,623993,Anthony Santander,1B,1B,3B,Double,double,r_adv_force,False,,,False,False,False,False,
777727,21,2,b174a784-ad84-3b8c-966a-1543a8a9cd1a,664702,Myles Straw,,,,Lineout,field_out,,True,1B,3,False,False,False,False,
777727,22,8,685cc53e-18a4-3b75-944b-c5490d83dbd8,682183,Drew Avans,,,,Strikeout,strikeout,,True,1B,1,False,False,False,False,
777727,23,3,d785df50-d491-397b-92fe-20d12416d83c,649966,Luis Urías,,,,Strikeout,strikeout,,True,1B,2,False,False,False,False,
777727,24,3,846a3309-e4b1-38d4-ab29-86abbf77bbe9,669722,Logan Davidson,,,,Strikeout,strikeout,,True,1B,3,False,False,False,False,
777727,25,7,f2046957-ed20-33d5-b5cb-d1db9c0c45aa,682729,Jonatan Clase,,,1B,Walk,walk,,False,,,False,False,False,False,
777727,26,1,b3f072ec-dc75-3ad3-ada5-814178046349,683021,Michael Stefanic,,,,Groundout,field_out,,True,1B,1,False,False,False,False,
777727,26,1,b3f072ec-dc75-3ad3-ada5-814178046349,682729,Jonatan Clase,1B,1B,2B,Groundout,field_out,r_adv_force,False,,,False,False,False,False,
777727,27,0,2e8e9909-a5f4-3d34-a8f5-33a06aca21b5,666182,Bo Bichette,,,score,Home Run,home_run,,False,,,True,True,True,False,687424
777727,27,0,2e8e9909-a5f4-3d34-a8f5-33a06aca21b5,682729,Jonatan Clase,2B,2B,score,Home Run,home_run,r_adv_force,False,,,True,True,True,False,687424
777727,28,1,1c42670c-de94-3842-ae73-2f1d60f04531,665489,Vladimir Guerrero Jr.,,,,Lineout,field_out,,True,1B,2,False,False,False,False,
777727,29,2,388e8c90-2408-3a1c-b0af-48bdcf56e0a2,543807,George Springer,,,score,Home Run,home_run,,False,,,True,True,True,False,687424
777727,30,6,c966bf38-69e3-3a5d-bfd9-cd33bc3fb0a8,672386,Alejandro Kirk,,,1B,Walk,walk,,False,,,False,False,False,False,
777727,31,7,672e4e81-a30b-3699-8bcc-36f5b942aeab,623993,Anthony Santander,,,,Strikeout,strikeout,,True,1B,3,False,False,False,False,
777727,32,3,4e77198b-8e44-3b5f-8299-59e09881d8e2,671732,Lawrence Butler,,,1B,Walk,walk,,False,,,False,False,False,False,
777727,33,1,036449a6-eed2-3402-a127-94c66812d7f6,671732,Lawrence Butler,1B,1B,,Grounded Into DP,grounded_into_double_play,r_force_out,True,2B,1,False,False,False,False,
777727,33,1,036449a6-eed2-3402-a127-94c66812d7f6,805779,Jacob Wilson,,,,Grounded Into DP,grounded_into_double_play,,True,1B,2,False,False,False,False,
777727,34,4,8138d854-2044-3a47-b60e-57a61a98e107,667670,Brent Rooker,,,2B,Double,double,,False,,,False,False,False,False,
777727,35,2,562bbe9e-1494-31df-83b4-e7d8ab2cd43d,691016,Tyler Soderstrom,,,,Strikeout,strikeout,,True,1B,3,False,False,False,False,
777727,36,3,2b4bf790-d0a0-3ace-acef-9a60855d2ad5,676391,Ernie Clement,,,,Groundout,field_out,,True,1B,1,False,False,False,False,
777727,37,2,6b9b277f-6456-35d5-bed7-bffb8c4f06a3,664702,Myles Straw,,,,Lineout,field_out,,True,1B,2,False,False,False,False,
777727,38,1,30d18faf-8f7b-3023-a1ac-7511813b08ab,682729,Jonatan Clase,,,1B,Single,single,,False,,,False,False,False,False,
777727,39,4,8ec51a75-b10d-3c65-a36b-c799667c21ab,682729,Jonatan Clase,1B,1B,2B,Walk,walk,r_adv_force,False,,,False,False,False,False,
777727,39,4,8ec51a75-b10d-3c65-a36b-c799667c21ab,683021,Michael Stefanic,,,1B,Walk,walk,,False,,,False,False,False,False,
777727,40,0,c8518c8c-837e-331f-9fa3-7e68d509aa15,666182,Bo Bichette,,,,Groundout,field_out,,True,1B,3,False,False,False,False,
777727,41,2,aecb12c3-ccc0-35a9-9a0a-20861b749f0d,669127,Shea Langeliers,,,,Flyout,field_out,,True,1B,1,False,False,False,False,
777727,42,0,21233234-1258-3054-ab41-ac537681811c,609280,Miguel Andujar,,,,Flyout,field_out,,True,1B,2,False,False,False,False,
777727,43,4,ef872a58-0495-3485-b06a-add10b76ef32,682183,Drew Avans,,,,Groundout,field_out,,True,1B,3,False,False,False,False,
777727,44,2,b8b44d48-b627-3b45-9de5-87c58e6583aa,665489,Vladimir Guerrero Jr.,,,,Groundout,field_out,,True,1B,1,False,False,False,False,
777727,45,0,0e1ba037-4991-34d8-a0d7-117ec1b88237,543807,George Springer,,,,Groundout,field_out,,True,1B,2,False,False,False,False,
777727,46,3,7a3d6e25-6f26-3206-a9d0-b637f0ed3c0c,672386,Alejandro Kirk,,,1B,Single,single,,False,,,False,False,False,False,
777727,47,5,81200875-f2b9-356a-a63a-48d300d02a44,623993,Anthony Santander,,,,Strikeout,strikeout,,True,1B,3,False,False,False,False,
777727,48,3,f4b2d22b-40fa-34a7-9eb9-da4adf5dcfb3,649966,Luis Urías,,,1B,Single,single,,False,,,False,False,False,False,
777727,49,5,8402a768-fa6e-35dd-8489-76b678e2992a,649966,Luis Urías,1B,1B,2B,Walk,walk,r_adv_force,False,,,False,False,False,False,
777727,49,5,8402a768-fa6e-35dd-8489-76b678e2992a,669722,Logan Davidson,,,1B,Walk,walk,,False,,,False,False,False,False,
777727,50,9,aba7546a-ca5f-3bbd-a86d-3124718c1c99,671732,Lawrence Butler,,,,Strikeout,strikeout,,True,1B,1,False,False,False,False,
777727,51,3,05675de8-0971-3092-89b9-3a300d79d741,805779,Jacob Wilson,,,,Lineout,field_out,,True,1B,2,False,False,False,False,
777727,52,4,a0b8bdff-8132-3088-b749-7334c3369ec6,669722,Logan Davidson,1B,1B,,Forceout,force_out,r_force_out,True,2B,3,False,False,False,False,
777727,52,4,a0b8bdff-8132-3088-b749-7334c3369ec6,667670,Brent Rooker,,,1B,Forceout,force_out,,False,,,False,False,False,False,
777727,53,4,d6554c97-61fd-389c-955b-6e62b1b526dc,676391,Ernie Clement,,,1B,Single,single,,False,,,False,False,False,False,
777727,54,3,46dbeec4-620b-3020-a793-90f717640d2c,664702,Myles Straw,,,,Flyout,field_out,,True,1B,1,False,False,False,False,
777727,55,1,93009728-1948-3d11-aef5-588f9f108442,682729,Jonatan Clase,,,,Pop Out,field_out,,True,1B,2,False,False,False,False,
777727,56,4,b31e8428-ebff-3aa0-bffe-728d94b920da,683021,Michael Stefanic,,,,Groundout,field_out,,True,1B,3,False,False,False,False,
777727,57,9,db558ecb-3906-313f-826d-3226b0771426,672016,Denzel Clarke,,,,Strikeout,strikeout,,True,1B,1,False,False,False,False,
777727,58,2,97125c62-f79b-33f9-81e6-b8ff9104b8d9,669127,Shea Langeliers,,,1B,Single,single,,False,,,False,False,False,False,
777727,59,3,87405cdc-33ca-3767-ac87-bd0b282a2f8c,669127,Shea Langeliers,1B,1B,,Forceout,force_out,r_force_out,True,2B,2,False,False,False,False,
777727,59,3,87405cdc-33ca-3767-ac87-bd0b282a2f8c,609280,Miguel Andujar,,,1B,Forceout,force_out,,False,,,False,False,False,False,
777727,60,4,2632bb28-861e-3ebd-b525-6da6483dbf37,682183,Drew Avans,,,,Strikeout,strikeout,,True,1B,3,False,False,False,False,
777727,61,1,738aa8f5-cb9e-3565-91ed-60483a5a880e,680718,Addison Barger,,,1B,Single,single,,False,,,False,False,False,False,
777727,62,1,90b9e575-5dc7-3c15-b769-80e7e653d27b,645305,Ali Sánchez,,,2B,Double,double,,False,,,False,False,False,False,
777727,62,1,90b9e575-5dc7-3c15-b769-80e7e653d27b,680718,Addison Barger,1B,1B,3B,Double,double,r_adv_force,False,,,False,False,False,False,
777727,63,3,eb29f9ac-1378-3076-a94c-282414372813,543807,George Springer,,,,Strikeout,strikeout,,True,1B,1,False,False,False,False,
777727,64,3,6f51216c-1e67-33c8-8e3f-9d69b23f252d,672386,Alejandro Kirk,,,,Sac Fly,sac_fly,,True,1B,2,False,False,False,False,
777727,64,3,6f51216c-1e67-33c8-8e3f-9d69b23f252d,645305,Ali Sánchez,2B,2B,3B,Sac Fly,sac_fly,r_adv_play,False,,,False,False,False,False,
777727,64,3,6f51216c-1e67-33c8-8e3f-9d69b23f252d,680718,Addison Barger,3B,3B,score,Sac Fly,sac_fly,r_adv_play,False,,,True,True,True,False,663687
777727,65,2,65885ffe-9b31-332f-ad8d-31049ba46abd,664770,Nathan Lukes,,,,Lineout,field_out,,True,1B,3,False,False,False,False,
777727,66,8,98425ab7-387a-391e-aef1-4c3529151c15,649966,Luis Urías,,,,Groundout,field_out,,True,1B,1,False,False,False,False,
777727,67,7,f0dc6162-72b1-39c7-aa1a-8056bcc5bdb4,669722,Logan Davidson,,,,Strikeout,strikeout,,True,1B,2,False,False,False,False,
777727,68,0,40be9477-b55a-3bae-91de-48a9e3a77ae5,671732,Lawrence Butler,,,1B,Single,single,,False,,,False,False,False,False,
777727,69,8,fa823e2c-058a-3c1b-bdbf-29d12bf8b4dd,680474,Max Schuemann,,,,Flyout,field_out,,True,1B,3,False,False,False,False,
777727,70,1,0be02b4c-602e-3954-bad8-b05fa73ef86f,676391,Ernie Clement,,,,Groundout,field_out,,True,1B,1,False,False,False,False,
777727,71,2,e75d6506-1277-3c88-bdea-cedba9c5f6f7,664702,Myles Straw,,,1B,Single,single,,False,,,False,False,False,False,
777727,72,0,16cbb8d4-0e1b-3c1c-8f25-df97575be2b5,682729,Jonatan Clase,,,,Flyout,field_out,,True,1B,2,False,False,False,False,
777727,73,1,477f3265-6280-3670-a198-a0d1ce31fa18,683021,Michael Stefanic,,,1B,Single,single,,False,,,False,False,False,False,
777727,73,1,477f3265-6280-3670-a198-a0d1ce31fa18,664702,Myles Straw,1B,1B,2B,Single,single,r_adv_force,False,,,False,False,False,False,
777727,74,0,cd2302a4-6099-363a-a470-e98c88e5a7da,680718,Addison Barger,,,1B,Single,single,,False,,,False,False,False,False,
777727,74,0,cd2302a4-6099-363a-a470-e98c88e5a7da,664702,Myles Straw,2B,2B,3B,Single,single,r_adv_force,False,,,False,False,False,False,
777727,74,0,cd2302a4-6099-363a-a470-e98c88e5a7da,683021,Michael Stefanic,1B,1B,2B,Single,single,r_adv_force,False,,,False,False,False,False,
777727,75,1,4e867e67-87ad-3d69-bf7c-aa2d3a4bc7a6,645305,Ali Sánchez,,,,Groundout,field_out,,True,1B,3,False,False,False,False,
777727,76,1,36b6b528-177e-3af2-ac28-714c67198b4c,680862,Willie MacIver,,,,Groundout,field_out,,True,1B,1,False,False,False,False,
777727,77,4,fc0c017b-5432-3676-9a37-06785eaa8938,672016,Denzel Clarke,,,,Strikeout,strikeout,,True,1B,2,False,False,False,False,
777727,78,2,4697d144-edd7-3830-b0a6-c11ca4ca2669,669127,Shea Langeliers,,,,Groundout,field_out,,True,1B,3,False,False,False,False,
777725,0,8,14b30d79-ee47-3fb2-a476-b930e9161daf,666139,Josh Lowe,,,1B,Walk,walk,,False,,,False,False,False,False,
777725,1,1,f08925a5-3231-3bd3-8d46-f5e43cc58b63,664040,Brandon Lowe,,,1B,Single,single,,False,,,False,False,False,False,
777725,1,1,f08925a5-3231-3bd3-8d46-f5e43cc58b63,666139,Josh Lowe,1B,1B,2B,Single,single,r_adv_force,False,,,False,False,False,False,
777725,1,1,f08925a5-3231-3bd3-8d46-f5e43cc58b63,666139,Josh Lowe,1B,2B,3B,Single,single,r_adv_play,False,,,False,False,False,False,
777725,2,1,648315e2-bc38-35c4-9a73-6e2de184c1c6,650490,Yandy Díaz,,,,Sac Fly,sac_fly,,True,1B,1,False,False,False,False,
777725,2,1,648315e2-bc38-35c4-9a73-6e2de184c1c6,666139,Josh Lowe,3B,3B,score,Sac Fly,sac_fly,r_adv_play,False,,,True,True,True,False,687473
777725,3,8,772b56fc-d75c-3603-8c08-d899c3734eb2,664040,Brandon Lowe,1B,1B,2B,Walk,walk,r_adv_force,False,,,False,False,False,False,
777725,3,8,772b56fc-d75c-3603-8c08-d899c3734eb2,666018,Jonathan Aranda,,,1B,Walk,walk,,False,,,False,False,False,False,
777725,4,10,aae7ec7b-53b9-33bf-b9ab-29f9746d97c8,691406,Junior Caminero,,,,Pop Out,field_out,,True,1B,2,False,False,False,False,
777725,5,4,f4a2367c-5896-33a0-9f00-9224c2ad0fa1,802415,Chandler Simpson,,,,Lineout,field_out,,True,1B,3,False,False,False,False,
777725,6,1,412bec78-0254-396d-9a11-65b3c9b8f9b9,665161,Jeremy Peña,,,,Groundout,field_out,,True,1B,1,False,False,False,False,
777725,7,5,e9171557-ad6b-3132-9c3d-360c83f72f01,670623,Isaac Paredes,,,,Groundout,field_out,,True,1B,2,False,False,False,False,
777725,8,0,48c52766-f451-3587-a983-bb509dcfdcfa,514888,Jose Altuve,,,,Lineout,field_out,,True,1B,3,False,False,False,False,
777725,9,3,b35c55d3-0e69-302c-b438-25e56b88c201,670224,Kameron Misner,,,,Lineout,field_out,,True,1B,1,False,False,False,False,
777725,10,8,2bd5a718-0b1c-3753-9fc6-794eaf8215ff,676609,José Caballero,,,1B,Single,single,,False,,,False,False,False,False,
777725,11,3,c08ceb3b-b001-3afb-8ba6-7543330e64ec,676609,José Caballero,1B,1B,2B,Stolen Base 2B,stolen_base_2b,r_stolen_base_2b,False,,,False,False,False,False,
777725,11,6,dc0c499f-5e12-3632-90b3-999b9085338b,642136,Matt Thaiss,,,,Strikeout,strikeout,,True,1B,2,False,False,False,False,
777725,12,7,0c2a0943-cbfd-3ca8-987a-d9319b04c709,666139,Josh Lowe,,,,Strikeout,strikeout,,True,1B,3,False,False,False,False,
777725,13,2,00a1eb3a-d900-3725-bbed-544caaca43f8,605170,Victor Caratini,,,,Pop Out,field_out,,True,1B,1,False,False,False,False,
777725,14,2,040b746f-2ec1-3a7c-872d-b84992b06788,676694,Jake Meyers,,,,Groundout,field_out,,True,1B,2,False,False,False,False,
777725,15,2,0637b994-1eb2-32f2-9fee-08608ad8f8cf,673237,Yainer Diaz,,,,Groundout,field_out,,True,1B,3,False,False,False,False,
777725,16,0,ab656280-7573-363b-a82b-91480d1f3dbe,664040,Brandon Lowe,,,,Groundout,field_out,,True,1B,1,False,False,False,False,
777725,17,2,d99e3e26-3497-376d-bf5b-100c581c58dc,650490,Yandy Díaz,,,,Groundout,field_out,,True,1B,2,False,False,False,False,
777725,18,0,59876245-66c5-3c9d-90c5-242d30e2ea3d,666018,Jonathan Aranda,,,1B,Single,single,,False,,,False,False,False,False,
777725,19,3,29c38381-31b4-3635-bea9-c1ed9b2c4a76,691406,Junior Caminero,,,,Flyout,field_out,,True,1B,3,False,False,False,False,
777725,20,5,91762fa8-0235-3061-8dcb-9f4eb6ce9c9a,701358,Cam Smith,,,,Flyout,field_out,,True,1B,1,False,False,False,False,
777725,21,4,2ee0d73c-1a51-39aa-9389-b2b0c3322d70,701305,Zach Dezenzo,,,1B,Field Error,field_error,,False,,,False,False,False,False,
777725,22,5,e03c4bc8-d1cd-3834-8a18-332892c3fc69,701305,Zach Dezenzo,1B,1B,,Grounded Into DP,grounded_into_double_play,r_force_out,True,2B,2,False,False,False,False,
777725,22,5,e03c4bc8-d1cd-3834-8a18-332892c3fc69,643289,Mauricio Dubón,,,,Grounded Into DP,grounded_into_double_play,,True,1B,3,False,False,False,False,
777725,23,5,6663a0d6-8430-317d-8d67-0b1c6617f6d6,802415,Chandler Simpson,,,1B,Walk,walk,,False,,,False,False,False,False,
777725,24,5,9e30eadc-aac1-3626-af63-318ee77508de,802415,Chandler Simpson,1B,1B,2B,Stolen Base 2B,stolen_base_2b,r_stolen_base_2b,False,,,False,False,False,False,
777725,24,7,86d0cb74-e1fb-3b76-b7d3-8296b8bd6baf,670224,Kameron Misner,,,,Strikeout,strikeout,,True,1B,1,False,False,False,False,
777725,24,7,86d0cb74-e1fb-3b76-b7d3-8296b8bd6baf,802415,Chandler Simpson,2B,2B,3B,Stolen Base 3B,stolen_base_3b,r_stolen_base_3b,False,,,False,False,False,False,
777725,24,7,86d0cb74-e1fb-3b76-b7d3-8296b8bd6baf,802415,Chandler Simpson,2B,3B,score,Error,error,r_adv_play,False,,,True,False,True,False,687473
777725,25,4,a0cbea84-768f-33f8-b3b1-e9d260359223,676609,José Caballero,,,,Strikeout,strikeout,,True,1B,2,False,False,False,False,
777725,26,2,79322271-b6f5-3547-bc12-3cdae9959834,642136,Matt Thaiss,,,1B,Single,single,,False,,,False,False,False,False,
777725,27,8,5b49a186-59ad-3a8b-b253-305f9e1b6bcd,666139,Josh Lowe,,,,Strikeout,strikeout,,True,1B,3,False,False,False,False,
777725,28,2,63203adc-d9a4-3869-bbc8-70982b3f5338,665161,Jeremy Peña,,,2B,Double,double,,False,,,False,False,False,False,
777725,29,6,5e5b3233-b221-39f5-bbcd-39756b952f74,670623,Isaac Paredes,,,,Lineout,field_out,,True,1B,1,False,False,False,False,
777725,30,2,41047a10-24bf-3c36-ac4e-ec1bdd0b6c80,514888,Jose Altuve,,,,Strikeout,strikeout,,True,1B,2,False,False,False,False,
777725,31,3,5e712d33-9cd6-336f-9d8c-3a4bb1b3e690,665161,Jeremy Peña,2B,2B,3B,Stolen Base 3B,stolen_base_3b,r_stolen_base_3b,False,,,False,False,False,False,
777725,31,7,f73df6f5-3a04-3a11-8f13-5ceaf1d1a04f,605170,Victor Caratini,,,,Strikeout,strikeout,,True,1B,3,False,False,False,False,
777725,32,2,c49e06d6-3152-3ba1-802a-9c6b6c001d6d,664040,Brandon Lowe,,,,Strikeout,strikeout,,True,1B,1,False,False,False,False,
777725,33,1,580ae98f-82f5-3da4-9d0f-05aa0cf7b570,650490,Yandy Díaz,,,2B,Double,double,,False,,,False,False,False,False,
777725,34,1,1cfbc85d-5d1a-3b2b-892c-3323d6774098,650490,Yandy Díaz,2B,2B,3B,Wild Pitch,wild_pitch,r_adv_play,False,,,False,False,False,False,
777725,34,5,29f68758-eae4-3e8b-b53c-dccf12d6d084,650490,Yandy Díaz,3B,3B,,Fielders Choice Out,fielders_choice_out,r_runner_out,True,4B,2,False,False,False,False,
777725,34,5,29f68758-eae4-3e8b-b53c-dccf12d6d084,666018,Jonathan Aranda,,,1B,Fielders Choice Out,fielders_choice_out,,False,,,False,False,False,False,
777725,35,4,248f3b6a-19d9-356d-9e70-ec2ce36dda34,666018,Jonathan Aranda,1B,1B,2B,Wild Pitch,wild_pitch,r_adv_play,False,,,False,False,False,False,
777725,35,6,00681f96-4cc3-3ad3-ae3a-0819d2f1d445,691406,Junior Caminero,,,1B,Single,single,,False,,,False,False,False,False,
777725,35,6,00681f96-4cc3-3ad3-ae3a-0819d2f1d445,691406,Junior Caminero,,1B,2B,Single,single,r_adv_throw,False,,,False,False,False,False,
777725,35,6,00681f96-4cc3-3ad3-ae3a-0819d2f1d445,666018,Jonathan Aranda,2B,2B,score,Single,single,r_adv_play,False,,,True,True,True,False,656986
777725,36,0,9ac5effc-4b20-3eba-8127-0905e28739b9,802415,Chandler Simpson,,,,Lineout,field_out,,True,1B,3,False,False,False,False,
777725,37,2,4a337ccf-20b3-3c1e-9078-df9fd3862ccf,676694,Jake Meyers,,,,Groundout,field_out,,True,1B,1,False,False,False,False,
777725,38,0,503d2658-36cf-3993-8db4-f702bc7671fb,673237,Yainer Diaz,,,score,Home Run,home_run,,False,,,True,True,True,False,669358
777725,39,6,2a309c2a-2e38-31ef-9ce5-4395ce8428ab,701358,Cam Smith,,,2B,Double,double,,False,,,False,False,False,False,
777725,40,3,f94a8510-835e-383c-b67c-d2592e9d1abb,701305,Zach Dezenzo,,,,Strikeout,strikeout,,True,1B,2,False,False,False,False,
777725,41,0,17a6fb67-d62b-3367-95b2-832d0fddf9e9,643289,Mauricio Dubón,,,1B,Single,single,,False,,,False,False,False,False,
777725,41,0,17a6fb67-d62b-3367-95b2-832d0fddf9e9,701358,Cam Smith,2B,2B,score,Single,single,r_adv_play,False,,,True,True,True,False,669358
777725,42,6,ac205eb5-036a-369e-bc2d-68eb487d7b57,665161,Jeremy Peña,,,1B,Single,single,,False,,,False,False,False,False,
777725,42,6,ac205eb5-036a-369e-bc2d-68eb487d7b57,643289,Mauricio Dubón,1B,1B,2B,Single,single,r_adv_force,False,,,False,False,False,False,
777725,42,6,ac205eb5-036a-369e-bc2d-68eb487d7b57,643289,Mauricio Dubón,1B,2B,3B,Single,single,r_adv_play,False,,,False,False,False,False,
777725,43,6,2c20a764-abb6-3a07-a02e-3bc3f94f1602,670623,Isaac Paredes,,,,Lineout,field_out,,True,1B,3,False,False,False,False,
777725,44,5,c5e5e5be-1fad-34c4-b879-2aba99e8a6e5,670224,Kameron Misner,,,,Strikeout,strikeout,,True,1B,1,False,False,False,False,
777725,45,0,b388add8-ce43-3ab1-98a9-2760e08b6696,676609,José Caballero,,,,Pop Out,field_out,,True,1B,2,False,False,False,False,
777725,46,5,a749daf6-9138-3704-af44-a7084d28f0d9,642136,Matt Thaiss,,,,Strikeout,strikeout,,True,1B,3,False,False,False,False,
777725,47,3,e73bdf90-5fa3-3a8a-9d15-4fa6fee3a506,514888,Jose Altuve,,,score,Home Run,home_run,,False,,,True,True,True,False,669358
777725,48,1,69b88de5-d9e4-38ff-a716-564eabd5da7d,605170,Victor Caratini,,,,Groundout,field_out,,True,1B,1,False,False,False,False,
777725,49,3,f15d462f-25c3-31eb-a686-0cba802194a5,676694,Jake Meyers,,,,Groundout,field_out,,True,1B,2,False,False,False,False,
777725,50,0,9547869b-b858-36a5-a472-b252ab6c54eb,673237,Yainer Diaz,,,1B,Single,single,,False,,,False,False,False,False,
777725,51,5,cca9075a-a0ed-31fe-893f-51fe49f209ad,701358,Cam Smith,,,1B,Single,single,,False,,,False,False,False,False,
777725,51,5,cca9075a-a0ed-31fe-893f-51fe49f209ad,673237,Yainer Diaz,1B,1B,2B,Single,single,r_adv_force,False,,,False,False,False,False,
777725,51,5,cca9075a-a0ed-31fe-893f-51fe49f209ad,673237,Yainer Diaz,1B,2B,3B,Single,single,r_adv_play,False,,,False,False,False,False,
777725,52,4,03c2c849-0147-3da6-87e9-85d225d428b1,701358,Cam Smith,1B,1B,2B,Stolen Base 2B,stolen_base_2b,r_stolen_base_2b,False,,,False,False,False,False,
777725,52,6,c9eea3ba-847e-3fc4-b852-054243bd3976,701305,Zach Dezenzo,,,,Strikeout,strikeout,,True,1B,3,False,False,False,False,
777725,53,5,2fc8e11c-3742-39ce-9ecf-9accf3095488,666139,Josh Lowe,,,1B,Single,single,,False,,,False,False,False,False,
777725,54,0,6c795025-c226-3a7e-a37b-d9abbae8e9b9,666139,Josh Lowe,1B,1B,2B,Hit By Pitch,hit_by_pitch,r_adv_force,False,,,False,False,False,False,
777725,54,0,6c795025-c226-3a7e-a37b-d9abbae8e9b9,664040,Brandon Lowe,,,1B,Hit By Pitch,hit_by_pitch,,False,,,False,False,False,False,
777725,55,2,9a60203d-2411-3150-af30-7d8d6d1cce88,650490,Yandy Díaz,,,1B,Single,single,,False,,,False,False,False,False,
777725,55,2,9a60203d-2411-3150-af30-7d8d6d1cce88,666139,Josh Lowe,2B,2B,3B,Single,single,r_adv_force,False,,,False,False,False,False,
777725,55,2,9a60203d-2411-3150-af30-7d8d6d1cce88,666139,Josh Lowe,2B,3B,score,Single,single,r_adv_play,False,,,True,True,True,False,687911
777725,55,2,9a60203d-2411-3150-af30-7d8d6d1cce88,664040,Brandon Lowe,1B,1B,2B,Single,single,r_adv_force,False,,,False,False,False,False,
777725,55,2,9a60203d-2411-3150-af30-7d8d6d1cce88,664040,Brandon Lowe,1B,2B,3B,Single,single,r_adv_play,False,,,False,False,False,False,
777725,56,1,f145c31c-09aa-31c7-bdd3-5324ec7355d0,666018,Jonathan Aranda,,,2B,Double,double,,False,,,False,False,False,False,
777725,56,1,f145c31c-09aa-31c7-bdd3-5324ec7355d0,664040,Brandon Lowe,3B,3B,score,Double,double,r_adv_play,False,,,True,True,True,False,687911
777725,56,1,f145c31c-09aa-31c7-bdd3-5324ec7355d0,650490,Yandy Díaz,1B,1B,3B,Double,double,r_adv_force,False,,,False,False,False,False,
777725,57,4,e837feb2-7f0e-3d79-b55f-2c36d1a5913b,691406,Junior Caminero,,,score,Home Run,home_run,,False,,,True,True,True,False,687911
777725,57,4,e837feb2-7f0e-3d79-b55f-2c36d1a5913b,650490,Yandy Díaz,3B,3B,score,Home Run,home_run,r_adv_force,False,,,True,True,True,False,687911
777725,57,4,e837feb2-7f0e-3d79-b55f-2c36d1a5913b,666018,Jonathan Aranda,2B,2B,score,Home Run,home_run,r_adv_force,False,,,True,True,True,False,687911
777725,58,4,f4028ecc-a354-31bb-ac9e-c84133faa000,802415,Chandler Simpson,,,1B,Single,single,,False,,,False,False,False,False,
777725,59,4,15413fc3-33b0-31c4-b985-640edaf4286b,670224,Kameron Misner,,,,Flyout,field_out,,True,1B,1,False,False,False,False,
777725,60,4,1642b819-46a6-3963-879f-c9735d6667dd,802415,Chandler Simpson,1B,1B,2B,Stolen Base 2B,stolen_base_2b,r_stolen_base_2b,False,,,False,False,False,False,
777725,60,5,11e4e011-5a4d-37f0-83a9-5447dc382f1f,676609,José Caballero,,,,Pop Out,field_out,,True,1B,2,False,False,False,False,
777725,61,4,e470202e-ac4e-3fa8-b864-8abf33ff1c50,642136,Matt Thaiss,,,,Strikeout,strikeout,,True,1B,3,False,False,False,False,
777725,62,4,eab030f2-d79f-31dd-9a88-7e2f9201000a,643289,Mauricio Dubón,,,,Flyout,field_out,,True,1B,1,False,False,False,False,
777725,63,1,c23b68ae-019f-3cb1-9a0c-f18fe99ef28b,665161,Jeremy Peña,,,,Flyout,field_out,,True,1B,2,False,False,False,False,
777725,64,4,d6997160-b042-3cc0-af8a-bf09ec3b183d,670623,Isaac Paredes,,,,Strikeout,strikeout,,True,1B,3,False,False,False,False,
777725,65,6,c1167a35-42e6-3b52-9bcc-76b1c4e97ff6,666139,Josh Lowe,,,1B,Walk,walk,,False,,,False,False,False,False,
777725,66,1,f225162e-0a34-3b7a-879f-3e067e1d3640,666139,Josh Lowe,1B,1B,2B,Stolen Base 2B,stolen_base_2b,r_stolen_base_2b,False,,,False,False,False,False,
777725,66,5,4afa0ce4-c38e-36d0-beb8-0d9a9b22fe24,664040,Brandon Lowe,,,1B,Walk,walk,,False,,,False,False,False,False,
777725,67,5,4822f673-0df3-3686-ba40-6feffd15cd56,666139,Josh Lowe,2B,2B,3B,Wild Pitch,wild_pitch,r_adv_play,False,,,False,False,False,False,
777725,67,5,4822f673-0df3-3686-ba40-6feffd15cd56,664040,Brandon Lowe,1B,1B,2B,Wild Pitch,wild_pitch,r_adv_play,False,,,False,False,False,False,
777725,67,7,c932ac10-975d-30e3-a140-1967c5c24040,650490,Yandy Díaz,,,,Strikeout,strikeout,,True,1B,1,False,False,False,False,
777725,68,6,3d905fd4-565a-3b60-ad62-0a87c71dec8a,666018,Jonathan Aranda,,,1B,Walk,walk,,False,,,False,False,False,False,
777725,69,2,b554706b-239c-31a8-8c78-8ac7c538bf59,691406,Junior Caminero,,,2B,Double,double,,False,,,False,False,False,False,
777725,69,2,b554706b-239c-31a8-8c78-8ac7c538bf59,666139,Josh Lowe,3B,3B,score,Double,double,r_adv_force,False,,,True,True,True,False,672391
777725,69,2,b554706b-239c-31a8-8c78-8ac7c538bf59,664040,Brandon Lowe,2B,2B,score,Double,double,r_adv_force,False,,,True,True,True,False,672391
777725,69,2,b554706b-239c-31a8-8c78-8ac7c538bf59,666018,Jonathan Aranda,1B,1B,3B,Double,double,r_adv_force,False,,,False,False,False,False,
777725,70,4,0e251dda-72cf-30e0-ba85-8b19fb5227cd,802415,Chandler Simpson,,,,Flyout,field_out,,True,1B,2,False,False,False,False,
777725,71,3,691d56ae-726b-35f6-9bef-ae97366e1fcc,670224,Kameron Misner,,,2B,Double,double,,False,,,False,False,False,False,
777725,71,3,691d56ae-726b-35f6-9bef-ae97366e1fcc,666018,Jonathan Aranda,3B,3B,score,Double,double,r_adv_play,False,,,True,True,True,False,672391
777725,71,3,691d56ae-726b-35f6-9bef-ae97366e1fcc,691406,Junior Caminero,2B,2B,3B,Double,double,r_adv_force,False,,,False,False,False,False,
777725,71,3,691d56ae-726b-35f6-9bef-ae97366e1fcc,691406,Junior Caminero,2B,3B,score,Double,double,r_adv_play,False,,,True,True,True,False,666215
777725,72,1,186d63c9-325c-312b-803e-ba5d8d97f183,676609,José Caballero,,,2B,Double,double,,False,,,False,False,False,False,
777725,72,1,186d63c9-325c-312b-803e-ba5d8d97f183,670224,Kameron Misner,2B,2B,3B,Double,double,r_adv_force,False,,,False,False,False,False,
777725,72,1,186d63c9-325c-312b-803e-ba5d8d97f183,670224,Kameron Misner,2B,3B,score,Double,double,r_adv_play,False,,,True,True,True,False,666215
777725,73,2,367d8868-38d6-302d-a6b9-ed0acd160f65,642136,Matt Thaiss,,,1B,Hit By Pitch,hit_by_pitch,,False,,,False,False,False,False,
777725,74,4,2174074d-38ab-3741-8458-e0af88ee8e96,666139,Josh Lowe,,,,Strikeout,strikeout,,True,1B,3,False,False,False,False,
777725,75,6,aca6de22-f109-3570-a925-af34940a1ae2,663967,César Salazar,,,,Lineout,field_out,,True,1B,1,False,False,False,False,
777725,76,5,f1a2235f-bf15-3f9b-9324-eb5a702d1b54,676801,Chas McCormick,,,,Flyout,field_out,,True,1B,2,False,False,False,False,
777725,77,4,be756e49-21ea-3557-9f0f-1c798d121d6e,676694,Jake Meyers,,,,Strikeout,strikeout,,True,1B,3,False,False,False,False,
777725,78,5,c408a437-4f70-371e-86fc-0cdd388bdee1,664040,Brandon Lowe,,,,Pop Out,field_out,,True,1B,1,False,False,False,False,
777725,79,2,e0d7385a-e4d8-382b-b5ae-1bfb096038e4,650490,Yandy Díaz,,,,Flyout,field_out,,True,1B,2,False,False,False,False,
777725,80,2,cbeb77a8-2e5a-3f17-861c-6e482f07381c,666018,Jonathan Aranda,,,1B,Hit By Pitch,hit_by_pitch,,False,,,False,False,False,False,
777725,81,1,3ed0a028-20e7-3b05-a82e-39ba700e0339,691406,Junior Caminero,,,,Flyout,field_out,,True,1B,3,False,False,False,False,
777725,82,2,32d03f55-a924-31f5-b976-d45ed7a1de92,673237,Yainer Diaz,,,,Lineout,field_out,,True,1B,1,False,False,False,False,
777725,83,4,c325e055-ca30-3f3c-8e1c-36d63aa3671e,701358,Cam Smith,,,,Lineout,field_out,,True,1B,2,False,False,False,False,
777725,84,3,7817f1ca-4d13-361d-98e3-7f774b9a40cf,701305,Zach Dezenzo,,,,Strikeout,strikeout,,True,1B,3,False,False,False,False,
777722,0,3,33f833d7-ba13-36b0-96e0-4557f152ebb4,682928,CJ Abrams,,,,Pop Out,field_out,,True,1B,1,False,False,False,False,
777722,1,4,1c0badfe-c446-306e-93d0-7fa5c9e31aed,695578,James Wood,,,1B,Walk,walk,,False,,,False,False,False,False,
777722,2,6,07f1f134-6f85-347f-9d78-7ba6a589cec1,663993,Nathaniel Lowe,,,,Strikeout,strikeout,,True,1B,2,False,False,False,False,
777722,3,2,51b737f0-a70d-3758-a705-cbff8cf3e636,660688,Keibert Ruiz,,,,Groundout,field_out,,True,1B,3,False,False,False,False,
777722,4,3,8331b760-18b0-3aca-88a8-f537317b469c,641487,J.P. Crawford,,,,Flyout,field_out,,True,1B,1,False,False,False,False,
777722,5,1,f3964379-0a1c-3f9c-923d-310226e7c965,677594,Julio Rodríguez,,,,Groundout,field_out,,True,1B,2,False,False,False,False,
777722,6,2,dc7a6bdc-7d42-3f33-b8aa-91e0d326769d,663728,Cal Raleigh,,,1B,Single,single,,False,,,False,False,False,False,
777722,7,5,ba8f905d-9bdf-364f-8d79-4e7547136cc5,663728,Cal Raleigh,1B,1B,2B,Stolen Base 2B,stolen_base_2b,r_stolen_base_2b,False,,,False,False,False,False,
777722,7,5,ba8f905d-9bdf-364f-8d79-4e7547136cc5,663728,Cal Raleigh,1B,2B,3B,Error,error,r_adv_play,False,,,False,False,False,False,
777722,7,6,f5e1d152-6647-34f6-8f4c-65f60491dbd0,668227,Randy Arozarena,,,,Strikeout,strikeout,,True,1B,3,False,False,False,False,
777722,8,3,cd1613d4-18be-350d-8454-b97befb7f30d,671277,Luis García Jr.,,,1B,Single,single,,False,,,False,False,False,False,
777722,9,1,ff74ceeb-a677-31d4-8fe2-c2add8041473,605137,Josh Bell,,,,Flyout,field_out,,True,1B,1,False,False,False,False,
777722,10,3,0e533144-a22c-3354-889d-741298066f41,671277,Luis García Jr.,1B,1B,,Caught Stealing 2B,caught_stealing_2b,r_caught_stealing_2b,True,2B,2,False,False,False,False,
777722,10,5,ea4be65e-5720-3264-aa18-ff2e46203584,690987,Robert Hassell III,,,,Groundout,field_out,,True,1B,3,False,False,False,False,
777722,11,3,f8c5658a-19fd-371f-a8ea-6641c0e40e9a,664238,Dylan Moore,,,,Strikeout,strikeout,,True,1B,1,False,False,False,False,
777722,12,5,8d36b8e6-0b4a-3fe8-8c72-b61b368f225f,456781,Donovan Solano,,,,Groundout,field_out,,True,1B,2,False,False,False,False,
777722,13,2,6125747b-80e7-3439-b12a-2eec57d46bcb,593871,Jorge Polanco,,,,Flyout,field_out,,True,1B,3,False,False,False,False,
777722,14,0,ac398c56-af30-3f39-bac1-43a093b068c4,677588,José Tena,,,,Groundout,field_out,,True,1B,1,False,False,False,False,
777722,15,4,7e1c3a22-70e2-3cd6-b0b0-59b817efbe49,695734,Daylen Lile,,,,Groundout,field_out,,True,1B,2,False,False,False,False,
777722,16,4,81d7e86f-2d4f-395d-976f-a6fd0be8ab7e,682928,CJ Abrams,,,,Strikeout,strikeout,,True,1B,3,False,False,False,False,
777722,17,1,7d0e457d-e2d5-3a00-bc76-6cde245c6f7e,665750,Leody Taveras,,,1B,Single,single,,False,,,False,False,False,False,
777722,18,3,71bcb6f7-c4de-34dc-a8b5-981da3d4bc13,810938,Ben Williamson,,,,Strikeout,strikeout,,True,1B,1,False,False,False,False,
777722,19,4,074c5eed-692d-3f72-9db6-7f47bdcaccce,665750,Leody Taveras,1B,1B,,Caught Stealing 2B,caught_stealing_2b,r_caught_stealing_2b,True,2B,2,False,False,False,False,
777722,19,5,fdfbda7e-3241-3fac-a9d7-9374822f9e4d,641487,J.P. Crawford,,,,Flyout,field_out,,True,1B,3,False,False,False,False,
777722,20,3,11a0c21b-647d-30e5-a771-f6bb7385cce4,695578,James Wood,,,,Strikeout,strikeout,,True,1B,1,False,False,False,False,
777722,21,4,4797a4bb-9546-3c79-8207-167bccaf7e55,663993,Nathaniel Lowe,,,,Lineout,field_out,,True,1B,2,False,False,False,False,
777722,22,3,95a97c07-654b-3623-8c29-702f5ebd91d4,660688,Keibert Ruiz,,,,Lineout,field_out,,True,1B,3,False,False,False,False,
777722,23,9,47a9fc1d-1649-3f3e-8f72-2d93b7ae4767,677594,Julio Rodríguez,,,,Groundout,field_out,,True,1B,1,False,False,False,False,
777722,24,4,f7313775-7b07-37bc-af07-c79cd36f1e24,663728,Cal Raleigh,,,,Strikeout,strikeout,,True,1B,2,False,False,False,False,
777722,25,2,a0b16da1-81ff-3099-ba3a-9f7a6517d5f8,668227,Randy Arozarena,,,,Groundout,field_out,,True,1B,3,False,False,False,False,
777722,26,1,9831997d-fc55-3513-9eff-4d7c89623eec,671277,Luis García Jr.,,,1B,Single,single,,False,,,False,False,False,False,
777722,27,0,5bc29493-55c2-3587-8b42-a82bc8c11a69,605137,Josh Bell,,,,Flyout,field_out,,True,1B,1,False,False,False,False,
777722,28,1,a8cf16ec-78e6-32cf-92cc-ef6a5e4a2515,671277,Luis García Jr.,1B,1B,,Grounded Into DP,grounded_into_double_play,r_force_out,True,2B,2,False,False,False,False,
777722,28,1,a8cf16ec-78e6-32cf-92cc-ef6a5e4a2515,690987,Robert Hassell III,,,,Grounded Into DP,grounded_into_double_play,,True,1B,3,False,False,False,False,
777722,29,3,5bc1bbcd-61eb-3697-91b9-8b978c999c20,664238,Dylan Moore,,,,Strikeout,strikeout,,True,1B,1,False,False,False,False,
777722,30,4,c8faa8bf-189b-3774-8c5d-eac68fd8cb53,456781,Donovan Solano,,,,Pop Out,field_out,,True,1B,2,False,False,False,False,
777722,31,3,f67877f0-9d46-33d8-b5e0-dc76ff050040,593871,Jorge Polanco,,,,Flyout,field_out,,True,1B,3,False,False,False,False,
777722,32,6,915fe34d-501a-35b8-b5ef-73c389552ffa,677588,José Tena,,,1B,Walk,walk,,False,,,False,False,False,False,
777722,33,5,da2beb14-e519-3d04-b566-0b4bc7d5119a,695734,Daylen Lile,,,,Strikeout,strikeout,,True,1B,1,False,False,False,False,
777722,34,4,5a0afb54-9a10-34ef-9026-8e4a523ad3dc,677588,José Tena,1B,1B,2B,Walk,walk,r_adv_force,False,,,False,False,False,False,
777722,34,4,5a0afb54-9a10-34ef-9026-8e4a523ad3dc,682928,CJ Abrams,,,1B,Walk,walk,,False,,,False,False,False,False,
777722,35,3,d8327540-bb45-3064-8b98-ef0fcc4fd651,695578,James Wood,,,2B,Double,double,,False,,,False,False,False,False,
777722,35,3,d8327540-bb45-3064-8b98-ef0fcc4fd651,682928,CJ Abrams,1B,1B,3B,Double,double,r_adv_force,False,,,False,False,False,False,
777722,35,3,d8327540-bb45-3064-8b98-ef0fcc4fd651,682928,CJ Abrams,1B,3B,score,Double,double,r_adv_play,False,,,True,True,True,False,676106
777722,35,3,d8327540-bb45-3064-8b98-ef0fcc4fd651,677588,José Tena,2B,2B,score,Double,double,r_adv_force,False,,,True,True,True,False,676106
777722,36,2,ff6fc448-8cf4-33a6-b93f-9758dd1bbbf0,695578,James Wood,2B,2B,3B,Stolen Base 3B,stolen_base_3b,r_stolen_base_3b,False,,,False,False,False,False,
777722,36,5,8ecb7052-b639-3740-89ae-6e819eba7d27,663993,Nathaniel Lowe,,,,Strikeout,strikeout,,True,1B,2,False,False,False,False,
777722,37,0,fb511bf4-c085-39f8-ae1c-597aef048097,660688,Keibert Ruiz,,,,Flyout,field_out,,True,1B,3,False,False,False,False,
777722,38,6,45ba9eea-407d-35c6-9141-d108e77c2f1d,665750,Leody Taveras,,,1B,Single,single,,False,,,False,False,False,False,
777722,39,3,02c570a3-e9f4-3f0f-9c8d-3bbd05961f7b,810938,Ben Williamson,,,1B,Single,single,,False,,,False,False,False,False,
777722,39,3,02c570a3-e9f4-3f0f-9c8d-3bbd05961f7b,665750,Leody Taveras,1B,1B,2B,Single,single,r_adv_force,False,,,False,False,False,False,
777722,39,3,02c570a3-e9f4-3f0f-9c8d-3bbd05961f7b,665750,Leody Taveras,1B,2B,3B,Single,single,r_adv_play,False,,,False,False,False,False,
777722,40,3,176973f9-9418-39e2-bc82-2878b96fe12b,641487,J.P. Crawford,,,,Strikeout,strikeout,,True,1B,1,False,False,False,False,
777722,41,5,bf079b7c-5a88-3e62-8b3a-2f7281e81cc3,677594,Julio Rodríguez,,,,Strikeout,strikeout,,True,1B,2,False,False,False,False,
777722,42,3,5adf5a0c-9364-33bd-87fc-3cedae27f61d,810938,Ben Williamson,1B,1B,2B,Wild Pitch,wild_pitch,r_adv_play,False,,,False,False,False,False,
777722,42,7,9008bab0-91a5-36ca-803a-46028d6e1176,663728,Cal Raleigh,,,1B,Hit By Pitch,hit_by_pitch,,False,,,False,False,False,False,
777722,43,4,0aa25465-3295-33e9-9aa3-0ca51aacc95b,668227,Randy Arozarena,,,,Strikeout,strikeout,,True,1B,3,False,False,False,False,
777722,44,5,f4293e01-824d-3361-81dc-002a193e8883,671277,Luis García Jr.,,,,Groundout,field_out,,True,1B,1,False,False,False,False,
777722,45,0,fb0de0f5-89be-317a-b0c5-eb3e2b6a4073,605137,Josh Bell,,,1B,Single,single,,False,,,False,False,False,False,
777722,46,1,dd71e2fd-bcde-368d-b18e-c9c625d5efb1,690987,Robert Hassell III,,,1B,Single,single,,False,,,False,False,False,False,
777722,46,1,dd71e2fd-bcde-368d-b18e-c9c625d5efb1,605137,Josh Bell,1B,1B,2B,Single,single,r_adv_force,False,,,False,False,False,False,
777722,47,2,b9311b40-1504-3907-93b1-8f6a95fdf831,690987,Robert Hassell III,1B,1B,,Forceout,force_out,r_force_out,True,2B,2,False,False,False,False,
777722,47,2,b9311b40-1504-3907-93b1-8f6a95fdf831,605137,Josh Bell,2B,2B,3B,Forceout,force_out,r_adv_play,False,,,False,False,False,False,
777722,47,2,b9311b40-1504-3907-93b1-8f6a95fdf831,677588,José Tena,,,1B,Forceout,force_out,,False,,,False,False,False,False,
777722,48,2,ca7e1520-a5a2-36d0-adad-548224df1de9,695734,Daylen Lile,,,,Lineout,field_out,,True,1B,3,False,False,False,False,
777722,49,9,4f09bfc7-2c44-3803-8308-96f7a49bd9a3,670156,Miles Mastrobuoni,,,1B,Walk,walk,,False,,,False,False,False,False,
777722,50,10,c85b0fd4-c441-332a-983c-c2e4042d3077,642133,Rowdy Tellez,,,,Strikeout,strikeout,,True,1B,1,False,False,False,False,
777722,51,1,ea0969b5-ea2f-3bca-b7bb-3f871b14f043,593871,Jorge Polanco,,,,Groundout,field_out,,True,1B,2,False,False,False,False,
777722,51,1,ea0969b5-ea2f-3bca-b7bb-3f871b14f043,670156,Miles Mastrobuoni,1B,1B,2B,Groundout,field_out,r_adv_force,False,,,False,False,False,False,
777722,52,0,da98bd9e-87b7-3987-8830-3cfd97769c69,665750,Leody Taveras,,,1B,Single,single,,False,,,False,False,False,False,
777722,52,0,da98bd9e-87b7-3987-8830-3cfd97769c69,670156,Miles Mastrobuoni,2B,2B,score,Single,single,r_adv_play,False,,,True,True,True,False,605347
777722,53,2,25a643fb-7c5f-3c26-8454-81d0d0d1aaf1,665750,Leody Taveras,1B,1B,2B,Stolen Base 2B,stolen_base_2b,r_stolen_base_2b,False,,,False,False,False,False,
777722,53,5,ffef6b05-17b5-34db-93f7-a5f40e3f177a,665750,Leody Taveras,2B,2B,3B,Wild Pitch,wild_pitch,r_adv_play,False,,,False,False,False,False,
777722,53,7,aa67c223-b696-3c1e-9739-53ae899fb394,810938,Ben Williamson,,,1B,Single,single,,False,,,False,False,False,False,
777722,53,7,aa67c223-b696-3c1e-9739-53ae899fb394,665750,Leody Taveras,3B,3B,score,Single,single,r_adv_play,False,,,True,True,True,False,605347
777722,54,9,a3d22c67-1587-380e-992c-a02cae26df13,810938,Ben Williamson,1B,1B,2B,Stolen Base 2B,stolen_base_2b,r_stolen_base_2b,False,,,False,False,False,False,
777722,54,11,44d93b08-cbc4-3914-9cbe-895c6427af9e,660844,Leo Rivas,,,,Strikeout,strikeout,,True,1B,3,False,False,False,False,
777722,55,7,9126c656-5cb4-39b3-8946-b0c2433b7bc4,682928,CJ Abrams,,,,Strikeout,strikeout,,True,1B,1,False,False,False,False,
777722,56,3,d3a23168-3d26-3d89-bedb-1e49b3811812,695578,James Wood,,,,Strikeout,strikeout,,True,1B,2,False,False,False,False,
777722,57,3,64945421-e793-362d-9749-ff66d6d7efd1,663993,Nathaniel Lowe,,,1B,Single,single,,False,,,False,False,False,False,
777722,58,3,a001a07c-0b12-3e71-b7d0-88f9cad216e1,660688,Keibert Ruiz,,,1B,Single,single,,False,,,False,False,False,False,
777722,58,3,a001a07c-0b12-3e71-b7d0-88f9cad216e1,663993,Nathaniel Lowe,1B,1B,2B,Single,single,r_adv_force,False,,,False,False,False,False,
777722,59,1,9e52364b-c8f2-3610-ad02-dde6ff7e44d3,671277,Luis García Jr.,,,1B,Single,single,,False,,,False,False,False,False,
777722,59,1,9e52364b-c8f2-3610-ad02-dde6ff7e44d3,663993,Nathaniel Lowe,2B,2B,3B,Single,single,r_adv_force,False,,,False,False,False,False,
777722,59,1,9e52364b-c8f2-3610-ad02-dde6ff7e44d3,663993,Nathaniel Lowe,2B,3B,,Runner Out,other_out,r_thrown_out,True,4B,3,False,False,False,False,
777722,59,1,9e52364b-c8f2-3610-ad02-dde6ff7e44d3,660688,Keibert Ruiz,1B,1B,2B,Runner Out,other_out,r_adv_force,False,,,False,False,False,False,
777722,60,2,17a59736-3374-381b-977a-adb86b711ab9,677594,Julio Rodríguez,,,1B,Hit By Pitch,hit_by_pitch,,False,,,False,False,False,False,
777722,61,3,ea71670f-36d3-325c-a636-35a70886eaa7,677594,Julio Rodríguez,1B,1B,2B,Stolen Base 2B,stolen_base_2b,r_stolen_base_2b,False,,,False,False,False,False,
777722,61,10,bdda0114-193e-383c-a00e-c80f123203b4,663728,Cal Raleigh,,,1B,Walk,walk,,False,,,False,False,False,False,
777722,62,1,77c37148-fd73-31f6-b2ef-93e8fa6ef252,668227,Randy Arozarena,,,,Pop Out,field_out,,True,1B,1,False,False,False,False,
777722,63,3,8e2dc1e0-3c89-3926-9e01-194e3ceec8fd,670156,Miles Mastrobuoni,,,,Groundout,field_out,,True,1B,2,False,False,False,False,
777722,63,3,8e2dc1e0-3c89-3926-9e01-194e3ceec8fd,677594,Julio Rodríguez,2B,2B,3B,Groundout,field_out,r_adv_force,False,,,False,False,False,False,
777722,63,3,8e2dc1e0-3c89-3926-9e01-194e3ceec8fd,663728,Cal Raleigh,1B,1B,2B,Groundout,field_out,r_adv_force,False,,,False,False,False,False,
777722,64,4,c5176b21-d669-3e18-9a5b-041614418344,642133,Rowdy Tellez,,,,Groundout,field_out,,True,1B,3,False,False,False,False,
777722,65,3,cad64044-f3ba-323b-afb1-ca3e078d4086,605137,Josh Bell,,,,Lineout,field_out,,True,1B,1,False,False,False,False,
777722,66,1,a315ef9d-1b8c-3f74-87e2-6a9c9a62d007,690987,Robert Hassell III,,,,Groundout,field_out,,True,1B,2,False,False,False,False,
777722,67,6,082c47ff-4c41-31aa-ba67-436d129583d5,677588,José Tena,,,,Strikeout,strikeout,,True,1B,3,False,False,False,False,
777722,68,1,4f061fca-0d3b-38e1-876e-326cd62059c7,593871,Jorge Polanco,,,,Bunt Groundout,field_out,,True,1B,1,False,False,False,False,
777722,69,4,7d9af1eb-895d-319a-bc85-bab684373f40,665750,Leody Taveras,,,,Pop Out,field_out,,True,1B,2,False,False,False,False,
777722,70,2,6f6c5c00-db93-3a0b-97cc-75d2238904e7,810938,Ben Williamson,,,,Groundout,field_out,,True,1B,3,False,False,False,False,
777722,71,5,7fee99e3-d119-30ae-9657-a44d30552f5a,677588,José Tena,2B,2B,3B,Wild Pitch,wild_pitch,r_adv_play,False,,,False,False,False,False,
777722,71,6,5221acee-d2da-32c0-8497-5b0e2d5056f1,695734,Daylen Lile,,,,Sac Fly,sac_fly,,True,1B,1,False,False,False,False,
777722,71,6,5221acee-d2da-32c0-8497-5b0e2d5056f1,677588,José Tena,3B,3B,score,Sac Fly,sac_fly,r_adv_play,False,,,True,True,False,True,676092
777722,72,0,a6a98aac-d660-3c83-96dd-b26cb63771a0,682928,CJ Abrams,,,2B,Double,double,,False,,,False,False,False,False,
777722,73,3,efd65002-f025-46a7-9715-7ce32befbb62,695578,James Wood,,,1B,Intent Walk,intent_walk,,False,,,False,False,False,False,
777722,74,2,5a88ff69-b025-3d71-8672-77c142c26dee,663993,Nathaniel Lowe,,,1B,Single,single,,False,,,False,False,False,False,
777722,74,2,5a88ff69-b025-3d71-8672-77c142c26dee,682928,CJ Abrams,2B,2B,3B,Single,single,r_adv_force,False,,,False,False,False,False,
777722,74,2,5a88ff69-b025-3d71-8672-77c142c26dee,682928,CJ Abrams,2B,3B,score,Single,single,r_adv_play,False,,,True,True,True,False,676092
777722,74,2,5a88ff69-b025-3d71-8672-77c142c26dee,695578,James Wood,1B,1B,2B,Single,single,r_adv_force,False,,,False,False,False,False,
777722,75,1,9221024c-a9eb-3b04-b8ab-3a28f0d596ce,663993,Nathaniel Lowe,1B,1B,2B,Error,error,r_adv_play,False,,,False,False,False,False,
777722,75,1,9221024c-a9eb-3b04-b8ab-3a28f0d596ce,695578,James Wood,2B,2B,3B,Error,error,r_adv_force,False,,,False,False,False,False,
777722,75,1,9221024c-a9eb-3b04-b8ab-3a28f0d596ce,660688,Keibert Ruiz,,,1B,Fielders Choice,fielders_choice,,False,,,False,False,False,False,
777722,76,6,a8f965c6-6040-3e53-969b-d7bb9a2ad340,671277,Luis García Jr.,,,2B,Double,double,,False,,,False,False,False,False,
777722,76,6,a8f965c6-6040-3e53-969b-d7bb9a2ad340,663993,Nathaniel Lowe,2B,2B,score,Double,double,r_adv_force,False,,,True,True,False,True,676092
777722,76,6,a8f965c6-6040-3e53-969b-d7bb9a2ad340,695578,James Wood,3B,3B,score,Double,double,r_adv_force,False,,,True,True,True,False,676092
777722,76,6,a8f965c6-6040-3e53-969b-d7bb9a2ad340,660688,Keibert Ruiz,1B,1B,3B,Double,double,r_adv_force,False,,,False,False,False,False,
777722,77,5,2ecffff2-7585-3832-a101-ffc3d79655e5,605137,Josh Bell,,,score,Home Run,home_run,,False,,,True,True,True,False,676092
777722,77,5,2ecffff2-7585-3832-a101-ffc3d79655e5,660688,Keibert Ruiz,3B,3B,score,Home Run,home_run,r_adv_force,False,,,True,True,True,False,676092
777722,77,5,2ecffff2-7585-3832-a101-ffc3d79655e5,671277,Luis García Jr.,2B,2B,score,Home Run,home_run,r_adv_force,False,,,True,True,True,False,676092
777722,78,5,6625ccc8-3442-37a2-8bb4-bc40ac521bbd,690987,Robert Hassell III,,,,Groundout,field_out,,True,1B,2,False,False,False,False,
777722,79,2,2551ff5c-bda8-301a-b95b-5511844bfc96,677588,José Tena,,,,Flyout,field_out,,True,1B,3,False,False,False,False,
777722,80,7,772ab0a5-a1c8-3ddc-80a7-3ca88d9d0ad3,660844,Leo Rivas,,,1B,Single,single,,False,,,False,False,False,False,
777722,80,7,772ab0a5-a1c8-3ddc-80a7-3ca88d9d0ad3,810938,Ben Williamson,2B,2B,score,Single,single,r_adv_play,False,,,True,True,False,True,640448
777722,81,1,36a7f541-c9c4-30f5-9f7a-fa43e04fe27b,660844,Leo Rivas,1B,1B,,Grounded Into DP,grounded_into_double_play,r_force_out,True,2B,1,False,False,False,False,
777722,81,1,36a7f541-c9c4-30f5-9f7a-fa43e04fe27b,677594,Julio Rodríguez,,,,Grounded Into DP,grounded_into_double_play,,True,1B,2,False,False,False,False,
777722,82,3,42628103-a6aa-3d3a-9fd7-aa82995f7515,663728,Cal Raleigh,,,1B,Walk,walk,,False,,,False,False,False,False,
777722,83,9,1b8ac21e-759e-3b50-a919-b74c6ea0efe1,668227,Randy Arozarena,,,,Strikeout,strikeout,,True,1B,3,False,False,False,False,
