gamePk,atBatIndex,playIndex,playId,runnerid,runnerfullName,originBase,start,end,event,eventType,movementReason,isOut,outBase,outNumber,isScoringEvent,rbi,earned,teamUnearned,responsiblepitcherid
777673,0,5,4269de09-6728-39cd-a9e4-4f41437c6a8d,656541,Sam Hilliard,,,,Strikeout,strikeout,,True,1B,1,False,False,False,False,
777673,1,2,5b6e193f-67af-3f8b-92fb-e5ab559ae274,678662,Ezequiel Tovar,,,,Groundout,field_out,,True,1B,2,False,False,False,False,
777673,2,2,838bb6e1-3991-3349-8c10-b649d4e7c9ce,696100,Hunter Goodman,,,1B,Single,single,,False,,,False,False,False,False,
777673,3,1,989c7c99-840b-3ff7-8ec8-09b393319b98,696100,Hunter Goodman,1B,1B,2B,Passed Ball,passed_ball,r_adv_play,False,,,False,False,False,False,
777673,3,4,5b55841c-334e-3af3-9e6c-16f65065d728,642731,Thairo Estrada,,,2B,Double,double,,False,,,False,False,False,False,
777673,3,4,5b55841c-334e-3af3-9e6c-16f65065d728,696100,Hunter Goodman,2B,2B,3B,Double,double,r_adv_force,False,,,False,False,False,False,
777673,3,4,5b55841c-334e-3af3-9e6c-16f65065d728,696100,Hunter Goodman,2B,3B,score,Double,double,r_adv_play,False,,,True,True,False,True,676974
777673,4,4,a6bbe103-563f-354a-bf93-f0f95f9bba1e,641857,Ryan McMahon,,,,Strikeout,strikeout,,True,1B,3,False,False,False,False,
777673,5,6,0fa3d71e-816a-3bb4-855e-2d95ddab026b,669364,Xavier Edwards,,,1B,Walk,walk,,False,,,False,False,False,False,
777673,6,0,0216de06-8d1c-3b00-a95f-f2fedd491ac7,660821,Jesús Sánchez,,,2B,Double,double,,False,,,False,False,False,False,
777673,6,0,0216de06-8d1c-3b00-a95f-f2fedd491ac7,669364,Xavier Edwards,1B,1B,3B,Double,double,r_adv_force,False,,,False,False,False,False,
777673,7,3,0e99394d-833f-3efa-965c-f253d8c6951f,669364,Xavier Edwards,3B,3B,score,Fielders Choice,fielders_choice,r_adv_play,False,,,True,True,True,False,608566
777673,7,3,0e99394d-833f-3efa-965c-f253d8c6951f,660821,Jesús Sánchez,2B,2B,3B,Error,error,r_adv_play,False,,,False,False,False,False,
777673,7,3,0e99394d-833f-3efa-965c-f253d8c6951f,682663,Agustín Ramírez,,,1B,Fielders Choice,fielders_choice,,False,,,False,False,False,False,
777673,7,3,0e99394d-833f-3efa-965c-f253d8c6951f,682663,Agustín Ramírez,,1B,2B,Fielders Choice,fielders_choice,r_adv_play,False,,,False,False,False,False,
777673,8,8,defcaf2a-a929-3122-8faf-0037e713a535,669065,Kyle Stowers,,,,Strikeout,strikeout,,True,1B,1,False,False,False,False,
777673,9,0,59e284a9-4883-33a8-a5fe-38c223ac9834,672640,Otto Lopez,,,1B,Single,single,,False,,,False,False,False,False,
777673,9,0,59e284a9-4883-33a8-a5fe-38c223ac9834,660821,Jesús Sánchez,3B,3B,score,Single,single,r_adv_play,False,,,True,True,True,False,608566
777673,9,0,59e284a9-4883-33a8-a5fe-38c223ac9834,682663,Agustín Ramírez,2B,2B,3B,Single,single,r_adv_play,False,,,False,False,False,False,
777673,10,2,f856c809-f48f-383d-aeda-9edcdb4f1a79,676572,Eric Wagaman,,,,Sac Fly,sac_fly,,True,1B,2,False,False,False,False,
777673,10,2,f856c809-f48f-383d-aeda-9edcdb4f1a79,682663,Agustín Ramírez,3B,3B,score,Sac Fly,sac_fly,r_adv_play,False,,,True,True,False,True,608566
777673,11,1,db386af9-38ef-36cb-8663-7f95898fb049,681393,Connor Norby,,,,Groundout,field_out,,True,1B,3,False,False,False,False,
777673,12,4,8a6df4ef-ca7f-3396-841f-4d922c24757e,686668,Brenton Doyle,,,,Strikeout,strikeout,,True,1B,1,False,False,False,False,
777673,13,5,1d403edd-f5ca-33ae-88d3-de5fa8ac5ed6,606115,Orlando Arcia,,,1B,Walk,walk,,False,,,False,False,False,False,
777673,14,0,7412af20-e325-3ad9-87bf-036e8c7f29c8,669374,Keston Hiura,,,,Groundout,field_out,,True,1B,2,False,False,False,False,
777673,14,0,7412af20-e325-3ad9-87bf-036e8c7f29c8,606115,Orlando Arcia,1B,1B,2B,Groundout,field_out,r_adv_force,False,,,False,False,False,False,
777673,15,3,543bf157-4373-3b9e-a78d-e0167002b385,671289,Tyler Freeman,,,,Groundout,field_out,,True,1B,3,False,False,False,False,
777673,16,2,ebcd89a1-2156-3702-a19c-6e0aeea65f6b,689414,Liam Hicks,,,2B,Double,double,,False,,,False,False,False,False,
777673,17,0,787b42c3-1bfd-3039-be85-cc8a0ebe495c,667472,Dane Myers,,,,Flyout,field_out,,True,1B,1,False,False,False,False,
777673,17,0,787b42c3-1bfd-3039-be85-cc8a0ebe495c,689414,Liam Hicks,2B,2B,3B,Flyout,field_out,r_adv_play,False,,,False,False,False,False,
777673,18,1,c40e4dfc-8d2e-391b-b87c-5e836f377422,669364,Xavier Edwards,,,,Groundout,field_out,,True,1B,2,False,False,False,False,
777673,19,3,774b713e-8463-32ff-a3c1-ecaf80714e8b,660821,Jesús Sánchez,,,2B,Double,double,,False,,,False,False,False,False,
777673,19,3,774b713e-8463-32ff-a3c1-ecaf80714e8b,689414,Liam Hicks,3B,3B,score,Double,double,r_adv_play,False,,,True,True,True,False,608566
777673,20,4,bab08f87-8cfe-3231-9813-a63c3cf06bc7,682663,Agustín Ramírez,,,1B,Single,single,,False,,,False,False,False,False,
777673,20,4,bab08f87-8cfe-3231-9813-a63c3cf06bc7,660821,Jesús Sánchez,2B,2B,,Runner Out,other_out,r_thrown_out,True,4B,3,False,False,False,False,
777673,21,3,fa1eb3f3-5955-327b-88cf-44c235a7a230,656541,Sam Hilliard,,,,Strikeout,strikeout,,True,1B,1,False,False,False,False,
777673,22,5,eca6efaa-c82a-3403-a440-2ca3e7c5ad30,678662,Ezequiel Tovar,,,,Strikeout,strikeout,,True,1B,2,False,False,False,False,
777673,23,4,57b61dda-f39f-3640-b06c-bbd2b2191ce5,696100,Hunter Goodman,,,score,Home Run,home_run,,False,,,True,True,True,False,676974
777673,24,1,adfcc48d-c519-333a-b794-e31fa76482b5,642731,Thairo Estrada,,,1B,Single,single,,False,,,False,False,False,False,
777673,25,2,4862959e-a4d7-3a67-9b85-f46d46e96c63,641857,Ryan McMahon,,,,Flyout,field_out,,True,1B,3,False,False,False,False,
777673,26,2,588d5ece-1e2d-360c-bc9c-f9d3448a09e8,669065,Kyle Stowers,,,2B,Double,double,,False,,,False,False,False,False,
777673,27,1,28fb30cd-2e4f-3c41-aa1d-a30eec6d8774,672640,Otto Lopez,,,,Lineout,field_out,,True,1B,1,False,False,False,False,
777673,27,1,28fb30cd-2e4f-3c41-aa1d-a30eec6d8774,669065,Kyle Stowers,2B,2B,3B,Lineout,field_out,r_adv_play,False,,,False,False,False,False,
777673,28,4,fe3b162f-c2f8-3bc1-9188-d7b00469761c,676572,Eric Wagaman,,,,Strikeout,strikeout,,True,1B,2,False,False,False,False,
777673,29,4,dbcf4e0b-c3b0-31b7-95a4-3cc120772b08,681393,Connor Norby,,,,Strikeout,strikeout,,True,1B,3,False,False,False,False,
777673,30,1,8a72fd79-03bd-3d0f-b4b3-a46d996c1f29,686668,Brenton Doyle,,,1B,Single,single,,False,,,False,False,False,False,
777673,31,1,b26cbbe8-d18d-3515-9116-f185d8833fd0,606115,Orlando Arcia,,,,Groundout,field_out,,True,1B,1,False,False,False,False,
777673,31,1,b26cbbe8-d18d-3515-9116-f185d8833fd0,686668,Brenton Doyle,1B,1B,2B,Groundout,field_out,r_adv_force,False,,,False,False,False,False,
777673,32,0,de3bf2f0-3de0-3d31-be7c-6a3f8c83a7c5,669374,Keston Hiura,,,,Flyout,field_out,,True,1B,2,False,False,False,False,
777673,32,0,de3bf2f0-3de0-3d31-be7c-6a3f8c83a7c5,686668,Brenton Doyle,2B,2B,3B,Flyout,field_out,r_adv_play,False,,,False,False,False,False,
777673,33,0,daaa46a6-8871-34de-a7c4-5a74da57231d,671289,Tyler Freeman,,,1B,Single,single,,False,,,False,False,False,False,
777673,33,0,daaa46a6-8871-34de-a7c4-5a74da57231d,686668,Brenton Doyle,3B,3B,score,Single,single,r_adv_play,False,,,True,True,True,False,676974
777673,34,0,15dcea8f-b5cc-3c83-b46b-8828cd36f08f,656541,Sam Hilliard,,,,Pop Out,field_out,,True,1B,3,False,False,False,False,
777673,35,6,503103fe-296b-3685-bf9d-2c81adb76b68,689414,Liam Hicks,,,1B,Single,single,,False,,,False,False,False,False,
777673,36,2,048503e2-9466-38f4-ad1e-7df890af12a8,667472,Dane Myers,,,2B,Double,double,,False,,,False,False,False,False,
777673,36,2,048503e2-9466-38f4-ad1e-7df890af12a8,689414,Liam Hicks,1B,1B,3B,Double,double,r_adv_force,False,,,False,False,False,False,
777673,37,7,156194df-46dc-3db4-b46b-e3e5df82d085,669364,Xavier Edwards,,,,Strikeout,strikeout,,True,1B,1,False,False,False,False,
777673,38,5,2667a4bd-bd7c-3902-924a-65d570b85826,660821,Jesús Sánchez,,,1B,Walk,walk,,False,,,False,False,False,False,
777673,39,1,b2b1d66b-2c64-31f6-b8e6-1b9a6a7542d1,682663,Agustín Ramírez,,,,Lineout,field_out,,True,1B,2,False,False,False,False,
777673,40,6,b15ebfd5-6d65-3fbb-9a67-965b7bdf3be0,669065,Kyle Stowers,,,,Strikeout,strikeout,,True,1B,3,False,False,False,False,
777673,41,2,0e9ce539-c1e1-332c-a166-18ddcedbd8e1,678662,Ezequiel Tovar,,,1B,Single,single,,False,,,False,False,False,False,
777673,42,0,94a07685-6323-3a05-a374-ff0499c88122,696100,Hunter Goodman,,,score,Home Run,home_run,,False,,,True,True,True,False,676974
777673,42,0,94a07685-6323-3a05-a374-ff0499c88122,678662,Ezequiel Tovar,1B,1B,score,Home Run,home_run,r_adv_force,False,,,True,True,True,False,676974
777673,43,1,35688350-2a89-3818-8ba1-638f5820e7b3,642731,Thairo Estrada,,,1B,Single,single,,False,,,False,False,False,False,
777673,44,6,160aa8ba-139c-3015-817f-24dacf942488,642731,Thairo Estrada,1B,1B,,Caught Stealing 2B,caught_stealing_2b,r_caught_stealing_2b,True,2B,1,False,False,False,False,
777673,44,8,22d72afd-75a9-34fa-8c1b-c86d6919c108,641857,Ryan McMahon,,,1B,Single,single,,False,,,False,False,False,False,
777673,45,3,1f527e65-6139-3644-83e1-3b72a1ae4315,686668,Brenton Doyle,,,,Flyout,field_out,,True,1B,2,False,False,False,False,
777673,46,2,d831d3c9-fde1-3161-9586-0aa95f6507d7,606115,Orlando Arcia,,,,Flyout,field_out,,True,1B,3,False,False,False,False,
777673,47,1,686b7d01-1c46-3ab7-b2f9-01ed2e64774d,672640,Otto Lopez,,,2B,Double,double,,False,,,False,False,False,False,
777673,48,0,044991ed-c1a5-3436-981f-f4b62352830d,676572,Eric Wagaman,,,,Groundout,field_out,,True,1B,1,False,False,False,False,
777673,49,4,f03e52a1-5063-397a-aec4-d6884b0bcf8d,681393,Connor Norby,,,,Groundout,field_out,,True,1B,2,False,False,False,False,
777673,50,5,bccad6d5-1e02-3d78-af0e-4607006543db,689414,Liam Hicks,,,,Strikeout,strikeout,,True,1B,3,False,False,False,False,
777673,51,2,9b09c289-fc81-35d5-8535-347fe459b209,669374,Keston Hiura,,,,Flyout,field_out,,True,1B,1,False,False,False,False,
777673,52,1,d429c1ab-587d-3549-aff6-b918eaa5b3c3,671289,Tyler Freeman,,,,Flyout,field_out,,True,1B,2,False,False,False,False,
777673,53,5,6a9c1808-93dc-3a42-8349-6ded9b13be82,656541,Sam Hilliard,,,,Groundout,field_out,,True,1B,3,False,False,False,False,
777673,54,2,f8e056f8-278a-3446-bb8a-b915a325fa47,667472,Dane Myers,,,,Flyout,field_out,,True,1B,1,False,False,False,False,
777673,55,4,699c564a-fe5a-35e8-a2be-5ccae257c7a6,669364,Xavier Edwards,,,1B,Single,single,,False,,,False,False,False,False,
777673,56,2,f75e73bb-79dc-313a-b633-550dadddd7bd,660821,Jesús Sánchez,,,,Flyout,field_out,,True,1B,2,False,False,False,False,
777673,57,5,00d3b942-de38-34c2-87ae-8482b288b73e,682663,Agustín Ramírez,,,,Groundout,field_out,,True,1B,3,False,False,False,False,
777673,58,5,92c6cffe-7c35-3bc1-ae8a-bae9f6266e6e,678662,Ezequiel Tovar,,,,Strikeout,strikeout,,True,1B,1,False,False,False,False,
777673,59,5,8335bef6-b0bf-345f-a98d-bea425f2d352,696100,Hunter Goodman,,,,Strikeout,strikeout,,True,1B,2,False,False,False,False,
777673,60,3,05b53bd2-4c69-380b-9f10-d0e980e7fadf,642731,Thairo Estrada,,,,Strikeout,strikeout,,True,1B,3,False,False,False,False,
777673,61,8,632af4cc-d91d-3ac6-b02f-a658781b381c,669065,Kyle Stowers,,,,Flyout,field_out,,True,1B,1,False,False,False,False,
777673,62,2,587849ea-404a-3411-9062-c1b5be735e93,672640,Otto Lopez,,,1B,Field Error,field_error,,False,,,False,False,False,False,
777673,63,5,766699ba-6f8b-3d48-80d6-cc668b0e0e69,676572,Eric Wagaman,,,,Strikeout,strikeout,,True,1B,2,False,False,False,False,
777673,64,1,9f6da933-3347-37c9-b4b6-280f56c91047,672640,Otto Lopez,1B,1B,,Forceout,force_out,r_force_out,True,2B,3,False,False,False,False,
777673,64,1,9f6da933-3347-37c9-b4b6-280f56c91047,681393,Connor Norby,,,1B,Forceout,force_out,,False,,,False,False,False,False,
777673,65,5,9e5f4e27-b9f9-31c6-803b-ed67e178634b,641857,Ryan McMahon,,,,Flyout,field_out,,True,1B,1,False,False,False,False,
777673,66,6,09a26117-631c-3a48-a3d3-0bee6c7d6cc5,686668,Brenton Doyle,,,,Strikeout,strikeout,,True,1B,2,False,False,False,False,
777673,67,0,2a0c1bda-78bb-3ffd-ac60-91c4112652dd,606115,Orlando Arcia,,,,Flyout,field_out,,True,1B,3,False,False,False,False,
777673,68,8,71bd4688-3377-37dc-84be-ab6e7127cfbb,689414,Liam Hicks,,,,Groundout,field_out,,True,1B,1,False,False,False,False,
777673,69,5,67c45636-1aea-361c-bcd1-2d4877962d65,667472,Dane Myers,,,,Strikeout,strikeout,,True,1B,2,False,False,False,False,
777673,70,7,507cb0a2-0f3e-3de7-84cb-978af359080d,669364,Xavier Edwards,,,,Lineout,field_out,,True,1B,3,False,False,False,False,
777673,71,1,3dd28456-f96b-347e-9b06-1d2815c9b894,669374,Keston Hiura,,,2B,Double,double,,False,,,False,False,False,False,
777673,72,1,1e2094cf-303d-30d2-ab0c-4c5c25fab642,671289,Tyler Freeman,,,,Flyout,field_out,,True,1B,1,False,False,False,False,
777673,73,7,8788660a-d4d4-3544-a123-6b0928b1b3a0,656541,Sam Hilliard,,,2B,Double,double,,False,,,False,False,False,False,
777673,73,7,8788660a-d4d4-3544-a123-6b0928b1b3a0,669374,Keston Hiura,2B,2B,3B,Double,double,r_adv_force,False,,,False,False,False,False,
777673,73,7,8788660a-d4d4-3544-a123-6b0928b1b3a0,669374,Keston Hiura,2B,3B,score,Double,double,r_adv_play,False,,,True,True,True,False,678368
777673,74,3,e8f00f11-f171-363b-b67b-8cbb26d4b63d,687597,Jordan Beck,,,,Pop Out,field_out,,True,1B,2,False,False,False,False,
777673,75,5,1307a2f7-076b-37ac-9833-0394c42dbcbe,696100,Hunter Goodman,,,,Pop Out,field_out,,True,1B,3,False,False,False,False,
777673,76,5,8e729b51-186a-3cee-9fc4-bb39a021229e,660821,Jesús Sánchez,,,1B,Single,single,,False,,,False,False,False,False,
777673,77,4,7bceee50-2778-339f-87f1-9561d6423658,660821,Jesús Sánchez,1B,1B,,Forceout,force_out,r_force_out,True,2B,1,False,False,False,False,
777673,77,4,7bceee50-2778-339f-87f1-9561d6423658,682663,Agustín Ramírez,,,1B,Forceout,force_out,,False,,,False,False,False,False,
777673,78,1,a4aeabfc-2aea-375e-9c01-d223e7eecbbd,682663,Agustín Ramírez,1B,1B,,Grounded Into DP,grounded_into_double_play,r_force_out,True,2B,2,False,False,False,False,
777673,78,1,a4aeabfc-2aea-375e-9c01-d223e7eecbbd,669065,Kyle Stowers,,,,Grounded Into DP,grounded_into_double_play,,True,1B,3,False,False,False,False,
777670,0,7,38d2f134-18a7-30dc-a03b-a9195f911c38,687263,Zach Neto,,,score,Home Run,home_run,,False,,,True,True,True,False,690916
777670,1,8,e682e4f8-0639-3c58-8597-aa81b4d4d39e,694384,Nolan Schanuel,,,1B,Walk,walk,,False,,,False,False,False,False,
777670,2,1,6643df9e-4d63-38c4-94b0-4347e3722ed8,621493,Taylor Ward,,,1B,Single,single,,False,,,False,False,False,False,
777670,2,1,6643df9e-4d63-38c4-94b0-4347e3722ed8,694384,Nolan Schanuel,1B,1B,2B,Single,single,r_adv_force,False,,,False,False,False,False,
777670,2,1,6643df9e-4d63-38c4-94b0-4347e3722ed8,694384,Nolan Schanuel,1B,2B,3B,Single,single,r_adv_play,False,,,False,False,False,False,
777670,3,7,e965edf7-de73-3966-abcc-4337f92ea88b,624585,Jorge Soler,,,1B,Field Error,field_error,,False,,,False,False,False,False,
777670,3,7,e965edf7-de73-3966-abcc-4337f92ea88b,694384,Nolan Schanuel,3B,3B,score,Field Error,field_error,r_adv_play,False,,,True,True,True,False,690916
777670,3,7,e965edf7-de73-3966-abcc-4337f92ea88b,621493,Taylor Ward,1B,1B,2B,Field Error,field_error,r_adv_force,False,,,False,False,False,False,
777670,4,5,6718797c-699a-3d2f-a910-0153c1dd7e00,545361,Mike Trout,,,score,Home Run,home_run,,False,,,True,True,True,False,690916
777670,4,5,6718797c-699a-3d2f-a910-0153c1dd7e00,624585,Jorge Soler,1B,1B,score,Home Run,home_run,r_adv_force,False,,,True,True,False,True,690916
777670,4,5,6718797c-699a-3d2f-a910-0153c1dd7e00,621493,Taylor Ward,2B,2B,score,Home Run,home_run,r_adv_force,False,,,True,True,True,False,690916
777670,5,5,ee15bf4c-b196-3d5d-b7c8-9a5280e6fd4c,681351,Logan O'Hoppe,,,,Lineout,field_out,,True,1B,1,False,False,False,False,
777670,6,0,799de504-e424-3901-810d-8a6aa32e50c0,666176,Jo Adell,,,score,Home Run,home_run,,False,,,True,True,True,False,690916
777670,7,1,63a9053a-0447-3da3-a767-d2880ed8612e,650859,Luis Rengifo,,,,Lineout,field_out,,True,1B,2,False,False,False,False,
777670,8,2,8e12afbe-2ede-3b84-8c71-6df8da65f464,664068,Scott Kingery,,,,Groundout,field_out,,True,1B,3,False,False,False,False,
777670,9,2,71b6dc8a-2ea8-3944-b45a-72e03be87aac,680776,Jarren Duran,,,,Flyout,field_out,,True,1B,1,False,False,False,False,
777670,10,1,91bf171e-8e0c-3ea3-9e2f-a4cb7e3f179e,646240,Rafael Devers,,,,Lineout,field_out,,True,1B,2,False,False,False,False,
777670,11,4,b503fdf3-47cf-3e23-9eb2-abdbbc5fae47,608701,Rob Refsnyder,,,,Strikeout,strikeout,,True,1B,3,False,False,False,False,
777670,12,4,ab36f04f-6f29-3bc5-b66f-5fb049d159af,687263,Zach Neto,,,,Flyout,field_out,,True,1B,1,False,False,False,False,
777670,13,2,c5638c25-e70b-3df5-9d76-3296a87f2568,694384,Nolan Schanuel,,,,Flyout,field_out,,True,1B,2,False,False,False,False,
777670,14,2,4f25bf5c-0d07-31ff-8e14-1bc1d01ca931,621493,Taylor Ward,,,,Strikeout,strikeout,,True,1B,3,False,False,False,False,
777670,15,9,8acf1ff2-4216-3070-ad6c-1a6e27af6fa5,665966,Carlos Narváez,,,,Flyout,field_out,,True,1B,1,False,False,False,False,
777670,16,2,3932d95e-83eb-3aa5-acd3-d01001060657,663853,Romy Gonzalez,,,1B,Single,single,,False,,,False,False,False,False,
777670,17,7,91294400-1db7-39c1-8b26-01aa4c9bf1f8,647351,Abraham Toro,,,1B,Single,single,,False,,,False,False,False,False,
777670,17,7,91294400-1db7-39c1-8b26-01aa4c9bf1f8,663853,Romy Gonzalez,1B,1B,2B,Single,single,r_adv_force,False,,,False,False,False,False,
777670,18,1,123bc1d7-9574-3c3b-9b93-e5a06f1e4454,647351,Abraham Toro,1B,1B,,Forceout,force_out,r_force_out,True,2B,2,False,False,False,False,
777670,18,1,123bc1d7-9574-3c3b-9b93-e5a06f1e4454,663853,Romy Gonzalez,2B,2B,3B,Forceout,force_out,r_adv_play,False,,,False,False,False,False,
777670,18,1,123bc1d7-9574-3c3b-9b93-e5a06f1e4454,596115,Trevor Story,,,1B,Forceout,force_out,,False,,,False,False,False,False,
777670,19,6,8e670990-e236-351d-bf80-392004e96554,678882,Ceddanne Rafaela,,,,Pop Out,field_out,,True,1B,3,False,False,False,False,
777670,20,3,bf1e950a-7896-3a50-b0ac-0a60898f2c0b,624585,Jorge Soler,,,,Strikeout,strikeout,,True,1B,1,False,False,False,False,
777670,21,5,6f6a1774-bda5-3325-b99b-302cadcd3caf,545361,Mike Trout,,,1B,Single,single,,False,,,False,False,False,False,
777670,22,3,3b26156e-6686-3171-b751-2686492c26c7,545361,Mike Trout,1B,1B,,Grounded Into DP,grounded_into_double_play,r_force_out,True,2B,2,False,False,False,False,
777670,22,3,3b26156e-6686-3171-b751-2686492c26c7,681351,Logan O'Hoppe,,,,Grounded Into DP,grounded_into_double_play,,True,1B,3,False,False,False,False,
777670,23,2,216c69da-a3cf-34ec-aff9-f3dffe472149,692225,Kristian Campbell,,,,Groundout,field_out,,True,1B,1,False,False,False,False,
777670,24,3,6ace69b3-3874-3fad-ba5c-4c4e6cb92b6d,680776,Jarren Duran,,,2B,Double,double,,False,,,False,False,False,False,
777670,25,3,ca2d0879-55e3-30d5-86ad-a798daf20bb3,646240,Rafael Devers,,,2B,Double,double,,False,,,False,False,False,False,
777670,25,3,ca2d0879-55e3-30d5-86ad-a798daf20bb3,680776,Jarren Duran,2B,2B,3B,Double,double,r_adv_force,False,,,False,False,False,False,
777670,25,3,ca2d0879-55e3-30d5-86ad-a798daf20bb3,680776,Jarren Duran,2B,3B,score,Double,double,r_adv_play,False,,,True,True,True,False,542881
777670,26,2,9d023ee1-c611-33c3-8d98-50592c07d5db,608701,Rob Refsnyder,,,,Strikeout,strikeout,,True,1B,2,False,False,False,False,
777670,27,7,cd696658-ff2e-37bf-9809-e7a4c4e57083,665966,Carlos Narváez,,,1B,Walk,walk,,False,,,False,False,False,False,
777670,28,4,bd8815fc-26fb-334c-b8bf-18b62e39f999,663853,Romy Gonzalez,,,,Strikeout,strikeout,,True,1B,3,False,False,False,False,
777670,29,4,480d15d5-bd91-3774-933f-fad7a1c536e9,666176,Jo Adell,,,,Strikeout,strikeout,,True,1B,1,False,False,False,False,
777670,30,0,33a5859f-cb1c-3645-986e-826295ad7491,650859,Luis Rengifo,,,1B,Single,single,,False,,,False,False,False,False,
777670,31,1,35314c28-f225-318c-b9a7-5bad25c08d78,650859,Luis Rengifo,1B,1B,,Forceout,force_out,r_force_out,True,2B,2,False,False,False,False,
777670,31,1,35314c28-f225-318c-b9a7-5bad25c08d78,664068,Scott Kingery,,,1B,Forceout,force_out,,False,,,False,False,False,False,
777670,32,5,5912c182-ae4b-3a8c-8138-f9bbdc45cef2,687263,Zach Neto,,,,Strikeout,strikeout,,True,1B,3,False,False,False,False,
777670,33,2,1d935b88-e132-3a32-9d29-90f02720ae8d,647351,Abraham Toro,,,,Strikeout,strikeout,,True,1B,1,False,False,False,False,
777670,34,2,8c39ca40-2f63-3e1f-968c-59b999739ba1,596115,Trevor Story,,,,Groundout,field_out,,True,1B,2,False,False,False,False,
777670,35,4,d4d5894a-0da6-3e51-9a26-27a234f5713d,678882,Ceddanne Rafaela,,,,Lineout,field_out,,True,1B,3,False,False,False,False,
777670,36,8,99cc80d9-ad6e-3df3-873e-ffc76532530e,694384,Nolan Schanuel,,,1B,Walk,walk,,False,,,False,False,False,False,
777670,37,1,a8fffb6c-9adc-3bc4-afc4-0fa7908f9386,621493,Taylor Ward,,,,Lineout,field_out,,True,1B,1,False,False,False,False,
777670,38,3,48ec0787-0a65-3c29-9012-dc4c4417393c,694384,Nolan Schanuel,1B,1B,,Forceout,force_out,r_force_out,True,2B,2,False,False,False,False,
777670,38,3,48ec0787-0a65-3c29-9012-dc4c4417393c,624585,Jorge Soler,,,1B,Forceout,force_out,,False,,,False,False,False,False,
777670,39,1,0bed7c22-1e3b-30ec-9dbf-2fdfd43577ba,545361,Mike Trout,,,1B,Single,single,,False,,,False,False,False,False,
777670,39,1,0bed7c22-1e3b-30ec-9dbf-2fdfd43577ba,624585,Jorge Soler,1B,1B,2B,Single,single,r_adv_force,False,,,False,False,False,False,
777670,40,0,7395be87-f6ed-37a6-8b49-bd78c3cd025e,681351,Logan O'Hoppe,,,,Lineout,field_out,,True,1B,3,False,False,False,False,
777670,41,4,e3a27ae8-088b-3c01-919a-35d0e5990fc7,692225,Kristian Campbell,,,,Strikeout,strikeout,,True,1B,1,False,False,False,False,
777670,42,5,597be824-bb57-3b7d-810d-1c7727911c6b,680776,Jarren Duran,,,2B,Double,double,,False,,,False,False,False,False,
777670,43,5,b352edb4-6c3e-3d98-a967-7b0ce381b362,646240,Rafael Devers,,,1B,Walk,walk,,False,,,False,False,False,False,
777670,44,5,a63a5dca-ae73-3de0-98db-76ab390d6d70,680776,Jarren Duran,2B,2B,3B,Wild Pitch,wild_pitch,r_adv_play,False,,,False,False,False,False,
777670,44,7,cef7b1f0-7562-3413-8781-3bf94cb271cd,608701,Rob Refsnyder,,,1B,Single,single,,False,,,False,False,False,False,
777670,44,7,cef7b1f0-7562-3413-8781-3bf94cb271cd,680776,Jarren Duran,3B,3B,score,Single,single,r_adv_play,False,,,True,True,True,False,542881
777670,44,7,cef7b1f0-7562-3413-8781-3bf94cb271cd,646240,Rafael Devers,1B,1B,2B,Single,single,r_adv_force,False,,,False,False,False,False,
777670,45,0,49ef1917-c5ac-3c4b-b186-5219a3daecb6,665966,Carlos Narváez,,,2B,Double,double,,False,,,False,False,False,False,
777670,45,0,49ef1917-c5ac-3c4b-b186-5219a3daecb6,646240,Rafael Devers,2B,2B,score,Double,double,r_adv_force,False,,,True,True,True,False,542881
777670,45,0,49ef1917-c5ac-3c4b-b186-5219a3daecb6,608701,Rob Refsnyder,1B,1B,3B,Double,double,r_adv_force,False,,,False,False,False,False,
777670,46,6,9452e953-930c-3dbb-8a2f-e8ced1ac9a0d,663853,Romy Gonzalez,,,2B,Double,double,,False,,,False,False,False,False,
777670,46,6,9452e953-930c-3dbb-8a2f-e8ced1ac9a0d,608701,Rob Refsnyder,3B,3B,score,Double,double,r_adv_play,False,,,True,True,True,False,542881
777670,46,6,9452e953-930c-3dbb-8a2f-e8ced1ac9a0d,665966,Carlos Narváez,2B,2B,3B,Double,double,r_adv_force,False,,,False,False,False,False,
777670,46,6,9452e953-930c-3dbb-8a2f-e8ced1ac9a0d,665966,Carlos Narváez,2B,3B,score,Double,double,r_adv_play,False,,,True,True,True,False,542881
777670,47,2,cb239755-7209-3e07-acf9-5c64d63771f1,647351,Abraham Toro,,,,Groundout,field_out,,True,1B,2,False,False,False,False,
777670,47,2,cb239755-7209-3e07-acf9-5c64d63771f1,663853,Romy Gonzalez,2B,2B,3B,Groundout,field_out,r_adv_play,False,,,False,False,False,False,
777670,48,4,c5a617b2-b44d-3c2e-ac9a-24471f4944af,596115,Trevor Story,,,,Strikeout,strikeout,,True,1B,3,False,False,False,False,
777670,49,0,962771e1-06df-326f-b660-798085af943e,666176,Jo Adell,,,score,Home Run,home_run,,False,,,True,True,True,False,690928
777670,50,2,4b6ea894-aaaa-3024-b2a1-210867e3e517,650859,Luis Rengifo,,,,Pop Out,field_out,,True,1B,1,False,False,False,False,
777670,51,1,0c578743-da75-3ac1-a38b-b78c56a0dec7,664068,Scott Kingery,,,,Pop Out,field_out,,True,1B,2,False,False,False,False,
777670,52,2,28fed454-8e0d-3332-84cf-be71ffc3dc9a,687263,Zach Neto,,,,Groundout,field_out,,True,1B,3,False,False,False,False,
777670,53,9,2e5ce321-9416-34dd-b81c-7ea5ee091d87,678882,Ceddanne Rafaela,,,1B,Single,single,,False,,,False,False,False,False,
777670,54,4,74028698-9472-3bd7-b066-391590fefd57,678882,Ceddanne Rafaela,1B,1B,,Forceout,force_out,r_force_out,True,2B,1,False,False,False,False,
777670,54,4,74028698-9472-3bd7-b066-391590fefd57,692225,Kristian Campbell,,,1B,Forceout,force_out,,False,,,False,False,False,False,
777670,55,4,6389f27c-a60d-3ba8-aef9-64f7218c16e2,680776,Jarren Duran,,,1B,Single,single,,False,,,False,False,False,False,
777670,55,4,6389f27c-a60d-3ba8-aef9-64f7218c16e2,692225,Kristian Campbell,1B,1B,2B,Single,single,r_adv_force,False,,,False,False,False,False,
777670,56,2,14688d1f-0c15-3159-ae50-4df90876e90a,646240,Rafael Devers,,,,Flyout,field_out,,True,1B,2,False,False,False,False,
777670,57,6,600b2249-9233-3d07-94fa-86e71d471eca,692225,Kristian Campbell,2B,2B,3B,Walk,walk,r_adv_force,False,,,False,False,False,False,
777670,57,6,600b2249-9233-3d07-94fa-86e71d471eca,680776,Jarren Duran,1B,1B,2B,Walk,walk,r_adv_force,False,,,False,False,False,False,
777670,57,6,600b2249-9233-3d07-94fa-86e71d471eca,608701,Rob Refsnyder,,,1B,Walk,walk,,False,,,False,False,False,False,
777670,58,3,816aa88a-d47f-3a25-bf3c-c7095ca2ea58,665966,Carlos Narváez,,,,Groundout,field_out,,True,1B,3,False,False,False,False,
777670,59,8,f7a57c24-3ae1-3bb9-aeaa-4f744c93ac12,694384,Nolan Schanuel,,,1B,Field Error,field_error,,False,,,False,False,False,False,
777670,60,6,82223c3c-d1ed-3e66-b873-1be7cfc7a26d,621493,Taylor Ward,,,,Strikeout,strikeout,,True,1B,1,False,False,False,False,
777670,61,4,8b9abf94-7303-33f2-a141-4a04f0968105,694384,Nolan Schanuel,1B,1B,2B,Walk,walk,r_adv_force,False,,,False,False,False,False,
777670,61,4,8b9abf94-7303-33f2-a141-4a04f0968105,624585,Jorge Soler,,,1B,Walk,walk,,False,,,False,False,False,False,
777670,62,1,46e35f80-31f8-316b-ab6e-6a1b3640cfc8,694384,Nolan Schanuel,2B,2B,,Grounded Into DP,grounded_into_double_play,r_force_out,True,3B,2,False,False,False,False,
777670,62,1,46e35f80-31f8-316b-ab6e-6a1b3640cfc8,545361,Mike Trout,,,,Grounded Into DP,grounded_into_double_play,,True,1B,3,False,False,False,False,
777670,63,4,93cf699a-2c57-3782-b2ef-99708ada33b9,663853,Romy Gonzalez,,,,Groundout,field_out,,True,1B,1,False,False,False,False,
777670,64,8,b76b975c-27a7-323f-b230-6eceb4a54efc,647351,Abraham Toro,,,,Strikeout,strikeout,,True,1B,2,False,False,False,False,
777670,65,4,a65cd8df-6ace-38df-8d16-04823389a351,596115,Trevor Story,,,,Strikeout,strikeout,,True,1B,3,False,False,False,False,
777670,66,4,884655f0-d9cb-3bfa-b798-791d77604b2c,681351,Logan O'Hoppe,,,,Flyout,field_out,,True,1B,1,False,False,False,False,
777670,67,6,8a571edb-5799-3294-8cab-57df08b01077,666176,Jo Adell,,,,Pop Out,field_out,,True,1B,2,False,False,False,False,
777670,68,0,d3e9335e-5cc0-3a08-8de0-b36360f8701e,650859,Luis Rengifo,,,,Groundout,field_out,,True,1B,3,False,False,False,False,
777670,69,7,23786210-52b1-3cc1-913a-c2ba27b1fe2e,678882,Ceddanne Rafaela,,,score,Home Run,home_run,,False,,,True,True,True,False,593576
777670,70,4,82c7d1ae-be7b-35e6-80fd-4af2b0ddc09a,692225,Kristian Campbell,,,,Groundout,field_out,,True,1B,1,False,False,False,False,
777670,71,5,bb5b7630-391a-3350-9222-57a5a34e93c0,680776,Jarren Duran,,,,Strikeout,strikeout,,True,1B,2,False,False,False,False,
777670,72,1,790db96c-3221-386e-ab13-81868f2d9cdd,646240,Rafael Devers,,,,Flyout,field_out,,True,1B,3,False,False,False,False,
777670,73,3,2fcf5a2f-fc7b-32cb-97d0-6a00c9161848,621028,Kevin Newman,,,,Lineout,field_out,,True,1B,1,False,False,False,False,
777670,74,6,ede68cc4-2c3d-334f-aded-2a2873fd6957,687263,Zach Neto,,,,Groundout,field_out,,True,1B,2,False,False,False,False,
777670,75,0,3572a77d-26ec-32a6-aec6-1c048ec89aa0,694384,Nolan Schanuel,,,,Groundout,field_out,,True,1B,3,False,False,False,False,
777670,76,5,802e42bc-b816-3e7d-b486-26efb15df1f8,677800,Wilyer Abreu,,,,Strikeout,strikeout,,True,1B,1,False,False,False,False,
777670,77,2,00810c40-64d8-35e0-a276-d2c6053e5580,665966,Carlos Narváez,,,,Flyout,field_out,,True,1B,2,False,False,False,False,
777670,78,2,78008817-3f11-3fff-8a0a-e048a84a361c,663853,Romy Gonzalez,,,,Flyout,field_out,,True,1B,3,False,False,False,False,
777671,0,8,1d9500a9-12e5-366c-bdf2-15c86d6b793e,668930,Brice Turang,,,,Strikeout,strikeout,,True,1B,1,False,False,False,False,
777671,1,5,89acedd5-fd8c-35c6-b3b0-08fe0f811f2c,694192,Jackson Chourio,,,1B,Single,single,,False,,,False,False,False,False,
777671,2,3,93f0b929-4396-3313-9b22-ab963dbfceba,661388,William Contreras,,,,Pop Out,field_out,,True,1B,2,False,False,False,False,
777671,3,5,c6de9ec8-abd6-3663-ae68-faadd8d8ec40,592885,Christian Yelich,,,,Strikeout,strikeout,,True,1B,3,False,False,False,False,
777671,4,4,ac0b3845-664b-31ee-aeb0-66f3fad08bdf,670770,TJ Friedl,,,2B,Double,double,,False,,,False,False,False,False,
777671,5,3,e5acad86-b840-3fc4-9293-c954dc168582,666158,Gavin Lux,,,,Strikeout,strikeout,,True,1B,1,False,False,False,False,
777671,6,1,c2171a00-a138-38ff-bc6a-8ce1535c92b6,682829,Elly De La Cruz,,,1B,Single,single,,False,,,False,False,False,False,
777671,6,1,c2171a00-a138-38ff-bc6a-8ce1535c92b6,670770,TJ Friedl,2B,2B,score,Single,single,r_adv_play,False,,,True,True,True,False,650644
777671,7,5,2e474273-3e46-3558-bbb7-6ec1acc33a57,663886,Tyler Stephenson,,,1B,Single,single,,False,,,False,False,False,False,
777671,7,5,2e474273-3e46-3558-bbb7-6ec1acc33a57,682829,Elly De La Cruz,1B,1B,2B,Single,single,r_adv_force,False,,,False,False,False,False,
777671,7,5,2e474273-3e46-3558-bbb7-6ec1acc33a57,682829,Elly De La Cruz,1B,2B,3B,Single,single,r_adv_play,False,,,False,False,False,False,
777671,8,2,8889f36a-ecdf-3c85-8534-8b64fb864a65,668715,Spencer Steer,,,1B,Single,single,,False,,,False,False,False,False,
777671,8,2,8889f36a-ecdf-3c85-8534-8b64fb864a65,668715,Spencer Steer,,1B,2B,Single,single,r_adv_play,False,,,False,False,False,False,
777671,8,2,8889f36a-ecdf-3c85-8534-8b64fb864a65,663886,Tyler Stephenson,1B,1B,2B,Single,single,r_adv_force,False,,,False,False,False,False,
777671,8,2,8889f36a-ecdf-3c85-8534-8b64fb864a65,663886,Tyler Stephenson,1B,2B,3B,Error,error,r_adv_play,False,,,False,False,False,False,
777671,8,2,8889f36a-ecdf-3c85-8534-8b64fb864a65,682829,Elly De La Cruz,3B,3B,score,Error,error,r_adv_play,False,,,True,True,True,False,650644
777671,9,3,c4235810-6a58-3399-9de8-25a92b2259e5,666181,Will Benson,,,,Strikeout,strikeout,,True,1B,2,False,False,False,False,
777671,10,3,ee53b11d-cc86-3082-ac90-6a08f76674b7,624431,Jose Trevino,,,,Pop Out,field_out,,True,1B,3,False,False,False,False,
777671,11,5,d63087b5-59b1-3f55-929a-329e953dc68c,656555,Rhys Hoskins,,,,Groundout,field_out,,True,1B,1,False,False,False,False,
777671,12,5,2bbb88ad-3db5-3397-a040-03ba2878b0e4,686217,Sal Frelick,,,1B,Single,single,,False,,,False,False,False,False,
777671,13,0,de4dadd9-0f45-39b6-be5b-21c75f9e7fb9,655316,Andruw Monasterio,,,2B,Double,double,,False,,,False,False,False,False,
777671,13,0,de4dadd9-0f45-39b6-be5b-21c75f9e7fb9,686217,Sal Frelick,1B,1B,3B,Double,double,r_adv_force,False,,,False,False,False,False,
777671,14,4,a712ef5f-cd8c-34ca-9548-f842f9ecb76e,641343,Jake Bauers,,,1B,Walk,walk,,False,,,False,False,False,False,
777671,15,4,fea79a11-8fbf-3027-a0a3-a28aa1c6f578,686217,Sal Frelick,3B,3B,score,Walk,walk,r_adv_force,False,,,True,True,True,False,663903
777671,15,4,fea79a11-8fbf-3027-a0a3-a28aa1c6f578,655316,Andruw Monasterio,2B,2B,3B,Walk,walk,r_adv_force,False,,,False,False,False,False,
777671,15,4,fea79a11-8fbf-3027-a0a3-a28aa1c6f578,641343,Jake Bauers,1B,1B,2B,Walk,walk,r_adv_force,False,,,False,False,False,False,
777671,15,4,fea79a11-8fbf-3027-a0a3-a28aa1c6f578,687401,Joey Ortiz,,,1B,Walk,walk,,False,,,False,False,False,False,
777671,16,3,d80d7544-de5e-327f-840e-659bedcdc1f6,668930,Brice Turang,,,,Sac Fly Double Play,sac_fly_double_play,,True,1B,2,False,False,False,False,
777671,16,3,d80d7544-de5e-327f-840e-659bedcdc1f6,641343,Jake Bauers,2B,2B,,Sac Fly Double Play,sac_fly_double_play,r_thrown_out,True,3B,3,False,False,False,False,
777671,16,3,d80d7544-de5e-327f-840e-659bedcdc1f6,655316,Andruw Monasterio,3B,3B,score,Sac Fly Double Play,sac_fly_double_play,r_adv_play,False,,,True,True,True,False,663903
777671,17,1,cb7be525-b72d-3142-ad0e-2531191d5e6b,641584,Jake Fraley,,,,Lineout,field_out,,True,1B,1,False,False,False,False,
777671,18,3,cb16f98b-d500-3662-ba34-ab228a0c55df,641658,Garrett Hampson,,,,Lineout,field_out,,True,1B,2,False,False,False,False,
777671,19,6,83961bf7-eb71-34a6-ac14-eb9bcd77373b,670770,TJ Friedl,,,1B,Walk,walk,,False,,,False,False,False,False,
777671,20,4,c9962156-2f86-3f2d-b882-54464fa3e13c,666158,Gavin Lux,,,1B,Single,single,,False,,,False,False,False,False,
777671,20,4,c9962156-2f86-3f2d-b882-54464fa3e13c,670770,TJ Friedl,1B,1B,2B,Single,single,r_adv_force,False,,,False,False,False,False,
777671,20,4,c9962156-2f86-3f2d-b882-54464fa3e13c,670770,TJ Friedl,1B,2B,3B,Single,single,r_adv_play,False,,,False,False,False,False,
777671,21,4,88f68c95-3ac6-3401-8426-071262aba674,682829,Elly De La Cruz,,,,Groundout,field_out,,True,1B,3,False,False,False,False,
777671,22,8,44e1d216-ba72-3be1-8908-e938fe2df5b0,694192,Jackson Chourio,,,,Pop Out,field_out,,True,1B,1,False,False,False,False,
777671,23,6,a7123031-3f80-3cdd-82d2-18896f83089b,661388,William Contreras,,,,Groundout,field_out,,True,1B,2,False,False,False,False,
777671,24,5,cbc777ac-ab22-38ef-ba15-15ffd90b73cf,592885,Christian Yelich,,,score,Home Run,home_run,,False,,,True,True,True,False,663903
777671,25,4,0ab1e641-09e6-36de-8746-6b93733f48ae,656555,Rhys Hoskins,,,,Flyout,field_out,,True,1B,3,False,False,False,False,
777671,26,1,9cecece9-3a46-3683-9927-99b6ed66dee9,663886,Tyler Stephenson,,,,Lineout,field_out,,True,1B,1,False,False,False,False,
777671,27,3,32907e98-b465-3f55-908c-0ab47f159384,668715,Spencer Steer,,,,Strikeout,strikeout,,True,1B,2,False,False,False,False,
777671,28,5,dd1d34f9-8391-33a6-be6a-51ffc1ab94cc,666181,Will Benson,,,,Strikeout,strikeout,,True,1B,3,False,False,False,False,
777671,29,2,a5d2bf66-b474-363f-8267-03957664289e,686217,Sal Frelick,,,,Groundout,field_out,,True,1B,1,False,False,False,False,
777671,30,5,946dfe88-1c2f-3230-a662-d6f70108b6e4,655316,Andruw Monasterio,,,,Strikeout,strikeout,,True,1B,2,False,False,False,False,
777671,31,0,8a476828-51ed-328a-bf73-b0f4bae06f5b,641343,Jake Bauers,,,,Groundout,field_out,,True,1B,3,False,False,False,False,
777671,32,3,937fcc50-217e-3964-9f06-a17534d8e69f,624431,Jose Trevino,,,,Flyout,field_out,,True,1B,1,False,False,False,False,
777671,33,1,b31a950e-b81f-3e6d-99ea-195840741bdc,641584,Jake Fraley,,,,Flyout,field_out,,True,1B,2,False,False,False,False,
777671,34,6,cbd6039d-f54f-3960-b0d8-a3c6ae64f138,641658,Garrett Hampson,,,,Strikeout,strikeout,,True,1B,3,False,False,False,False,
777671,35,8,6622ae17-468e-3aa2-9a86-413325580019,687401,Joey Ortiz,,,1B,Walk,walk,,False,,,False,False,False,False,
777671,36,2,84db242c-0a05-3a20-8d75-eac5c2a6b44e,687401,Joey Ortiz,1B,1B,,Forceout,force_out,r_force_out,True,2B,1,False,False,False,False,
777671,36,2,84db242c-0a05-3a20-8d75-eac5c2a6b44e,668930,Brice Turang,,,1B,Forceout,force_out,,False,,,False,False,False,False,
777671,37,3,0d8453b9-16f2-314e-bf8a-a197bda63f4a,694192,Jackson Chourio,,,,Strikeout,strikeout,,True,1B,2,False,False,False,False,
777671,38,3,bf3f2503-cef9-398c-bfbf-3ad049151925,661388,William Contreras,,,,Flyout,field_out,,True,1B,3,False,False,False,False,
777671,39,0,035f58e7-b3d6-3069-8974-0dba78661352,670770,TJ Friedl,,,1B,Single,single,,False,,,False,False,False,False,
777671,40,7,9bcb2a99-2240-3262-8f2a-2f2a456aecd3,670770,TJ Friedl,1B,1B,,Grounded Into DP,grounded_into_double_play,r_force_out,True,2B,1,False,False,False,False,
777671,40,7,9bcb2a99-2240-3262-8f2a-2f2a456aecd3,666158,Gavin Lux,,,,Grounded Into DP,grounded_into_double_play,,True,1B,2,False,False,False,False,
777671,41,3,a57c76a8-5835-3401-b852-a51453095505,682829,Elly De La Cruz,,,,Groundout,field_out,,True,1B,3,False,False,False,False,
777671,42,4,c8f1aaee-b336-3ff3-8721-598a103b2526,592885,Christian Yelich,,,,Lineout,field_out,,True,1B,1,False,False,False,False,
777671,43,5,4630b3b3-53bd-3b48-9704-2f69da88a00f,656555,Rhys Hoskins,,,,Strikeout,strikeout,,True,1B,2,False,False,False,False,
777671,44,3,974f0315-469a-32dc-8ee9-4db7ed39af54,686217,Sal Frelick,,,1B,Single,single,,False,,,False,False,False,False,
777671,45,6,d1069812-b7d3-39e2-acb1-15d5bf8a2ddf,655316,Andruw Monasterio,,,,Pop Out,field_out,,True,1B,3,False,False,False,False,
777671,46,1,95bc1dc6-1c03-360d-9fb6-db063c3c3c3f,663886,Tyler Stephenson,,,1B,Single,single,,False,,,False,False,False,False,
777671,47,1,a2e3e462-d207-3d2c-8dab-50c9326151e4,668715,Spencer Steer,,,,Lineout,field_out,,True,1B,1,False,False,False,False,
777671,48,6,95fa9a6d-c657-33dc-9952-c188cf87147b,656582,Connor Joe,,,1B,Single,single,,False,,,False,False,False,False,
777671,48,6,95fa9a6d-c657-33dc-9952-c188cf87147b,663886,Tyler Stephenson,1B,1B,2B,Single,single,r_adv_force,False,,,False,False,False,False,
777671,49,2,ff3015cf-4c41-3e74-b904-0c597ae96528,624431,Jose Trevino,,,,Strikeout,strikeout,,True,1B,2,False,False,False,False,
777671,50,6,73d239fe-cf7c-3e7a-9782-9e1080825e62,669289,Santiago Espinal,,,,Groundout,field_out,,True,1B,3,False,False,False,False,
777671,51,8,d124cc7f-63fe-3931-acf7-093e05cd0820,641343,Jake Bauers,,,,Strikeout,strikeout,,True,1B,1,False,False,False,False,
777671,52,0,152d2f51-d574-3d95-86cc-c1df6e1ea2ab,687401,Joey Ortiz,,,,Groundout,field_out,,True,1B,2,False,False,False,False,
777671,53,1,6b911caf-dd24-3295-a708-bb77b7edff38,668930,Brice Turang,,,,Flyout,field_out,,True,1B,3,False,False,False,False,
777671,54,4,4be96258-91b3-3173-ac7b-752269a941db,641658,Garrett Hampson,,,,Strikeout,strikeout,,True,1B,1,False,False,False,False,
777671,55,1,2318bf89-0fa2-3e0e-a83d-ef6cf6289312,670770,TJ Friedl,,,,Groundout,field_out,,True,1B,2,False,False,False,False,
777671,56,5,a274c178-e5a2-3f6f-864a-31020cf34361,666158,Gavin Lux,,,1B,Walk,walk,,False,,,False,False,False,False,
777671,57,6,0c4c2eec-f965-3486-9a95-20f99dc5963b,682829,Elly De La Cruz,,,,Strikeout,strikeout,,True,1B,3,False,False,False,False,
777671,58,4,335ec70c-006f-3a96-82b7-ffb0519c8b5e,694192,Jackson Chourio,,,,Pop Out,field_out,,True,1B,1,False,False,False,False,
777671,59,0,ce51bf1a-b4df-3905-b6df-70e52b852223,661388,William Contreras,,,,Lineout,field_out,,True,1B,2,False,False,False,False,
777671,60,7,227a6fce-8c43-3583-9540-f5b9b1d1c8d2,592885,Christian Yelich,,,,Flyout,field_out,,True,1B,3,False,False,False,False,
777671,61,6,2f487972-d58b-371b-90fa-27a4fc6b832e,663886,Tyler Stephenson,,,,Strikeout,strikeout,,True,1B,1,False,False,False,False,
777671,62,2,e9b9513e-a9ad-3955-bb39-69bf1421c2e0,668715,Spencer Steer,,,,Pop Out,field_out,,True,1B,2,False,False,False,False,
777671,63,3,da0b671a-da14-3e43-809c-84cf7a9684be,656582,Connor Joe,,,,Strikeout,strikeout,,True,1B,3,False,False,False,False,
777671,64,9,39d03ab6-5bf4-3a57-9de1-1b8fede39450,656555,Rhys Hoskins,,,,Flyout,field_out,,True,1B,1,False,False,False,False,
777671,65,5,05a9a9e5-220b-3518-ae7b-330327c45d16,686217,Sal Frelick,,,,Strikeout,strikeout,,True,1B,2,False,False,False,False,
777671,66,4,1db9dcb5-3de1-373c-8700-5fb20247f700,655316,Andruw Monasterio,,,,Groundout,field_out,,True,1B,3,False,False,False,False,
777671,67,3,c26a50f4-01dd-36fe-9213-4a7161cf28ac,624431,Jose Trevino,,,,Groundout,field_out,,True,1B,1,False,False,False,False,
777671,68,7,1d2bcf18-5a22-39e5-b22e-2c5b999cfd83,669289,Santiago Espinal,,,,Lineout,field_out,,True,1B,2,False,False,False,False,
777671,69,4,254cc19b-bd1d-336c-82be-d8449f9c8031,641658,Garrett Hampson,,,,Strikeout,strikeout,,True,1B,3,False,False,False,False,
777674,0,8,c2b8e8ed-5780-38f7-9fdf-9b028da9171b,678009,Parker Meadows,,,,Strikeout,strikeout,,True,1B,1,False,False,False,False,
777674,1,4,8ed16720-e7ee-3b73-9306-80fa5d2d8c9b,650402,Gleyber Torres,,,1B,Single,single,,False,,,False,False,False,False,
777674,2,2,585bb758-b604-394a-9450-2ed0ba443f65,681481,Kerry Carpenter,,,score,Home Run,home_run,,False,,,True,True,True,False,686563
777674,2,2,585bb758-b604-394a-9450-2ed0ba443f65,650402,Gleyber Torres,1B,1B,score,Home Run,home_run,r_adv_force,False,,,True,True,True,False,686563
777674,3,3,b1a7de22-3b19-346f-95b2-ba893e5fa01d,682985,Riley Greene,,,,Strikeout,strikeout,,True,1B,2,False,False,False,False,
777674,4,6,70313a9a-7706-343c-814a-6807eed04f48,693307,Dillon Dingler,,,score,Home Run,home_run,,False,,,True,True,True,False,686563
777674,5,5,18350bb3-5822-3fa7-9499-7826f087a227,690993,Colt Keith,,,,Strikeout,strikeout,,True,1B,3,False,False,False,False,
777674,6,4,38a4e5c2-fd58-3d8d-ab87-9ddaf5637005,805367,Chase Meidroth,,,2B,Double,double,,False,,,False,False,False,False,
777674,7,4,0df64c1b-4bfa-33e8-9a3f-53e8f3f6daec,643565,Mike Tauchman,,,,Strikeout,strikeout,,True,1B,1,False,False,False,False,
777674,8,7,d047dfed-b781-37bd-8582-1d6c886295e2,678246,Miguel Vargas,,,,Groundout,field_out,,True,1B,2,False,False,False,False,
777674,8,7,d047dfed-b781-37bd-8582-1d6c886295e2,805367,Chase Meidroth,2B,2B,3B,Groundout,field_out,r_adv_play,False,,,False,False,False,False,
777674,9,3,b0226e6a-b060-3562-84e3-7118901548c4,643217,Andrew Benintendi,,,,Lineout,field_out,,True,1B,3,False,False,False,False,
777674,10,5,63627902-4c87-3c76-bfe4-4e9a88741bf5,656716,Zach McKinstry,,,1B,Walk,walk,,False,,,False,False,False,False,
777674,11,5,6c4b712f-f2ec-39e0-9450-56f89210a224,672761,Wenceel Pérez,,,score,Home Run,home_run,,False,,,True,True,True,False,686563
777674,11,5,6c4b712f-f2ec-39e0-9450-56f89210a224,656716,Zach McKinstry,1B,1B,score,Home Run,home_run,r_adv_force,False,,,True,True,True,False,686563
777674,12,3,d722ad4c-7458-3ecc-b7cf-08aaaa85006c,595879,Javier Báez,,,,Flyout,field_out,,True,1B,1,False,False,False,False,
777674,13,6,abb6c837-4c1c-3514-9955-0428f16c7427,678009,Parker Meadows,,,1B,Walk,walk,,False,,,False,False,False,False,
777674,14,7,6a842aea-5774-3ed1-9e97-d3b26380df8e,678009,Parker Meadows,1B,1B,2B,Stolen Base 2B,stolen_base_2b,r_stolen_base_2b,False,,,False,False,False,False,
777674,14,8,baa83fd8-d254-3d23-ad84-c160556e7f58,650402,Gleyber Torres,,,,Flyout,field_out,,True,1B,2,False,False,False,False,
777674,15,5,85891f9e-a5fb-3e0f-aa73-c048c561d016,681481,Kerry Carpenter,,,,Strikeout,strikeout,,True,1B,3,False,False,False,False,
777674,16,2,9972f185-95fd-365b-bace-1624a9c2c8e3,672820,Lenyn Sosa,,,,Flyout,field_out,,True,1B,1,False,False,False,False,
777674,17,4,a127fe6d-7a27-3f21-85c4-80d9bac8b7e1,641943,Joshua Palacios,,,,Strikeout,strikeout,,True,1B,2,False,False,False,False,
777674,18,6,bf698f0e-c2a2-361e-b7bc-27fea5df9227,673357,Luis Robert Jr.,,,,Strikeout,strikeout,,True,1B,3,False,False,False,False,
777674,19,6,8e4ce5e3-c7c5-3217-9255-5efb022186b5,682985,Riley Greene,,,,Strikeout,strikeout,,True,1B,1,False,False,False,False,
777674,20,4,83e9a6d3-9809-3a89-843a-4ac982abc1d5,693307,Dillon Dingler,,,,Lineout,field_out,,True,1B,2,False,False,False,False,
777674,21,6,47b20bda-aa12-3734-9fd5-3e71ff158293,690993,Colt Keith,,,1B,Walk,walk,,False,,,False,False,False,False,
777674,22,8,dccf9a43-5340-3f5c-8708-ffd49678e248,656716,Zach McKinstry,,,,Groundout,field_out,,True,1B,3,False,False,False,False,
777674,23,1,fc4d29a7-5bff-3952-8593-efe4375d6c94,668942,Josh Rojas,,,,Groundout,field_out,,True,1B,1,False,False,False,False,
777674,24,7,3780257f-22ff-318f-91cd-fcbb6776511e,686676,Korey Lee,,,,Groundout,field_out,,True,1B,2,False,False,False,False,
777674,25,1,92b5f8a5-a559-3dbf-8e95-f78344a374be,805367,Chase Meidroth,,,,Flyout,field_out,,True,1B,3,False,False,False,False,
777674,26,4,efe018ff-d53c-3691-ad64-12dcb5533296,672761,Wenceel Pérez,,,,Flyout,field_out,,True,1B,1,False,False,False,False,
777674,27,3,579ce9eb-f489-3df1-b33c-a9c0e6e8a1b8,595879,Javier Báez,,,,Groundout,field_out,,True,1B,2,False,False,False,False,
777674,28,5,cf4280e8-8a78-349b-90b8-bb896e3f5537,678009,Parker Meadows,,,2B,Double,double,,False,,,False,False,False,False,
777674,29,5,b31e90df-25e4-300a-95be-c9b253289e97,650402,Gleyber Torres,,,1B,Single,single,,False,,,False,False,False,False,
777674,29,5,b31e90df-25e4-300a-95be-c9b253289e97,678009,Parker Meadows,2B,2B,score,Single,single,r_adv_play,False,,,True,True,True,False,669060
777674,30,6,d0a40848-fc8a-3d6c-8124-fa8e731a0c52,681481,Kerry Carpenter,,,score,Home Run,home_run,,False,,,True,True,True,False,669060
777674,30,6,d0a40848-fc8a-3d6c-8124-fa8e731a0c52,650402,Gleyber Torres,1B,1B,score,Home Run,home_run,r_adv_force,False,,,True,True,True,False,669060
777674,31,3,59d7357d-044f-3b70-afaf-6de609b4e2bc,682985,Riley Greene,,,1B,Single,single,,False,,,False,False,False,False,
777674,32,2,57e4fd25-79fe-30d4-bd0c-8149ca8c492a,693307,Dillon Dingler,,,,Strikeout,strikeout,,True,1B,3,False,False,False,False,
777674,33,7,8233bd48-71ea-3267-bf16-be40fde9198b,643565,Mike Tauchman,,,,Groundout,field_out,,True,1B,1,False,False,False,False,
777674,34,3,063956fb-388a-38be-a75f-ba3ce44992ba,678246,Miguel Vargas,,,1B,Single,single,,False,,,False,False,False,False,
777674,35,0,d7b7ed90-9abf-3a26-8ac1-e841b121e63f,643217,Andrew Benintendi,,,,Lineout,field_out,,True,1B,2,False,False,False,False,
777674,36,2,393f4325-baa0-3cd0-a13f-de9777ea42e0,672820,Lenyn Sosa,,,,Flyout,field_out,,True,1B,3,False,False,False,False,
777674,37,2,c4ca07df-d4fd-3c3d-8d63-5f3b12866c8e,690993,Colt Keith,,,,Lineout,field_out,,True,1B,1,False,False,False,False,
777674,38,1,6e1e3b6c-463b-32b4-8865-ab55cd64a77d,656716,Zach McKinstry,,,,Pop Out,field_out,,True,1B,2,False,False,False,False,
777674,39,0,565ea447-a38b-33ed-81b3-aa18418fa577,672761,Wenceel Pérez,,,2B,Double,double,,False,,,False,False,False,False,
777674,40,2,1f4ee19f-b12d-3759-a97d-bf87bcaa21ac,595879,Javier Báez,,,,Groundout,field_out,,True,1B,3,False,False,False,False,
777674,41,4,6a7dbb8d-74ff-35c7-8de1-1f353f7211db,641943,Joshua Palacios,,,,Pop Out,field_out,,True,1B,1,False,False,False,False,
777674,42,3,10477d75-0374-3382-b3a9-9f761facb09f,673357,Luis Robert Jr.,,,,Lineout,field_out,,True,1B,2,False,False,False,False,
777674,43,6,f19c55b0-7c47-326f-b7ef-792665dcca69,668942,Josh Rojas,,,1B,Walk,walk,,False,,,False,False,False,False,
777674,44,5,6c640a93-fb76-3c19-a7d8-1b13eaaf50d2,686676,Korey Lee,,,,Strikeout,strikeout,,True,1B,3,False,False,False,False,
777674,45,5,e1e3c7ac-6ea6-3d61-9dc7-0fe3b2aa1842,678009,Parker Meadows,,,3B,Triple,triple,,False,,,False,False,False,False,
777674,46,0,c00088ba-22d4-38e9-bfab-8fa35ad0903b,650402,Gleyber Torres,,,,Groundout,field_out,,True,1B,1,False,False,False,False,
777674,46,0,c00088ba-22d4-38e9-bfab-8fa35ad0903b,678009,Parker Meadows,3B,3B,score,Groundout,field_out,r_adv_play,False,,,True,True,True,False,669060
777674,47,2,5e324503-d06f-3d9d-841b-35baed5bd0e4,681481,Kerry Carpenter,,,score,Home Run,home_run,,False,,,True,True,True,False,669060
777674,48,1,2c283c52-1525-3fc8-ae93-4245f8b71c29,682985,Riley Greene,,,,Flyout,field_out,,True,1B,2,False,False,False,False,
777674,49,4,a55a6218-0f30-378a-b2c5-ab67e98a0f68,693307,Dillon Dingler,,,,Strikeout,strikeout,,True,1B,3,False,False,False,False,
777674,50,3,8d0a8576-e9d5-3142-af25-8f67483d81e6,805367,Chase Meidroth,,,1B,Single,single,,False,,,False,False,False,False,
777674,51,0,4553459f-7de4-3cc5-a5fb-756e2c5c4983,643565,Mike Tauchman,,,,Pop Out,field_out,,True,1B,1,False,False,False,False,
777674,52,0,c6b3114c-8458-3b65-a6e9-78edb15af7a1,596103,Austin Slater,,,2B,Double,double,,False,,,False,False,False,False,
777674,52,0,c6b3114c-8458-3b65-a6e9-78edb15af7a1,805367,Chase Meidroth,1B,1B,3B,Double,double,r_adv_force,False,,,False,False,False,False,
777674,53,7,44b6dd44-eba0-3f79-a72f-fdb8285022ad,681962,Vinny Capra,,,,Groundout,field_out,,True,1B,2,False,False,False,False,
777674,53,7,44b6dd44-eba0-3f79-a72f-fdb8285022ad,805367,Chase Meidroth,3B,3B,score,Groundout,field_out,r_adv_play,False,,,True,True,True,False,656427
777674,54,4,a918a800-0330-3d42-b0fe-a31d190c72a3,672820,Lenyn Sosa,,,,Groundout,field_out,,True,1B,3,False,False,False,False,
777674,55,1,9109f168-f00b-3500-bdb7-57a5c87aebe6,690993,Colt Keith,,,1B,Single,single,,False,,,False,False,False,False,
777674,56,2,d9bac596-f22d-3438-a20f-0c62c9512d52,656716,Zach McKinstry,,,,Double Play,double_play,,True,1B,1,False,False,False,False,
777674,56,2,d9bac596-f22d-3438-a20f-0c62c9512d52,690993,Colt Keith,1B,1B,,Double Play,double_play,r_doubled_off,True,1B,2,False,False,False,False,
777674,57,2,27bf9e59-c8cd-3940-98b1-16129c9f1be4,672761,Wenceel Pérez,,,,Flyout,field_out,,True,1B,3,False,False,False,False,
777674,58,7,0c09de5d-528b-3bd6-9731-7296a0b20e89,641943,Joshua Palacios,,,1B,Hit By Pitch,hit_by_pitch,,False,,,False,False,False,False,
777674,59,0,558a0b81-f21f-3f45-bef2-ee0ad9d7395c,673357,Luis Robert Jr.,,,,Pop Out,field_out,,True,1B,1,False,False,False,False,
777674,60,1,8dd24b3b-e85c-3eea-aee2-f5c113ad251d,641943,Joshua Palacios,1B,1B,,Grounded Into DP,grounded_into_double_play,r_force_out,True,2B,2,False,False,False,False,
777674,60,1,8dd24b3b-e85c-3eea-aee2-f5c113ad251d,668942,Josh Rojas,,,,Grounded Into DP,grounded_into_double_play,,True,1B,3,False,False,False,False,
777674,61,1,0da7834c-bacd-3664-8ea5-07b0661f935c,595879,Javier Báez,,,1B,Single,single,,False,,,False,False,False,False,
777674,62,6,6d46a2e0-b581-3291-8133-7b6609bf71e5,595879,Javier Báez,1B,1B,2B,Walk,walk,r_adv_force,False,,,False,False,False,False,
777674,62,6,6d46a2e0-b581-3291-8133-7b6609bf71e5,678009,Parker Meadows,,,1B,Walk,walk,,False,,,False,False,False,False,
777674,63,1,1ba33e86-5cf2-35ba-9f2d-3e51d2a6c850,628451,Andy Ibáñez,,,1B,Single,single,,False,,,False,False,False,False,
777674,63,1,1ba33e86-5cf2-35ba-9f2d-3e51d2a6c850,595879,Javier Báez,2B,2B,3B,Single,single,r_adv_force,False,,,False,False,False,False,
777674,63,1,1ba33e86-5cf2-35ba-9f2d-3e51d2a6c850,595879,Javier Báez,2B,3B,score,Single,single,r_adv_play,False,,,True,True,True,False,669060
777674,63,1,1ba33e86-5cf2-35ba-9f2d-3e51d2a6c850,678009,Parker Meadows,1B,1B,2B,Single,single,r_adv_force,False,,,False,False,False,False,
777674,64,1,7f1bb71e-f521-374f-9cab-062ceeae9687,681481,Kerry Carpenter,,,,Flyout,field_out,,True,1B,1,False,False,False,False,
777674,65,2,e18c30c8-208a-3466-a268-ff0a006510c2,700242,Trey Sweeney,,,1B,Single,single,,False,,,False,False,False,False,
777674,65,2,e18c30c8-208a-3466-a268-ff0a006510c2,678009,Parker Meadows,2B,2B,3B,Single,single,r_adv_force,False,,,False,False,False,False,
777674,65,2,e18c30c8-208a-3466-a268-ff0a006510c2,628451,Andy Ibáñez,1B,1B,2B,Single,single,r_adv_force,False,,,False,False,False,False,
777674,66,0,337a10a4-4b33-3845-9d0d-9b94b1a338b0,700242,Trey Sweeney,1B,1B,,Forceout,force_out,r_force_out,True,2B,2,False,False,False,False,
777674,66,0,337a10a4-4b33-3845-9d0d-9b94b1a338b0,678009,Parker Meadows,3B,3B,score,Forceout,force_out,r_adv_play,False,,,True,True,True,False,669060
777674,66,0,337a10a4-4b33-3845-9d0d-9b94b1a338b0,628451,Andy Ibáñez,2B,2B,3B,Forceout,force_out,r_adv_play,False,,,False,False,False,False,
777674,66,0,337a10a4-4b33-3845-9d0d-9b94b1a338b0,693307,Dillon Dingler,,,1B,Forceout,force_out,,False,,,False,False,False,False,
777674,67,0,e842d18c-1384-38eb-a0c1-0a47ac10112a,690993,Colt Keith,,,1B,Single,single,,False,,,False,False,False,False,
777674,67,0,e842d18c-1384-38eb-a0c1-0a47ac10112a,628451,Andy Ibáñez,3B,3B,score,Single,single,r_adv_play,False,,,True,True,True,False,669060
777674,67,0,e842d18c-1384-38eb-a0c1-0a47ac10112a,693307,Dillon Dingler,1B,1B,2B,Single,single,r_adv_force,False,,,False,False,False,False,
777674,68,2,35306f6e-40d0-3148-8efa-210ef4d19e8a,656716,Zach McKinstry,,,,Flyout,field_out,,True,1B,3,False,False,False,False,
777674,69,3,bef81c80-fc35-397b-8f39-ddb1e3c3b89a,686676,Korey Lee,,,,Groundout,field_out,,True,1B,1,False,False,False,False,
777674,70,5,cc324883-09ed-31c5-9764-7d543e9fced3,805367,Chase Meidroth,,,1B,Walk,walk,,False,,,False,False,False,False,
777674,71,5,33af1afe-fa86-347a-b451-5bb8d1116bd6,572191,Michael A. Taylor,,,1B,Single,single,,False,,,False,False,False,False,
777674,71,5,33af1afe-fa86-347a-b451-5bb8d1116bd6,805367,Chase Meidroth,1B,1B,2B,Single,single,r_adv_force,False,,,False,False,False,False,
777674,72,3,e61a3072-0231-37db-8e61-58a9bdd6fa9b,572191,Michael A. Taylor,1B,1B,,Grounded Into DP,grounded_into_double_play,r_force_out,True,2B,2,False,False,False,False,
777674,72,3,e61a3072-0231-37db-8e61-58a9bdd6fa9b,596103,Austin Slater,,,,Grounded Into DP,grounded_into_double_play,,True,1B,3,False,False,False,False,
777674,73,7,6806832e-364b-3462-b4f5-3d12bcf8ce9e,672761,Wenceel Pérez,,,,Flyout,field_out,,True,1B,1,False,False,False,False,
777674,74,3,f6d9a9ab-883f-3c0a-8b20-587f333b689c,595879,Javier Báez,,,,Groundout,field_out,,True,1B,2,False,False,False,False,
777674,75,0,fe946a61-bcb6-33c5-8f39-1fd839bac20d,678009,Parker Meadows,,,,Flyout,field_out,,True,1B,3,False,False,False,False,
777674,76,4,7af941ef-046c-39be-8a07-a549ef54e613,681962,Vinny Capra,,,,Flyout,field_out,,True,1B,1,False,False,False,False,
777674,77,3,5bf63d88-e469-316e-b4bd-166e70ed369b,672820,Lenyn Sosa,,,,Strikeout,strikeout,,True,1B,2,False,False,False,False,
777674,78,4,0bc981ad-e9e1-35e4-9230-9de056ab1672,641943,Joshua Palacios,,,,Groundout,field_out,,True,1B,3,False,False,False,False,
777676,0,4,b2b200d7-c083-3899-8a2c-140816826771,665487,Fernando Tatis Jr.,,,,Groundout,field_out,,True,1B,1,False,False,False,False,
777676,1,3,6338bd1a-9a6d-32b7-8220-8385a5249255,650333,Luis Arraez,,,,Flyout,field_out,,True,1B,2,False,False,False,False,
777676,2,3,dde62b1d-74ef-3c9b-b537-dea8a84f9887,592518,Manny Machado,,,,Groundout,field_out,,True,1B,3,False,False,False,False,
777676,3,1,8b1356c1-a23b-32fe-aa65-764f532882e6,671218,Heliot Ramos,,,1B,Single,single,,False,,,False,False,False,False,
777676,4,5,cd5c9925-9360-3f8d-93b7-d0540ce29cf4,808982,Jung Hoo Lee,,,,Flyout,field_out,,True,1B,1,False,False,False,False,
777676,5,2,9c4d199b-22cb-399c-a567-bf96d0c3ff36,527038,Wilmer Flores,,,,Groundout,field_out,,True,1B,2,False,False,False,False,
777676,5,2,9c4d199b-22cb-399c-a567-bf96d0c3ff36,671218,Heliot Ramos,1B,1B,2B,Groundout,field_out,r_adv_force,False,,,False,False,False,False,
777676,6,4,46363f88-e597-3a43-a1d3-3d654724b162,656305,Matt Chapman,,,1B,Single,single,,False,,,False,False,False,False,
777676,6,4,46363f88-e597-3a43-a1d3-3d654724b162,671218,Heliot Ramos,2B,2B,3B,Single,single,r_adv_play,False,,,False,False,False,False,
777676,7,6,fef14c4f-a314-3fd7-9ff2-67dcb0c9f6ae,573262,Mike Yastrzemski,,,,Strikeout,strikeout,,True,1B,3,False,False,False,False,
777676,8,3,d0097691-0ebd-394b-8d46-bb5e84e93f56,701538,Jackson Merrill,,,,Strikeout,strikeout,,True,1B,1,False,False,False,False,
777676,9,2,96eb4caf-a59a-3940-b601-42cf05691e85,593428,Xander Bogaerts,,,2B,Double,double,,False,,,False,False,False,False,
777676,10,1,d14312d5-b9b2-3abf-a440-803c83187222,630105,Jake Cronenworth,,,1B,Single,single,,False,,,False,False,False,False,
777676,10,1,d14312d5-b9b2-3abf-a440-803c83187222,593428,Xander Bogaerts,2B,2B,3B,Single,single,r_adv_play,False,,,False,False,False,False,
777676,11,6,6d61712e-f8b7-3dc6-bb5c-0dca5160de8f,642180,Tyler Wade,,,,Strikeout Double Play,strikeout_double_play,,True,1B,2,False,False,False,False,
777676,11,6,6d61712e-f8b7-3dc6-bb5c-0dca5160de8f,630105,Jake Cronenworth,1B,1B,,Caught Stealing 2B,caught_stealing_2b,r_caught_stealing_2b,True,2B,3,False,False,False,False,
777676,12,6,6661bb0d-f400-3311-9127-7cf1d6cf469e,642715,Willy Adames,,,1B,Walk,walk,,False,,,False,False,False,False,
777676,13,3,539636bc-8ebc-3bfc-b72b-cdcb55f1b64c,642715,Willy Adames,1B,1B,2B,Hit By Pitch,hit_by_pitch,r_adv_force,False,,,False,False,False,False,
777676,13,3,539636bc-8ebc-3bfc-b72b-cdcb55f1b64c,664774,LaMonte Wade Jr.,,,1B,Hit By Pitch,hit_by_pitch,,False,,,False,False,False,False,
777676,14,6,1fdbb7c6-b99c-3a32-8df8-70da385e985b,642715,Willy Adames,2B,2B,3B,Walk,walk,r_adv_force,False,,,False,False,False,False,
777676,14,6,1fdbb7c6-b99c-3a32-8df8-70da385e985b,664774,LaMonte Wade Jr.,1B,1B,2B,Walk,walk,r_adv_force,False,,,False,False,False,False,
777676,14,6,1fdbb7c6-b99c-3a32-8df8-70da385e985b,672275,Patrick Bailey,,,1B,Walk,walk,,False,,,False,False,False,False,
777676,15,3,6ac0932b-d5f2-3fe3-819c-451dc2aab693,642715,Willy Adames,3B,3B,,Forceout,force_out,r_force_out,True,4B,1,False,False,False,False,
777676,15,3,6ac0932b-d5f2-3fe3-819c-451dc2aab693,664774,LaMonte Wade Jr.,2B,2B,3B,Forceout,force_out,r_adv_play,False,,,False,False,False,False,
777676,15,3,6ac0932b-d5f2-3fe3-819c-451dc2aab693,672275,Patrick Bailey,1B,1B,2B,Forceout,force_out,r_adv_play,False,,,False,False,False,False,
777676,15,3,6ac0932b-d5f2-3fe3-819c-451dc2aab693,666149,Tyler Fitzgerald,,,1B,Forceout,force_out,,False,,,False,False,False,False,
777676,16,1,250e8b79-7be9-32f7-8130-5f5f8910e824,666149,Tyler Fitzgerald,1B,1B,,Grounded Into DP,grounded_into_double_play,r_force_out,True,2B,2,False,False,False,False,
777676,16,1,250e8b79-7be9-32f7-8130-5f5f8910e824,671218,Heliot Ramos,,,,Grounded Into DP,grounded_into_double_play,,True,1B,3,False,False,False,False,
777676,17,6,3859119c-6bfb-3287-b036-c2fd7dacc2ea,578428,Jose Iglesias,,,,Groundout,field_out,,True,1B,1,False,False,False,False,
777676,18,1,48af004c-10b4-3ac5-8348-3fb9552cb946,553869,Elias Díaz,,,1B,Hit By Pitch,hit_by_pitch,,False,,,False,False,False,False,
777676,19,5,e2e94aee-7f0d-3b06-976d-072d4f38d975,665487,Fernando Tatis Jr.,,,,Strikeout,strikeout,,True,1B,2,False,False,False,False,
777676,20,4,2f365f97-4523-340a-875a-6a7ec2ba6d75,650333,Luis Arraez,,,2B,Double,double,,False,,,False,False,False,False,
777676,20,4,2f365f97-4523-340a-875a-6a7ec2ba6d75,553869,Elias Díaz,1B,1B,3B,Double,double,r_adv_force,False,,,False,False,False,False,
777676,21,4,b1f54700-dd0f-3256-9edc-3a56db24c4c8,592518,Manny Machado,,,,Pop Out,field_out,,True,1B,3,False,False,False,False,
777676,22,6,4765d80f-a0c4-33bc-a6c9-46541bc2451d,808982,Jung Hoo Lee,,,,Strikeout,strikeout,,True,1B,1,False,False,False,False,
777676,23,2,0e7db7ce-1e51-34d0-88c8-4a8fc747d31d,527038,Wilmer Flores,,,1B,Hit By Pitch,hit_by_pitch,,False,,,False,False,False,False,
777676,24,7,508fd149-8291-34c2-9f12-36bfdb1b68f1,527038,Wilmer Flores,1B,1B,,Grounded Into DP,grounded_into_double_play,r_force_out,True,2B,2,False,False,False,False,
777676,24,7,508fd149-8291-34c2-9f12-36bfdb1b68f1,656305,Matt Chapman,,,,Grounded Into DP,grounded_into_double_play,,True,1B,3,False,False,False,False,
777676,25,3,e8bada73-439d-3955-80b8-5d05a7db4402,701538,Jackson Merrill,,,,Groundout,field_out,,True,1B,1,False,False,False,False,
777676,26,3,34324344-15d6-3ba2-b62d-68cbe244f585,593428,Xander Bogaerts,,,,Strikeout,strikeout,,True,1B,2,False,False,False,False,
777676,27,3,171491da-26cf-3f40-bb57-27131b7a82f8,630105,Jake Cronenworth,,,,Strikeout,strikeout,,True,1B,3,False,False,False,False,
777676,28,6,885ad1ed-4b64-3ad9-a62b-49c57f705760,573262,Mike Yastrzemski,,,,Flyout,field_out,,True,1B,1,False,False,False,False,
777676,29,1,4467a4f5-a27b-3699-b954-e747601c39f5,642715,Willy Adames,,,,Groundout,field_out,,True,1B,2,False,False,False,False,
777676,30,4,3de374c9-5e9e-32bc-85db-d944416d0084,669477,Casey Schmitt,,,,Groundout,field_out,,True,1B,3,False,False,False,False,
777676,31,2,346a6894-410e-3acf-b8ae-4d12eba2fe1e,642180,Tyler Wade,,,,Groundout,field_out,,True,1B,1,False,False,False,False,
777676,32,6,d0ce7f03-a16c-39e6-ade5-075d037c9772,578428,Jose Iglesias,,,1B,Single,single,,False,,,False,False,False,False,
777676,32,6,d0ce7f03-a16c-39e6-ade5-075d037c9772,578428,Jose Iglesias,,1B,2B,Error,error,r_adv_play,False,,,False,False,False,False,
777676,33,2,53257890-acf0-3946-8c7f-eaecea6654cd,553869,Elias Díaz,,,,Flyout,field_out,,True,1B,2,False,False,False,False,
777676,34,6,2671636d-671f-3110-a788-da16243edd2f,665487,Fernando Tatis Jr.,,,,Strikeout,strikeout,,True,1B,3,False,False,False,False,
777676,35,5,692ab389-66fc-306a-997d-d870b68a85e9,672275,Patrick Bailey,,,,Groundout,field_out,,True,1B,1,False,False,False,False,
777676,36,2,88edab23-2476-38ae-8277-da51e202c980,666149,Tyler Fitzgerald,,,,Flyout,field_out,,True,1B,2,False,False,False,False,
777676,37,11,186e0c2f-a722-393b-8735-fa18163e5e38,671218,Heliot Ramos,,,,Groundout,field_out,,True,1B,3,False,False,False,False,
777676,38,2,fa751ff1-41a9-3985-ada8-57af3595c894,650333,Luis Arraez,,,,Groundout,field_out,,True,1B,1,False,False,False,False,
777676,39,2,834bd58f-a3e5-3bd9-92f3-6f62b5a720ed,592518,Manny Machado,,,,Strikeout,strikeout,,True,1B,2,False,False,False,False,
777676,40,0,a6306275-bc78-3a52-b245-b400b992f2b9,701538,Jackson Merrill,,,1B,Single,single,,False,,,False,False,False,False,
777676,41,0,04e201fc-4923-3da4-a9f8-82aa5417f67a,593428,Xander Bogaerts,,,,Flyout,field_out,,True,1B,3,False,False,False,False,
777676,42,2,070f6da7-268f-3cc1-ba12-92c2717d3e9b,808982,Jung Hoo Lee,,,1B,Single,single,,False,,,False,False,False,False,
777676,43,1,04f4e199-692f-34e3-8311-b9aab31b0c7e,527038,Wilmer Flores,,,,Flyout,field_out,,True,1B,1,False,False,False,False,
777676,44,4,aa9d4f73-01dd-3134-add6-47e56fe173c8,808982,Jung Hoo Lee,1B,1B,2B,Stolen Base 2B,stolen_base_2b,r_stolen_base_2b,False,,,False,False,False,False,
777676,44,5,6c774397-914b-3500-ab64-3f01ed29f3c3,656305,Matt Chapman,,,,Strikeout,strikeout,,True,1B,2,False,False,False,False,
777676,45,4,077b9cf8-2910-3b06-bc2e-08eb3824c058,666464,Jerar Encarnacion,,,,Groundout,field_out,,True,1B,3,False,False,False,False,
777676,46,2,cf914bf4-e443-3719-b2ea-a76fe4a032a8,630105,Jake Cronenworth,,,,Lineout,field_out,,True,1B,1,False,False,False,False,
777676,47,1,56ec8703-36e8-3c5a-935b-07e113872893,642180,Tyler Wade,,,,Groundout,field_out,,True,1B,2,False,False,False,False,
777676,48,5,05c45dcc-6343-3a92-bb22-c0bf1ec10efe,578428,Jose Iglesias,,,,Groundout,field_out,,True,1B,3,False,False,False,False,
777676,49,5,5edbd162-1f24-3c6a-80fa-02c77ef09f1d,642715,Willy Adames,,,,Strikeout,strikeout,,True,1B,1,False,False,False,False,
777676,50,5,b780ca49-4666-32d1-b2b3-f72e97f18a27,669477,Casey Schmitt,,,1B,Walk,walk,,False,,,False,False,False,False,
777676,51,3,7c2fedd6-c352-3648-8f65-173ac8205a7c,672275,Patrick Bailey,,,,Strikeout,strikeout,,True,1B,2,False,False,False,False,
777676,52,10,86d2e396-bdb5-3f61-aef9-506f745b5be4,669477,Casey Schmitt,1B,1B,2B,Walk,walk,r_adv_force,False,,,False,False,False,False,
777676,52,10,86d2e396-bdb5-3f61-aef9-506f745b5be4,666149,Tyler Fitzgerald,,,1B,Walk,walk,,False,,,False,False,False,False,
777676,53,7,c6d069bf-349c-32b9-82ce-cb1f03ca6552,669477,Casey Schmitt,2B,2B,3B,Walk,walk,r_adv_force,False,,,False,False,False,False,
777676,53,7,c6d069bf-349c-32b9-82ce-cb1f03ca6552,666149,Tyler Fitzgerald,1B,1B,2B,Walk,walk,r_adv_force,False,,,False,False,False,False,
777676,53,7,c6d069bf-349c-32b9-82ce-cb1f03ca6552,671218,Heliot Ramos,,,1B,Walk,walk,,False,,,False,False,False,False,
777676,54,2,8c5140d9-3087-3c16-9557-e375d4bd30bf,808982,Jung Hoo Lee,,,,Strikeout,strikeout,,True,1B,3,False,False,False,False,
777676,55,3,e1063efb-e2b9-3489-8388-bde7c671bcef,657757,Gavin Sheets,,,,Groundout,field_out,,True,1B,1,False,False,False,False,
777676,56,0,1a16ee2d-89a0-3d24-8f7b-2a933b33e5aa,665487,Fernando Tatis Jr.,,,1B,Single,single,,False,,,False,False,False,False,
777676,57,7,2abdb914-ff10-3a0a-986d-f19e84ffdecc,665487,Fernando Tatis Jr.,1B,1B,,Forceout,force_out,r_force_out,True,2B,2,False,False,False,False,
777676,57,7,2abdb914-ff10-3a0a-986d-f19e84ffdecc,650333,Luis Arraez,,,1B,Forceout,force_out,,False,,,False,False,False,False,
777676,58,2,c8a494f1-8428-36b0-bddf-66c34d5003c7,592518,Manny Machado,,,,Pop Out,field_out,,True,1B,3,False,False,False,False,
777676,59,8,72b3d726-3ed0-3289-9e21-aa17b6385f9a,527038,Wilmer Flores,,,1B,Single,single,,False,,,False,False,False,False,
777676,60,5,c6662def-7c09-3e8b-b398-62868caed9b4,683766,Christian Koss,1B,1B,2B,Stolen Base 2B,stolen_base_2b,r_stolen_base_2b,False,,,False,False,False,False,
777676,60,9,fb008662-12f5-32a5-8244-6bae7b540fd3,656305,Matt Chapman,,,,Strikeout,strikeout,,True,1B,1,False,False,False,False,
777676,61,2,e4e05520-18a0-3b2f-a4c5-a20ec9e5bc12,666464,Jerar Encarnacion,,,,Strikeout,strikeout,,True,1B,2,False,False,False,False,
777676,62,3,07776766-0636-1033-000c-f08cd117d70a,642715,Willy Adames,,,1B,Intent Walk,intent_walk,,False,,,False,False,False,False,
777676,63,3,95e1ab4f-41a4-39a7-8598-2a55a552376d,683766,Christian Koss,2B,2B,3B,Wild Pitch,wild_pitch,r_adv_play,False,,,False,False,False,False,
777676,63,3,95e1ab4f-41a4-39a7-8598-2a55a552376d,642715,Willy Adames,1B,1B,2B,Wild Pitch,wild_pitch,r_adv_play,False,,,False,False,False,False,
777676,63,7,dd40f2af-b780-36d2-9aea-87d2a6685985,669477,Casey Schmitt,,,,Strikeout,strikeout,,True,1B,3,False,False,False,False,
777676,64,4,e59338d7-1068-3d71-a52a-ad5bbb86568a,701538,Jackson Merrill,,,,Strikeout,strikeout,,True,1B,1,False,False,False,False,
777676,65,2,c5abf1dc-316c-3f4d-8506-a8754a19c19e,593428,Xander Bogaerts,,,,Lineout,field_out,,True,1B,2,False,False,False,False,
777676,66,7,730787cb-f0fa-3995-8111-f2ee7daa2c07,630105,Jake Cronenworth,,,,Strikeout,strikeout,,True,1B,3,False,False,False,False,
777676,67,1,a90038af-a4a1-35ca-a66b-09c9a0cbe38d,672275,Patrick Bailey,,,1B,Single,single,,False,,,False,False,False,False,
777676,68,3,544fbd94-f976-35b4-9946-4f3a62220994,666149,Tyler Fitzgerald,,,,Flyout,field_out,,True,1B,1,False,False,False,False,
777676,69,1,6e45171f-e0cf-3c0f-a39c-420f338f2407,671218,Heliot Ramos,,,,Lineout,field_out,,True,1B,2,False,False,False,False,
777676,70,4,bf41703c-7e50-3896-b157-e743b6710b0b,808982,Jung Hoo Lee,,,,Strikeout,strikeout,,True,1B,3,False,False,False,False,
777676,71,2,5f231297-1880-3452-bae5-a027a3f1817f,642180,Tyler Wade,,,,Sac Bunt,sac_bunt,,True,1B,1,False,False,False,False,
777676,71,2,5f231297-1880-3452-bae5-a027a3f1817f,630105,Jake Cronenworth,2B,2B,3B,Sac Bunt,sac_bunt,r_adv_play,False,,,False,False,False,False,
777676,72,1,1aca3da4-c74a-3e97-921f-9065b8afbcb6,578428,Jose Iglesias,,,,Sac Fly,sac_fly,,True,1B,2,False,False,False,False,
777676,72,1,1aca3da4-c74a-3e97-921f-9065b8afbcb6,630105,Jake Cronenworth,3B,3B,score,Sac Fly,sac_fly,r_adv_play,False,,,True,True,False,True,676254
777676,73,4,bde8e4bb-d221-3fd9-a307-d0ee719b3867,455117,Martín Maldonado,,,,Groundout,field_out,,True,1B,3,False,False,False,False,
777676,74,1,a6852046-e060-317e-981a-ea51d333a813,683766,Christian Koss,,,,Sac Bunt,sac_bunt,,True,1B,1,False,False,False,False,
777676,74,1,a6852046-e060-317e-981a-ea51d333a813,808982,Jung Hoo Lee,2B,2B,3B,Sac Bunt,sac_bunt,r_adv_play,False,,,False,False,False,False,
777676,75,3,153db73d-eca0-32ab-b43d-873ed5a26652,656305,Matt Chapman,,,,Groundout,field_out,,True,1B,2,False,False,False,False,
777676,76,3,7ca09918-b3eb-3ffb-a395-da9d3aa1a53e,666464,Jerar Encarnacion,,,,Lineout,field_out,,True,1B,3,False,False,False,False,
777669,0,3,801a246d-d5e7-3dce-ad37-33ea83225206,621439,Byron Buxton,,,,Groundout,field_out,,True,1B,1,False,False,False,False,
777669,1,3,e83db544-0f53-3201-8a67-7dcf559fe89d,663616,Trevor Larnach,,,,Lineout,field_out,,True,1B,2,False,False,False,False,
777669,2,6,37615507-0049-3c00-94a1-a2a8cd06be10,686797,Brooks Lee,,,,Groundout,field_out,,True,1B,3,False,False,False,False,
777669,3,0,056156ae-389b-3f85-9147-fd0de0823272,671732,Lawrence Butler,,,2B,Double,double,,False,,,False,False,False,False,
777669,4,2,17513ec3-3136-3c21-bfa9-ddc2f468dcb8,805779,Jacob Wilson,,,,Groundout,field_out,,True,1B,1,False,False,False,False,
777669,4,2,17513ec3-3136-3c21-bfa9-ddc2f468dcb8,671732,Lawrence Butler,2B,2B,3B,Groundout,field_out,r_adv_play,False,,,False,False,False,False,
777669,5,3,4014ca00-5546-3da1-bf7e-5bc7e47db2ed,671732,Lawrence Butler,3B,3B,,Fielders Choice Out,fielders_choice_out,r_runner_out,True,4B,2,False,False,False,False,
777669,5,3,4014ca00-5546-3da1-bf7e-5bc7e47db2ed,667670,Brent Rooker,,,1B,Fielders Choice Out,fielders_choice_out,,False,,,False,False,False,False,
777669,6,2,76f320e5-47fa-339b-b735-871820f273b5,691016,Tyler Soderstrom,,,,Groundout,field_out,,True,1B,3,False,False,False,False,
777669,7,0,6d32ac03-07be-3f12-8c52-e3d78d28edf2,670242,Matt Wallner,,,,Flyout,field_out,,True,1B,1,False,False,False,False,
777669,8,3,a685a356-fdc4-3cd6-9163-cf824b145e7a,621043,Carlos Correa,,,2B,Double,double,,False,,,False,False,False,False,
777669,9,6,378f2508-0722-3409-a948-33d7ab81a06f,650489,Willi Castro,,,1B,Single,single,,False,,,False,False,False,False,
777669,9,6,378f2508-0722-3409-a948-33d7ab81a06f,621043,Carlos Correa,2B,2B,3B,Single,single,r_adv_play,False,,,False,False,False,False,
777669,10,2,b0d97934-4916-37ba-907c-cf8d2de234f6,650489,Willi Castro,1B,1B,2B,Hit By Pitch,hit_by_pitch,r_adv_force,False,,,False,False,False,False,
777669,10,2,b0d97934-4916-37ba-907c-cf8d2de234f6,665019,Kody Clemens,,,1B,Hit By Pitch,hit_by_pitch,,False,,,False,False,False,False,
777669,11,5,478d4ffc-c7f4-37c4-a5e2-ad09e1dbd020,664034,Ty France,,,1B,Single,single,,False,,,False,False,False,False,
777669,11,5,478d4ffc-c7f4-37c4-a5e2-ad09e1dbd020,650489,Willi Castro,2B,2B,3B,Single,single,r_adv_force,False,,,False,False,False,False,
777669,11,5,478d4ffc-c7f4-37c4-a5e2-ad09e1dbd020,650489,Willi Castro,2B,3B,score,Single,single,r_adv_play,False,,,True,True,True,False,622663
777669,11,5,478d4ffc-c7f4-37c4-a5e2-ad09e1dbd020,665019,Kody Clemens,1B,1B,2B,Single,single,r_adv_force,False,,,False,False,False,False,
777669,11,5,478d4ffc-c7f4-37c4-a5e2-ad09e1dbd020,665019,Kody Clemens,1B,2B,3B,Single,single,r_adv_throw,False,,,False,False,False,False,
777669,11,5,478d4ffc-c7f4-37c4-a5e2-ad09e1dbd020,621043,Carlos Correa,3B,3B,score,Single,single,r_adv_force,False,,,True,True,True,False,622663
777669,12,3,a8b58b29-b278-301a-b468-016b631b3d10,543877,Christian Vázquez,,,,Flyout,field_out,,True,1B,2,False,False,False,False,
777669,13,2,26d9fdd2-b40a-3e92-af69-a58a0c174c57,621439,Byron Buxton,,,2B,Double,double,,False,,,False,False,False,False,
777669,13,2,26d9fdd2-b40a-3e92-af69-a58a0c174c57,664034,Ty France,1B,1B,3B,Double,double,r_adv_force,False,,,False,False,False,False,
777669,13,2,26d9fdd2-b40a-3e92-af69-a58a0c174c57,664034,Ty France,1B,3B,score,Double,double,r_adv_play,False,,,True,True,True,False,622663
777669,13,2,26d9fdd2-b40a-3e92-af69-a58a0c174c57,665019,Kody Clemens,3B,3B,score,Double,double,r_adv_play,False,,,True,True,True,False,622663
777669,14,2,25a1a169-9488-3201-bbc2-594d32ecb335,663616,Trevor Larnach,,,1B,Single,single,,False,,,False,False,False,False,
777669,14,2,25a1a169-9488-3201-bbc2-594d32ecb335,621439,Byron Buxton,2B,2B,score,Single,single,r_adv_play,False,,,True,True,True,False,622663
777669,15,1,2fad87fd-577e-3889-a8be-66db02571fe8,686797,Brooks Lee,,,2B,Double,double,,False,,,False,False,False,False,
777669,15,1,2fad87fd-577e-3889-a8be-66db02571fe8,663616,Trevor Larnach,1B,1B,3B,Double,double,r_adv_force,False,,,False,False,False,False,
777669,15,1,2fad87fd-577e-3889-a8be-66db02571fe8,663616,Trevor Larnach,1B,3B,score,Double,double,r_adv_play,False,,,True,True,True,False,622663
777669,16,2,0a822bc6-6504-3a60-9af3-d15d782112cb,670242,Matt Wallner,,,,Lineout,field_out,,True,1B,3,False,False,False,False,
777669,17,4,d3d1f5c4-cbd7-305a-8874-457393fb239c,669127,Shea Langeliers,,,,Strikeout,strikeout,,True,1B,1,False,False,False,False,
777669,18,5,054f002b-233a-3958-a8d7-eab0671d8479,680769,CJ Alexander,,,,Strikeout,strikeout,,True,1B,2,False,False,False,False,
777669,19,3,636348d8-b3da-3260-8c65-db622ee30842,649966,Luis Urías,,,1B,Hit By Pitch,hit_by_pitch,,False,,,False,False,False,False,
777669,20,5,881375b1-9049-382b-8ae7-4a075171e176,682183,Drew Avans,,,,Groundout,field_out,,True,1B,3,False,False,False,False,
777669,21,9,b1814a15-74a2-3553-bde2-984f0727c873,621043,Carlos Correa,,,,Groundout,field_out,,True,1B,1,False,False,False,False,
777669,22,0,f62db203-e46c-3f71-94d0-6b09dc87fffc,650489,Willi Castro,,,,Flyout,field_out,,True,1B,2,False,False,False,False,
777669,23,2,07a48767-872c-3918-bcd7-69796b9c5904,665019,Kody Clemens,,,,Flyout,field_out,,True,1B,3,False,False,False,False,
777669,24,3,b716894f-872b-3dc9-a44e-e15205ff3b59,672016,Denzel Clarke,,,,Strikeout,strikeout,,True,1B,1,False,False,False,False,
777669,25,4,01766232-a827-3b0e-8f9b-be702e0ac86d,671732,Lawrence Butler,,,1B,Walk,walk,,False,,,False,False,False,False,
777669,26,0,2b0729b5-e0ff-3adf-8331-fa8fe50af1ad,805779,Jacob Wilson,,,2B,Double,double,,False,,,False,False,False,False,
777669,26,0,2b0729b5-e0ff-3adf-8331-fa8fe50af1ad,671732,Lawrence Butler,1B,1B,3B,Double,double,r_adv_force,False,,,False,False,False,False,
777669,27,3,ba700864-af1d-3d2d-b202-0afa0a896136,667670,Brent Rooker,,,,Groundout,field_out,,True,1B,2,False,False,False,False,
777669,27,3,ba700864-af1d-3d2d-b202-0afa0a896136,671732,Lawrence Butler,3B,3B,score,Groundout,field_out,r_adv_play,False,,,True,True,True,False,657746
777669,27,3,ba700864-af1d-3d2d-b202-0afa0a896136,805779,Jacob Wilson,2B,2B,3B,Groundout,field_out,r_adv_play,False,,,False,False,False,False,
777669,28,7,0a26dcdd-42e0-344e-8895-acda0e0d0e86,691016,Tyler Soderstrom,,,1B,Walk,walk,,False,,,False,False,False,False,
777669,29,6,5b4b80bb-8c7b-3ac7-b4bf-856f3c0b6825,669127,Shea Langeliers,,,,Groundout,field_out,,True,1B,3,False,False,False,False,
777669,30,3,50cd76fd-d8ed-378d-bced-5fb1ad518ec9,664034,Ty France,,,,Lineout,field_out,,True,1B,1,False,False,False,False,
777669,31,1,92bc5bfa-cecb-362f-ad96-573bbe112e93,543877,Christian Vázquez,,,,Pop Out,field_out,,True,1B,2,False,False,False,False,
777669,32,2,91c69c6c-9821-32b9-a016-e14d3adb2bb6,621439,Byron Buxton,,,,Groundout,field_out,,True,1B,3,False,False,False,False,
777669,33,0,54b3d97f-4c89-38f8-8fd8-c3f3caff317f,680769,CJ Alexander,,,,Flyout,field_out,,True,1B,1,False,False,False,False,
777669,34,2,c8621ef8-afdb-3a3a-ae42-8535d6ca1fc0,649966,Luis Urías,,,1B,Single,single,,False,,,False,False,False,False,
777669,35,4,6e0fe1b5-bb4b-31f9-a28c-8815593c14ea,649966,Luis Urías,1B,1B,,Forceout,force_out,r_force_out,True,2B,2,False,False,False,False,
777669,35,4,6e0fe1b5-bb4b-31f9-a28c-8815593c14ea,682183,Drew Avans,,,1B,Forceout,force_out,,False,,,False,False,False,False,
777669,36,6,8b6a8320-7268-3dc9-95e7-b9066b9f3627,682183,Drew Avans,1B,1B,2B,Stolen Base 2B,stolen_base_2b,r_stolen_base_2b,False,,,False,False,False,False,
777669,36,7,498c2e04-797d-368e-af57-0b50075e581e,672016,Denzel Clarke,,,1B,Single,single,,False,,,False,False,False,False,
777669,36,7,498c2e04-797d-368e-af57-0b50075e581e,682183,Drew Avans,2B,2B,3B,Single,single,r_adv_play,False,,,False,False,False,False,
777669,37,6,1937495e-2939-3d8d-86a1-c164e6b6c3a7,672016,Denzel Clarke,1B,1B,2B,Stolen Base 2B,stolen_base_2b,r_stolen_base_2b,False,,,False,False,False,False,
777669,37,7,a7b2ff50-48f1-3183-9d33-d2272179a691,671732,Lawrence Butler,,,score,Home Run,home_run,,False,,,True,True,True,False,657746
777669,37,7,a7b2ff50-48f1-3183-9d33-d2272179a691,682183,Drew Avans,3B,3B,score,Home Run,home_run,r_adv_force,False,,,True,True,True,False,657746
777669,37,7,a7b2ff50-48f1-3183-9d33-d2272179a691,672016,Denzel Clarke,2B,2B,score,Home Run,home_run,r_adv_force,False,,,True,True,True,False,657746
777669,38,3,78791960-80ad-3c50-90a9-ff595e1a7c43,805779,Jacob Wilson,,,,Strikeout,strikeout,,True,1B,3,False,False,False,False,
777669,39,2,ab7d5db0-adda-3ac2-9265-11a482280abd,663616,Trevor Larnach,,,,Groundout,field_out,,True,1B,1,False,False,False,False,
777669,40,5,55fa567e-3e56-3c7a-94eb-666758d6c64d,686797,Brooks Lee,,,,Lineout,field_out,,True,1B,2,False,False,False,False,
777669,41,0,3b11ddbe-3110-3142-aab7-ae8326524878,670242,Matt Wallner,,,,Pop Out,field_out,,True,1B,3,False,False,False,False,
777669,42,0,6600b2c1-0fcf-3c5f-8540-72475856dfd5,667670,Brent Rooker,,,1B,Single,single,,False,,,False,False,False,False,
777669,43,0,609b75f6-8e93-37d2-917f-2dd21038587f,667670,Brent Rooker,1B,1B,2B,Hit By Pitch,hit_by_pitch,r_adv_force,False,,,False,False,False,False,
777669,43,0,609b75f6-8e93-37d2-917f-2dd21038587f,691016,Tyler Soderstrom,,,1B,Hit By Pitch,hit_by_pitch,,False,,,False,False,False,False,
777669,44,6,1ae4d62d-0cfd-3c4d-9f69-953d213a692b,667670,Brent Rooker,2B,2B,3B,Walk,walk,r_adv_force,False,,,False,False,False,False,
777669,44,6,1ae4d62d-0cfd-3c4d-9f69-953d213a692b,691016,Tyler Soderstrom,1B,1B,2B,Walk,walk,r_adv_force,False,,,False,False,False,False,
777669,44,6,1ae4d62d-0cfd-3c4d-9f69-953d213a692b,669127,Shea Langeliers,,,1B,Walk,walk,,False,,,False,False,False,False,
777669,45,5,c0a7b88f-6897-3520-9c74-eb376a0cf83d,680769,CJ Alexander,,,,Pop Out,field_out,,True,1B,1,False,False,False,False,
777669,46,3,43a7c209-67e8-3f13-8ff6-48289843fe18,649966,Luis Urías,,,,Pop Out,field_out,,True,1B,2,False,False,False,False,
777669,47,0,d307f94e-391b-3362-92c3-4243eb66efb3,682183,Drew Avans,,,,Groundout,field_out,,True,1B,3,False,False,False,False,
777669,48,3,972ede0e-8631-32d4-a865-212d9313cd31,621043,Carlos Correa,,,,Strikeout,strikeout,,True,1B,1,False,False,False,False,
777669,49,4,2f1a8eca-3af8-3d49-ac2c-4018c803b638,650489,Willi Castro,,,,Lineout,field_out,,True,1B,2,False,False,False,False,
777669,50,1,1d27c40e-ddaa-3cfe-ac99-00506a36ee44,665019,Kody Clemens,,,1B,Single,single,,False,,,False,False,False,False,
777669,51,4,1502ba91-4d69-361a-848d-8740a02e20e9,664034,Ty France,,,2B,Double,double,,False,,,False,False,False,False,
777669,51,4,1502ba91-4d69-361a-848d-8740a02e20e9,665019,Kody Clemens,1B,1B,3B,Double,double,r_adv_force,False,,,False,False,False,False,
777669,52,4,68f3b3c7-dc6d-3027-b6cc-84fe4f9b6c8d,543877,Christian Vázquez,,,1B,Walk,walk,,False,,,False,False,False,False,
777669,53,1,cf9a1f51-86ee-3ec9-8022-1fcb096bb452,621439,Byron Buxton,,,1B,Single,single,,False,,,False,False,False,False,
777669,53,1,cf9a1f51-86ee-3ec9-8022-1fcb096bb452,664034,Ty France,2B,2B,3B,Single,single,r_adv_force,False,,,False,False,False,False,
777669,53,1,cf9a1f51-86ee-3ec9-8022-1fcb096bb452,664034,Ty France,2B,3B,score,Single,single,r_adv_play,False,,,True,True,True,False,622663
777669,53,1,cf9a1f51-86ee-3ec9-8022-1fcb096bb452,543877,Christian Vázquez,1B,1B,2B,Single,single,r_adv_force,False,,,False,False,False,False,
777669,53,1,cf9a1f51-86ee-3ec9-8022-1fcb096bb452,543877,Christian Vázquez,1B,2B,3B,Single,single,r_adv_play,False,,,False,False,False,False,
777669,53,1,cf9a1f51-86ee-3ec9-8022-1fcb096bb452,665019,Kody Clemens,3B,3B,score,Single,single,r_adv_force,False,,,True,True,True,False,622663
777669,54,7,3d48295e-f9a1-3cf6-8609-83891ba15408,621439,Byron Buxton,1B,1B,2B,Stolen Base 2B,stolen_base_2b,r_stolen_base_2b,False,,,False,False,False,False,
777669,54,9,df4f994f-5d3a-35b4-8c7f-d57d0e193bed,663616,Trevor Larnach,,,1B,Walk,walk,,False,,,False,False,False,False,
777669,55,3,a3e205a7-c008-3341-a0e1-871bd2a07042,686797,Brooks Lee,,,,Strikeout,strikeout,,True,1B,3,False,False,False,False,
777669,56,6,d2793f48-d216-3042-9699-1ac23dbb96f5,672016,Denzel Clarke,,,,Strikeout,strikeout,,True,1B,1,False,False,False,False,
777669,57,3,81c0d6b0-21e2-39c5-8e42-cd1f921479a0,671732,Lawrence Butler,,,1B,Walk,walk,,False,,,False,False,False,False,
777669,58,2,c2889ed3-e0ec-3cee-b321-6fd226da69e9,671732,Lawrence Butler,1B,1B,,Pickoff 1B,pickoff_1b,r_pickoff_1b,True,1B,2,False,False,False,False,
777669,58,3,481b6268-5a42-328c-a221-a0047dbe2fd3,805779,Jacob Wilson,,,,Groundout,field_out,,True,1B,3,False,False,False,False,
777669,59,5,42defe26-3958-32c0-857b-d47168fa8503,670242,Matt Wallner,,,,Strikeout,strikeout,,True,1B,1,False,False,False,False,
777669,60,0,81c292a1-9d39-35e0-8ef5-c7ac35db50a0,621043,Carlos Correa,,,,Pop Out,field_out,,True,1B,2,False,False,False,False,
777669,61,7,a11a3bc5-1e68-3b3a-a06c-c182232c58e5,650489,Willi Castro,,,1B,Walk,walk,,False,,,False,False,False,False,
777669,62,6,c2c31a93-b7b0-3f73-b723-c182484bc5c3,650489,Willi Castro,1B,1B,2B,Walk,walk,r_adv_force,False,,,False,False,False,False,
777669,62,6,c2c31a93-b7b0-3f73-b723-c182484bc5c3,665019,Kody Clemens,,,1B,Walk,walk,,False,,,False,False,False,False,
777669,63,4,a2eed448-953e-3845-aa89-6248c6578e1b,664034,Ty France,,,,Groundout,field_out,,True,1B,3,False,False,False,False,
777669,64,5,d18a8b2a-4fcc-3388-bc70-12c80ea56944,667670,Brent Rooker,,,,Groundout,field_out,,True,1B,1,False,False,False,False,
777669,65,4,ff4a0202-da8c-3427-8ba2-32fcecad1887,691016,Tyler Soderstrom,,,,Strikeout,strikeout,,True,1B,2,False,False,False,False,
777669,66,5,c701cb9b-8c21-36a6-a56c-237503b5a684,669127,Shea Langeliers,,,,Groundout,field_out,,True,1B,3,False,False,False,False,
777669,67,3,1d91e5bb-679a-32cd-93f3-0bad97f9469c,543877,Christian Vázquez,,,1B,Single,single,,False,,,False,False,False,False,
777669,68,2,8c6e935a-3825-3860-ab1f-c3afc20a5aa8,543877,Christian Vázquez,1B,1B,2B,Wild Pitch,wild_pitch,r_adv_play,False,,,False,False,False,False,
777669,68,3,6bf9bb8d-ef41-301a-ac89-421ae5de43d6,621439,Byron Buxton,,,,Pop Out,field_out,,True,1B,1,False,False,False,False,
777669,69,6,f69fd9b7-da78-3388-803a-9f53cf8b0227,663616,Trevor Larnach,,,,Strikeout,strikeout,,True,1B,2,False,False,False,False,
777669,70,3,7d6d485a-ea49-38f4-92b4-1f1519f374ae,686797,Brooks Lee,,,1B,Single,single,,False,,,False,False,False,False,
777669,70,3,7d6d485a-ea49-38f4-92b4-1f1519f374ae,543877,Christian Vázquez,2B,2B,score,Single,single,r_adv_play,False,,,True,True,True,False,665660
777669,71,5,d314ca9d-e59c-3c4e-b037-45e20eabf4d2,670242,Matt Wallner,,,1B,Single,single,,False,,,False,False,False,False,
777669,71,5,d314ca9d-e59c-3c4e-b037-45e20eabf4d2,686797,Brooks Lee,1B,1B,2B,Single,single,r_adv_force,False,,,False,False,False,False,
777669,71,5,d314ca9d-e59c-3c4e-b037-45e20eabf4d2,686797,Brooks Lee,1B,2B,3B,Single,single,r_adv_play,False,,,False,False,False,False,
777669,72,3,7cf13861-ab4f-38c9-b9f6-f4f981116324,621043,Carlos Correa,,,,Groundout,field_out,,True,1B,3,False,False,False,False,
777669,73,8,35d2c934-3d1f-31fb-8e7f-6cf0342e7952,680769,CJ Alexander,,,,Strikeout,strikeout,,True,1B,1,False,False,False,False,
777669,74,0,7d837977-aeaa-3796-8ecd-6ded9d836915,649966,Luis Urías,,,,Groundout,field_out,,True,1B,2,False,False,False,False,
777669,75,1,37e3571c-3aec-3618-9573-19601a31db2b,682183,Drew Avans,,,1B,Single,single,,False,,,False,False,False,False,
777669,76,3,00972d78-b41b-3ad4-bdcd-2490eb417503,672016,Denzel Clarke,,,,Strikeout,strikeout,,True,1B,3,False,False,False,False,
777669,77,5,388c60bf-fffa-35a3-a4ae-34fe0dcc7010,650489,Willi Castro,,,1B,Single,single,,False,,,False,False,False,False,
777669,78,2,c4c78c92-411f-367e-9b14-791df5cf2609,665019,Kody Clemens,,,,Pop Out,field_out,,True,1B,1,False,False,False,False,
777669,79,5,e75060eb-0f79-346d-9b87-a0231d2e17ba,664034,Ty France,,,1B,Single,single,,False,,,False,False,False,False,
777669,79,5,e75060eb-0f79-346d-9b87-a0231d2e17ba,650489,Willi Castro,1B,1B,2B,Single,single,r_adv_force,False,,,False,False,False,False,
777669,80,4,b0b1ef07-0643-3683-b1d3-e3632fb26ff9,650489,Willi Castro,2B,2B,3B,Walk,walk,r_adv_force,False,,,False,False,False,False,
777669,80,4,b0b1ef07-0643-3683-b1d3-e3632fb26ff9,664034,Ty France,1B,1B,2B,Walk,walk,r_adv_force,False,,,False,False,False,False,
777669,80,4,b0b1ef07-0643-3683-b1d3-e3632fb26ff9,543877,Christian Vázquez,,,1B,Walk,walk,,False,,,False,False,False,False,
777669,81,6,2b360c80-dc90-3cc7-8104-2feb04e57a06,621439,Byron Buxton,,,,Sac Fly,sac_fly,,True,1B,2,False,False,False,False,
777669,81,6,2b360c80-dc90-3cc7-8104-2feb04e57a06,650489,Willi Castro,3B,3B,score,Sac Fly,sac_fly,r_adv_play,False,,,True,True,True,False,656794
777669,82,3,d250c178-b5fc-39c4-9573-28300c32f470,663616,Trevor Larnach,,,,Strikeout,strikeout,,True,1B,3,False,False,False,False,
777669,83,6,559164e8-51cb-383c-a4a3-a3fc96ce0da4,671732,Lawrence Butler,,,1B,Walk,walk,,False,,,False,False,False,False,
777669,84,1,ef596b59-5e93-3d84-a73a-dad38ade2dc0,671732,Lawrence Butler,1B,1B,,Grounded Into DP,grounded_into_double_play,r_force_out,True,2B,1,False,False,False,False,
777669,84,1,ef596b59-5e93-3d84-a73a-dad38ade2dc0,680474,Max Schuemann,,,,Grounded Into DP,grounded_into_double_play,,True,1B,2,False,False,False,False,
777669,85,4,a05eae71-aeee-3218-8500-62a6a85fccc0,667670,Brent Rooker,,,1B,Walk,walk,,False,,,False,False,False,False,
777669,86,3,4b24213f-b740-3ad1-b697-90b6e89c9074,691016,Tyler Soderstrom,,,,Strikeout,strikeout,,True,1B,3,False,False,False,False,
777675,0,4,5012f297-e996-3340-9b0e-8635bd7b0821,596019,Francisco Lindor,,,score,Home Run,home_run,,False,,,True,True,True,False,669160
777675,1,4,923e85b9-7698-39f6-8639-18f0b53e36c5,607043,Brandon Nimmo,,,1B,Walk,walk,,False,,,False,False,False,False,
777675,2,2,afc66cae-987e-30dc-91a8-26010d047943,607043,Brandon Nimmo,1B,1B,,Grounded Into DP,grounded_into_double_play,r_force_out,True,2B,1,False,False,False,False,
777675,2,2,afc66cae-987e-30dc-91a8-26010d047943,665742,Juan Soto,,,,Grounded Into DP,grounded_into_double_play,,True,1B,2,False,False,False,False,
777675,3,2,860f9b11-f69d-32ce-a808-945d09ac072a,624413,Pete Alonso,,,,Lineout,field_out,,True,1B,3,False,False,False,False,
777675,4,5,2d0c0a7f-f2f8-3511-9565-854866d0dc44,660271,Shohei Ohtani,,,,Strikeout,strikeout,,True,1B,1,False,False,False,False,
777675,5,3,8416e196-156a-3388-a16f-e8211704bcc1,606192,Teoscar Hernández,,,,Flyout,field_out,,True,1B,2,False,False,False,False,
777675,6,5,91f8cfb7-63f2-3d76-8484-d2d108e1991b,518692,Freddie Freeman,,,1B,Single,single,,False,,,False,False,False,False,
777675,7,4,0154eae8-3d31-3852-b5ba-af01e5eaaf62,681624,Andy Pages,,,,Groundout,field_out,,True,1B,3,False,False,False,False,
777675,8,6,4533001c-392b-3613-8d02-97e22c4f9168,676724,Jared Young,,,,Strikeout,strikeout,,True,1B,1,False,False,False,False,
777675,9,1,5a168c85-06f2-375d-9cd4-9a2920f62bb4,683146,Brett Baty,,,,Groundout,field_out,,True,1B,2,False,False,False,False,
777675,10,6,4c495d22-ae39-3288-adbe-9b127c0d8ada,621438,Tyrone Taylor,,,,Flyout,field_out,,True,1B,3,False,False,False,False,
777675,11,3,c0ca9eb1-e676-3e8b-a77c-990128a30eee,571970,Max Muncy,,,1B,Walk,walk,,False,,,False,False,False,False,
777675,12,1,f82376ef-f0a0-350e-9f39-7e2817cb0074,571970,Max Muncy,1B,1B,,Grounded Into DP,grounded_into_double_play,r_force_out,True,2B,1,False,False,False,False,
777675,12,1,f82376ef-f0a0-350e-9f39-7e2817cb0074,624424,Michael Conforto,,,,Grounded Into DP,grounded_into_double_play,,True,1B,2,False,False,False,False,
777675,13,2,8b0c1928-1572-3c2b-9a37-2c506ae1a250,669242,Tommy Edman,,,,Groundout,field_out,,True,1B,3,False,False,False,False,
777675,14,1,0338f047-29bd-396b-9c1c-df615db060e3,643446,Jeff McNeil,,,,Lineout,field_out,,True,1B,1,False,False,False,False,
777675,15,5,1b063230-1d96-3ad3-adc1-0598451f9a29,682626,Francisco Alvarez,,,,Strikeout,strikeout,,True,1B,2,False,False,False,False,
777675,16,4,cd188caf-1147-3c9d-b28a-ed4008d874d2,596019,Francisco Lindor,,,,Pop Out,field_out,,True,1B,3,False,False,False,False,
777675,17,8,67560d86-2b6c-329a-9ce0-10efcfc714a8,687221,Dalton Rushing,,,,Strikeout,strikeout,,True,1B,1,False,False,False,False,
777675,18,1,adb1eadb-3422-3380-a144-403c987e2e7f,808975,Hyeseong Kim,,,,Groundout,field_out,,True,1B,2,False,False,False,False,
777675,19,7,f0d9c414-942b-31b7-b8a2-0f0beec3aa38,660271,Shohei Ohtani,,,,Strikeout,strikeout,,True,1B,3,False,False,False,False,
777675,20,6,fe36fef3-055d-370a-a714-30d7ef5c84a1,607043,Brandon Nimmo,,,,Strikeout,strikeout,,True,1B,1,False,False,False,False,
777675,21,2,2d10783e-47c6-304d-843d-205406c2abf8,665742,Juan Soto,,,2B,Double,double,,False,,,False,False,False,False,
777675,22,0,b992cab5-4b34-328b-bb91-76191338c87e,624413,Pete Alonso,,,1B,Hit By Pitch,hit_by_pitch,,False,,,False,False,False,False,
777675,23,2,ea9af545-7fdb-3336-80cb-cf365d9d80ca,624413,Pete Alonso,1B,1B,,Forceout,force_out,r_force_out,True,2B,2,False,False,False,False,
777675,23,2,ea9af545-7fdb-3336-80cb-cf365d9d80ca,665742,Juan Soto,2B,2B,3B,Forceout,force_out,r_adv_play,False,,,False,False,False,False,
777675,23,2,ea9af545-7fdb-3336-80cb-cf365d9d80ca,676724,Jared Young,,,1B,Forceout,force_out,,False,,,False,False,False,False,
777675,24,6,2a2ea606-0d9e-3e2b-84dd-312c7fa2497b,683146,Brett Baty,,,,Strikeout,strikeout,,True,1B,3,False,False,False,False,
777675,25,7,9a2ad48b-0ca8-3dcd-bb81-b1529026c8c7,606192,Teoscar Hernández,,,1B,Single,single,,False,,,False,False,False,False,
777675,26,1,89ed97c6-74e2-3c39-ba2a-e0083b8d1165,518692,Freddie Freeman,,,,Groundout,field_out,,True,1B,1,False,False,False,False,
777675,26,1,89ed97c6-74e2-3c39-ba2a-e0083b8d1165,606192,Teoscar Hernández,1B,1B,2B,Groundout,field_out,r_adv_force,False,,,False,False,False,False,
777675,27,5,73f6c020-28c5-3af9-9d59-90a46bebbd95,681624,Andy Pages,,,,Flyout,field_out,,True,1B,2,False,False,False,False,
777675,28,2,0fc19fdc-fd73-366d-90f1-d6d96c593ad2,571970,Max Muncy,,,,Flyout,field_out,,True,1B,3,False,False,False,False,
777675,29,2,2026b6e5-51b2-3728-832c-0e14a7bfcf0f,621438,Tyrone Taylor,,,,Pop Out,field_out,,True,1B,1,False,False,False,False,
777675,30,0,9dd6598a-7a76-3dd9-8da3-3bb85fb29a98,643446,Jeff McNeil,,,1B,Single,single,,False,,,False,False,False,False,
777675,31,3,56772227-cb2b-3df2-809e-d0c343c47c6d,682626,Francisco Alvarez,,,1B,Single,single,,False,,,False,False,False,False,
777675,31,3,56772227-cb2b-3df2-809e-d0c343c47c6d,643446,Jeff McNeil,1B,1B,2B,Single,single,r_adv_force,False,,,False,False,False,False,
777675,32,2,a97be6c8-ad3c-3b9d-9710-c25941f0b278,596019,Francisco Lindor,,,,Flyout,field_out,,True,1B,2,False,False,False,False,
777675,33,1,10bc2e3a-f6d9-34d5-b755-e1e1858ba8a4,607043,Brandon Nimmo,,,2B,Double,double,,False,,,False,False,False,False,
777675,33,1,10bc2e3a-f6d9-34d5-b755-e1e1858ba8a4,643446,Jeff McNeil,2B,2B,score,Double,double,r_adv_force,False,,,True,True,True,False,669160
777675,33,1,10bc2e3a-f6d9-34d5-b755-e1e1858ba8a4,682626,Francisco Alvarez,1B,1B,3B,Double,double,r_adv_force,False,,,False,False,False,False,
777675,34,3,07776756-0356-1033-000c-f08cd117d70a,665742,Juan Soto,,,1B,Intent Walk,intent_walk,,False,,,False,False,False,False,
777675,35,2,2f11ef88-2d92-315e-bf3c-be93a15b4d66,624413,Pete Alonso,,,,Flyout,field_out,,True,1B,3,False,False,False,False,
777675,36,4,1ea9b3c8-14ac-3fdb-9707-c220e77c64b8,624424,Michael Conforto,,,,Flyout,field_out,,True,1B,1,False,False,False,False,
777675,37,1,8136365c-b071-3cbe-9bbe-b06ed44f13d4,669242,Tommy Edman,,,1B,Field Error,field_error,,False,,,False,False,False,False,
777675,38,0,626e23f4-b5cc-3b2e-ab26-3378d95d306d,687221,Dalton Rushing,,,,Flyout,field_out,,True,1B,2,False,False,False,False,
777675,39,6,3846a79e-9a92-3470-a595-d9716f9831f7,808975,Hyeseong Kim,,,1B,Single,single,,False,,,False,False,False,False,
777675,39,6,3846a79e-9a92-3470-a595-d9716f9831f7,669242,Tommy Edman,1B,1B,2B,Single,single,r_adv_force,False,,,False,False,False,False,
777675,40,5,6eb4255e-0bc5-3922-87b8-10561f44c9eb,660271,Shohei Ohtani,,,,Groundout,field_out,,True,1B,3,False,False,False,False,
777675,41,5,44453aa3-6d34-3ae6-be6f-32a101b376e9,676724,Jared Young,,,,Strikeout,strikeout,,True,1B,1,False,False,False,False,
777675,42,6,d93901e6-3506-369c-8e66-36090a15f3ec,683146,Brett Baty,,,1B,Single,single,,False,,,False,False,False,False,
777675,43,3,11b85281-08aa-349d-a683-2fdc2e206249,621438,Tyrone Taylor,,,,Lineout,field_out,,True,1B,2,False,False,False,False,
777675,44,1,fbf4f204-4b3a-381a-9bc2-013a7c6f2510,643446,Jeff McNeil,,,,Flyout,field_out,,True,1B,3,False,False,False,False,
777675,45,6,a780a623-ad20-3338-a5b5-bff36ae7a9b0,606192,Teoscar Hernández,,,,Strikeout,strikeout,,True,1B,1,False,False,False,False,
777675,46,4,2c524e77-bb96-3c56-ba4c-717fdf7747f3,518692,Freddie Freeman,,,1B,Single,single,,False,,,False,False,False,False,
777675,47,7,062e6134-a5f0-3d0a-9c3a-9835050125ea,681624,Andy Pages,,,,Flyout,field_out,,True,1B,2,False,False,False,False,
777675,48,4,34bf8bea-b6b8-3bb6-8540-44ce57c8dd72,518692,Freddie Freeman,1B,1B,2B,Walk,walk,r_adv_force,False,,,False,False,False,False,
777675,48,4,34bf8bea-b6b8-3bb6-8540-44ce57c8dd72,571970,Max Muncy,,,1B,Walk,walk,,False,,,False,False,False,False,
777675,49,7,f3232a7c-0d54-3ee6-91d9-160fb7159648,518692,Freddie Freeman,2B,2B,3B,Walk,walk,r_adv_force,False,,,False,False,False,False,
777675,49,7,f3232a7c-0d54-3ee6-91d9-160fb7159648,571970,Max Muncy,1B,1B,2B,Walk,walk,r_adv_force,False,,,False,False,False,False,
777675,49,7,f3232a7c-0d54-3ee6-91d9-160fb7159648,624424,Michael Conforto,,,1B,Walk,walk,,False,,,False,False,False,False,
777675,50,3,de2184b4-9e13-38c6-b5a6-1b863475c349,669242,Tommy Edman,,,,Strikeout,strikeout,,True,1B,3,False,False,False,False,
777675,51,6,1a3a7882-6459-3f9b-8469-1a01e60a6e9b,682626,Francisco Alvarez,,,,Strikeout,strikeout,,True,1B,1,False,False,False,False,
777675,52,0,4ab011d2-bb4b-3dc7-a29b-e3f719ec0652,596019,Francisco Lindor,,,,Pop Out,field_out,,True,1B,2,False,False,False,False,
777675,53,4,49d91bfe-20fa-3a09-a58e-5adf3ed57865,607043,Brandon Nimmo,,,,Groundout,field_out,,True,1B,3,False,False,False,False,
777675,54,6,f944dcb0-27b9-3b0a-bfd4-f847622becc5,687221,Dalton Rushing,,,,Strikeout,strikeout,,True,1B,1,False,False,False,False,
777675,55,5,10bbc5f2-883b-3810-bcc3-d3c0354b5ea9,808975,Hyeseong Kim,,,,Lineout,field_out,,True,1B,2,False,False,False,False,
777675,56,0,64b9da75-95cd-3c78-8839-8573b5223546,660271,Shohei Ohtani,,,score,Home Run,home_run,,False,,,True,True,True,False,668820
777675,57,7,494ccf6a-cf13-3617-aeb1-2553de37cb81,606192,Teoscar Hernández,,,,Strikeout,strikeout,,True,1B,3,False,False,False,False,
777675,58,1,b2ee5e2b-5b35-3fb0-b8d6-d37c957902be,665742,Juan Soto,,,,Flyout,field_out,,True,1B,1,False,False,False,False,
777675,59,0,e717a722-f021-3d62-a65e-edd53b8d4d5a,624413,Pete Alonso,,,,Pop Out,field_out,,True,1B,2,False,False,False,False,
777675,60,1,6df240c5-d733-3c59-870b-90087be9c148,668901,Mark Vientos,,,,Flyout,field_out,,True,1B,3,False,False,False,False,
777675,61,4,a73bac7f-0425-3b59-b4fc-2f7d98f2b644,518692,Freddie Freeman,,,,Groundout,field_out,,True,1B,1,False,False,False,False,
777675,62,8,71f94807-15d0-3686-8878-bda7828063f5,681624,Andy Pages,,,1B,Single,single,,False,,,False,False,False,False,
777675,63,8,5f25d41c-aca8-369a-b39c-67f99ae3ee79,571970,Max Muncy,,,,Flyout,field_out,,True,1B,2,False,False,False,False,
777675,64,1,1e4363aa-1d98-3c34-850c-1cfc66664242,624424,Michael Conforto,,,,Flyout,field_out,,True,1B,3,False,False,False,False,
777675,65,3,8ac53875-87de-344b-bd74-e8792cf50bda,683146,Brett Baty,,,,Flyout,field_out,,True,1B,1,False,False,False,False,
777675,66,2,c9431da2-dda6-374d-bf98-ea059a476fd6,621438,Tyrone Taylor,,,,Strikeout,strikeout,,True,1B,2,False,False,False,False,
777675,67,3,1d534343-9b1a-3141-ad33-23b2ce6e9b92,643446,Jeff McNeil,,,,Lineout,field_out,,True,1B,3,False,False,False,False,
777675,68,5,ef1df2f6-395a-3f69-942d-10c6a8e68876,669242,Tommy Edman,,,1B,Single,single,,False,,,False,False,False,False,
777675,69,1,97f3e882-029a-3da1-b9ef-d1efbbd12f70,669242,Tommy Edman,1B,1B,2B,Stolen Base 2B,stolen_base_2b,r_stolen_base_2b,False,,,False,False,False,False,
777675,69,6,9a94b7ed-9fe8-33a6-ae0f-1da2374af7a0,687221,Dalton Rushing,,,,Strikeout,strikeout,,True,1B,1,False,False,False,False,
777675,70,1,a453be64-dab9-30ca-a91d-65a018253e36,808975,Hyeseong Kim,,,1B,Single,single,,False,,,False,False,False,False,
777675,70,1,a453be64-dab9-30ca-a91d-65a018253e36,669242,Tommy Edman,2B,2B,3B,Single,single,r_adv_play,False,,,False,False,False,False,
777675,71,3,117b5b42-5977-3a89-8ef7-f969f0a12185,660271,Shohei Ohtani,,,,Sac Fly,sac_fly,,True,1B,2,False,False,False,False,
777675,71,3,117b5b42-5977-3a89-8ef7-f969f0a12185,669242,Tommy Edman,3B,3B,score,Sac Fly,sac_fly,r_adv_play,False,,,True,True,True,False,621242
777675,72,1,d176702d-db19-3ba1-a263-9721870c9fb3,808975,Hyeseong Kim,1B,1B,2B,Stolen Base 2B,stolen_base_2b,r_stolen_base_2b,False,,,False,False,False,False,
777675,72,5,79bb3640-5ef1-330a-96e0-95230b8420f0,606192,Teoscar Hernández,,,,Strikeout,strikeout,,True,1B,3,False,False,False,False,
777675,73,4,85cc3492-76db-39c1-99e0-8b0b4785434f,682626,Francisco Alvarez,,,2B,Double,double,,False,,,False,False,False,False,
777675,73,4,85cc3492-76db-39c1-99e0-8b0b4785434f,682668,Luisangel Acuña,2B,2B,3B,Double,double,r_adv_force,False,,,False,False,False,False,
777675,73,4,85cc3492-76db-39c1-99e0-8b0b4785434f,682668,Luisangel Acuña,2B,3B,score,Double,double,r_adv_play,False,,,True,True,False,True,656945
777675,74,3,5c6244bf-ee6e-34a5-a906-aa14587abce7,596019,Francisco Lindor,,,1B,Single,single,,False,,,False,False,False,False,
777675,74,3,5c6244bf-ee6e-34a5-a906-aa14587abce7,516782,Starling Marte,2B,2B,score,Single,single,r_adv_play,False,,,True,True,True,False,656945
777675,75,3,acc47d39-b716-322c-8ec5-3f90c5f8ae0b,607043,Brandon Nimmo,,,,Strikeout,strikeout,,True,1B,1,False,False,False,False,
777675,75,3,acc47d39-b716-322c-8ec5-3f90c5f8ae0b,596019,Francisco Lindor,1B,1B,2B,Stolen Base 2B,stolen_base_2b,r_stolen_base_2b,False,,,False,False,False,False,
777675,76,1,e7b2f901-7552-34ca-8fb3-ac39173696b5,665742,Juan Soto,,,,Groundout,field_out,,True,1B,2,False,False,False,False,
777675,76,1,e7b2f901-7552-34ca-8fb3-ac39173696b5,596019,Francisco Lindor,2B,2B,3B,Groundout,field_out,r_adv_play,False,,,False,False,False,False,
777675,77,7,1e85da01-94c1-31fb-9fd9-8b2db7a2b240,624413,Pete Alonso,,,1B,Walk,walk,,False,,,False,False,False,False,
777675,78,0,6cabaa86-ecaf-3d70-9472-92c55f4e39ac,668901,Mark Vientos,,,,Groundout,field_out,,True,1B,3,False,False,False,False,
777675,79,8,900e20b8-13c5-30b0-b167-39f9976bb887,518692,Freddie Freeman,,,1B,Walk,walk,,False,,,False,False,False,False,
777675,80,3,857c08cb-02d9-32ce-ba87-0761c09e4b04,681624,Andy Pages,,,1B,Single,single,,False,,,False,False,False,False,
777675,80,3,857c08cb-02d9-32ce-ba87-0761c09e4b04,606192,Teoscar Hernández,2B,2B,3B,Single,single,r_adv_force,False,,,False,False,False,False,
777675,80,3,857c08cb-02d9-32ce-ba87-0761c09e4b04,606192,Teoscar Hernández,2B,3B,score,Single,single,r_adv_play,False,,,True,True,False,True,620454
777675,80,3,857c08cb-02d9-32ce-ba87-0761c09e4b04,518692,Freddie Freeman,1B,1B,2B,Single,single,r_adv_force,False,,,False,False,False,False,
777675,81,5,4cdeb820-64ee-35df-8a56-50f5f68d89c4,571970,Max Muncy,,,,Strikeout,strikeout,,True,1B,1,False,False,False,False,
777675,82,5,814fd96b-e7e8-369e-aa80-a4fd58eee2c3,669257,Will Smith,,,,Flyout,field_out,,True,1B,2,False,False,False,False,
777675,82,5,814fd96b-e7e8-369e-aa80-a4fd58eee2c3,518692,Freddie Freeman,2B,2B,3B,Flyout,field_out,r_adv_play,False,,,False,False,False,False,
777675,83,4,9f4554c0-2d4f-363b-8811-91bc0337982b,669242,Tommy Edman,,,,Groundout,field_out,,True,1B,3,False,False,False,False,
