gamePk,atBatIndex,playIndex,playId,runnerid,runnerfullName,originBase,start,end,event,eventType,movementReason,isOut,outBase,outNumber,isScoringEvent,rbi,earned,teamUnearned,responsiblepitcherid
777483,0,4,4d80dac8-693b-32f5-9a82-40dcc762a2c8,607208,Trea Turner,,,score,Home Run,home_run,,False,,,True,True,True,False,645261
777483,1,4,dcfd8779-5844-3ce1-b978-3c7600ed7c3c,656941,Kyle Schwarber,,,,Strikeout,strikeout,,True,1B,1,False,False,False,False,
777483,2,1,0b077190-8479-3515-af75-bb0c5ea3757e,664761,Alec Bohm,,,2B,Double,double,,False,,,False,False,False,False,
777483,3,4,493c02a2-7c8b-38c3-9055-dabc0c13e478,592206,Nick Castellanos,,,,Lineout,field_out,,True,1B,2,False,False,False,False,
777483,4,2,9796428f-3e0b-3595-9a46-63b65df0eabf,596146,Max Kepler,,,,Groundout,field_out,,True,1B,3,False,False,False,False,
777483,5,1,c7b31ccd-2c9c-3acf-b514-23e563a5eff7,669364,Xavier Edwards,,,,Lineout,field_out,,True,1B,1,False,False,False,False,
777483,6,9,f0ed46e3-7d2c-391b-bcfb-4f14325cc685,660821,Jesús Sánchez,,,,Strikeout,strikeout,,True,1B,2,False,False,False,False,
777483,7,5,3240d420-5660-398e-9456-2ac85ebdf96a,672640,Otto Lopez,,,,Flyout,field_out,,True,1B,3,False,False,False,False,
777483,8,8,825b6c75-3492-3322-b877-a3ad6acad37f,805249,Otto Kemp,,,,Groundout,field_out,,True,1B,1,False,False,False,False,
777483,9,4,8c7c8312-54fd-35c1-8f3f-5f69810e12a8,681082,Bryson Stott,,,,Flyout,field_out,,True,1B,2,False,False,False,False,
777483,10,9,019de90b-3a9c-30c8-b86b-a3f62da781f2,665561,Rafael Marchán,,,,Strikeout,strikeout,,True,1B,3,False,False,False,False,
777483,11,0,6419a987-be63-3324-9fb6-e0efc5e4546a,682663,Agustín Ramírez,,,,Groundout,field_out,,True,1B,1,False,False,False,False,
777483,12,5,7c7d644e-6d97-3743-9d78-35a32515c557,669065,Kyle Stowers,,,3B,Triple,triple,,False,,,False,False,False,False,
777483,13,2,bbfcd7d4-606f-30b5-986c-dc689e64a423,676572,Eric Wagaman,,,,Strikeout,strikeout,,True,1B,2,False,False,False,False,
777483,14,6,4ef1d4e9-6882-3988-95ca-2c27aa235814,689414,Liam Hicks,,,1B,Walk,walk,,False,,,False,False,False,False,
777483,15,7,e88967bb-e29d-33b3-ad09-2bfb3a4150c3,681393,Connor Norby,,,1B,Single,single,,False,,,False,False,False,False,
777483,15,7,e88967bb-e29d-33b3-ad09-2bfb3a4150c3,689414,Liam Hicks,1B,1B,2B,Single,single,r_adv_force,False,,,False,False,False,False,
777483,15,7,e88967bb-e29d-33b3-ad09-2bfb3a4150c3,689414,Liam Hicks,1B,2B,3B,Single,single,r_adv_play,False,,,False,False,False,False,
777483,15,7,e88967bb-e29d-33b3-ad09-2bfb3a4150c3,669065,Kyle Stowers,3B,3B,score,Single,single,r_adv_play,False,,,True,True,True,False,690953
777483,16,1,747a047d-7e43-36c6-bffc-3102d622c000,681393,Connor Norby,1B,1B,2B,Hit By Pitch,hit_by_pitch,r_adv_force,False,,,False,False,False,False,
777483,16,1,747a047d-7e43-36c6-bffc-3102d622c000,667472,Dane Myers,,,1B,Hit By Pitch,hit_by_pitch,,False,,,False,False,False,False,
777483,17,3,3d8002bd-1275-340c-8775-72ad1ffb4228,669364,Xavier Edwards,,,,Lineout,field_out,,True,1B,3,False,False,False,False,
777483,18,8,dc091078-14e6-3f5c-b05c-00ad48f88808,669016,Brandon Marsh,,,,Groundout,field_out,,True,1B,1,False,False,False,False,
777483,19,7,10d4ec62-8b1a-3cd2-871e-d2eece19a67e,607208,Trea Turner,,,1B,Single,single,,False,,,False,False,False,False,
777483,20,5,728fb8f2-401a-328a-a80d-7e3c508ef382,656941,Kyle Schwarber,,,,Flyout,field_out,,True,1B,2,False,False,False,False,
777483,21,1,a56f7b75-acc7-32df-97dd-1852dd905e6b,664761,Alec Bohm,,,,Lineout,field_out,,True,1B,3,False,False,False,False,
777483,22,5,3d878831-da6f-30c6-ac1b-e69a658e044d,660821,Jesús Sánchez,,,,Lineout,field_out,,True,1B,1,False,False,False,False,
777483,23,2,174680aa-b145-3913-941e-b1c92ea70383,672640,Otto Lopez,,,,Groundout,field_out,,True,1B,2,False,False,False,False,
777483,24,2,37cd047b-7c02-359b-b791-20a4bca79ae6,682663,Agustín Ramírez,,,,Groundout,field_out,,True,1B,3,False,False,False,False,
777483,25,3,3a7be605-5bb8-3930-9ed8-680e422fc3b2,592206,Nick Castellanos,,,,Lineout,field_out,,True,1B,1,False,False,False,False,
777483,26,8,ea781198-5189-349f-8fe6-f05116ec513e,596146,Max Kepler,,,score,Home Run,home_run,,False,,,True,True,True,False,645261
777483,27,0,7e3da9a5-c6f6-3a93-aa9c-41e251ef3a52,805249,Otto Kemp,,,,Lineout,field_out,,True,1B,2,False,False,False,False,
777483,28,1,d961ac70-93e9-3d11-8478-169bb449df34,681082,Bryson Stott,,,2B,Double,double,,False,,,False,False,False,False,
777483,29,5,e093c97f-2284-3bef-a3db-85f720b8548a,665561,Rafael Marchán,,,,Strikeout,strikeout,,True,1B,3,False,False,False,False,
777483,30,3,05483cea-d171-38bd-b4b1-5425505d2a48,669065,Kyle Stowers,,,,Groundout,field_out,,True,1B,1,False,False,False,False,
777483,31,6,04387964-f611-3a92-9d6a-2ce5540d2129,676572,Eric Wagaman,,,,Strikeout,strikeout,,True,1B,2,False,False,False,False,
777483,32,0,ab9401a8-8f2f-3834-ace7-c8f350a1fab3,689414,Liam Hicks,,,,Lineout,field_out,,True,1B,3,False,False,False,False,
777483,33,4,6cde65ab-4642-39c7-8b38-ef036fea3ae0,669016,Brandon Marsh,,,,Lineout,field_out,,True,1B,1,False,False,False,False,
777483,34,3,cded94c0-a7b6-3f36-8195-ceaac1750295,607208,Trea Turner,,,,Strikeout,strikeout,,True,1B,2,False,False,False,False,
777483,35,7,53f0a32a-4502-30b2-ad12-7838a7d75ee6,656941,Kyle Schwarber,,,1B,Walk,walk,,False,,,False,False,False,False,
777483,36,3,0494d461-b95b-3066-853c-57efa4e237fe,664761,Alec Bohm,,,,Strikeout,strikeout,,True,1B,3,False,False,False,False,
777483,37,1,8ecec102-1636-387b-a562-02f6e106fb4b,681393,Connor Norby,,,,Flyout,field_out,,True,1B,1,False,False,False,False,
777483,38,0,bd502a95-baf2-324a-b61d-98011caca501,681715,Heriberto Hernández,,,,Flyout,field_out,,True,1B,2,False,False,False,False,
777483,39,7,e5c3abdf-fed9-3a95-8ed3-bca2d18809b4,669364,Xavier Edwards,,,1B,Single,single,,False,,,False,False,False,False,
777483,40,4,a3067665-c5dc-3775-b1af-c86816dc3587,660821,Jesús Sánchez,,,,Groundout,field_out,,True,1B,3,False,False,False,False,
777483,41,4,d133f995-c400-37c8-b70d-9ce7b15ca4af,592206,Nick Castellanos,,,1B,Single,single,,False,,,False,False,False,False,
777483,42,3,c3b4fb7b-6901-3094-8d87-362f43999ef4,596146,Max Kepler,,,,Flyout,field_out,,True,1B,1,False,False,False,False,
777483,43,2,90be587b-d841-339a-8956-b9e9b56215f8,805249,Otto Kemp,,,,Flyout,field_out,,True,1B,2,False,False,False,False,
777483,44,1,04f74f6a-8a47-321b-8a7b-df4aa5157e55,681082,Bryson Stott,,,,Lineout,field_out,,True,1B,3,False,False,False,False,
777483,45,5,de45526c-eaee-3f01-91ae-16f5056791a5,672640,Otto Lopez,,,,Groundout,field_out,,True,1B,1,False,False,False,False,
777483,46,0,46a54c3b-6110-3b8f-940a-b99a3388bd0c,682663,Agustín Ramírez,,,,Groundout,field_out,,True,1B,2,False,False,False,False,
777483,47,3,cb7d9413-e1a2-304c-b6c8-18960fc92dee,669065,Kyle Stowers,,,,Strikeout,strikeout,,True,1B,3,False,False,False,False,
777483,48,4,7fdf29ca-fec9-3bb3-8a44-c201a5b9d0f5,665561,Rafael Marchán,,,,Groundout,field_out,,True,1B,1,False,False,False,False,
777483,49,4,8bd0ce10-353e-304f-b8fd-dbe8cee8513b,669016,Brandon Marsh,,,3B,Triple,triple,,False,,,False,False,False,False,
777483,50,0,da4b2afb-71a1-3de9-81b7-f7b60ed7cb74,607208,Trea Turner,,,1B,Single,single,,False,,,False,False,False,False,
777483,50,0,da4b2afb-71a1-3de9-81b7-f7b60ed7cb74,669016,Brandon Marsh,3B,3B,score,Single,single,r_adv_play,False,,,True,True,True,False,678368
777483,51,1,6f2551a6-08cd-32a3-bdf1-17dde30120f8,656941,Kyle Schwarber,,,,Lineout,field_out,,True,1B,2,False,False,False,False,
777483,52,1,4b604e34-b0ea-3cbe-8164-bc0555126a0f,607208,Trea Turner,1B,1B,,Forceout,force_out,r_force_out,True,2B,3,False,False,False,False,
777483,52,1,4b604e34-b0ea-3cbe-8164-bc0555126a0f,664761,Alec Bohm,,,1B,Forceout,force_out,,False,,,False,False,False,False,
777483,53,4,ff7c3c2d-fa21-38e6-b36d-70a603c71015,676572,Eric Wagaman,,,,Strikeout,strikeout,,True,1B,1,False,False,False,False,
777483,54,4,1be0e2d3-963d-3357-94af-50f78b942356,689414,Liam Hicks,,,1B,Hit By Pitch,hit_by_pitch,,False,,,False,False,False,False,
777483,55,2,47249f79-86cb-3cb5-bbe8-f554d57e4806,681393,Connor Norby,,,,Strikeout,strikeout,,True,1B,2,False,False,False,False,
777483,56,3,ff27fcc1-ea93-3987-9e9a-897a07a0af7f,681715,Heriberto Hernández,,,,Pop Out,field_out,,True,1B,3,False,False,False,False,
777483,57,3,8ea0da03-5750-335e-8684-8dbc44160eb8,592206,Nick Castellanos,,,,Flyout,field_out,,True,1B,1,False,False,False,False,
777483,58,4,d02cc530-8b3c-3c76-aa51-23d3ffe2f31f,596146,Max Kepler,,,,Strikeout,strikeout,,True,1B,2,False,False,False,False,
777483,59,3,7fec812f-e5b7-3da7-83b6-8bdf9dc81e3e,805249,Otto Kemp,,,,Flyout,field_out,,True,1B,3,False,False,False,False,
777483,60,12,20c6380c-790e-36e9-a259-cea8f301f3b9,669364,Xavier Edwards,,,1B,Single,single,,False,,,False,False,False,False,
777483,61,3,4ed40b45-8fdc-3965-8453-5d721dbfa3e7,691594,Javier Sanoja,,,1B,Single,single,,False,,,False,False,False,False,
777483,61,3,4ed40b45-8fdc-3965-8453-5d721dbfa3e7,669364,Xavier Edwards,1B,1B,2B,Single,single,r_adv_force,False,,,False,False,False,False,
777483,62,2,45d39b75-0e4d-35e5-8bdd-d996060733a2,691594,Javier Sanoja,1B,1B,,Forceout,force_out,r_force_out,True,2B,1,False,False,False,False,
777483,62,2,45d39b75-0e4d-35e5-8bdd-d996060733a2,669364,Xavier Edwards,2B,2B,3B,Forceout,force_out,r_adv_play,False,,,False,False,False,False,
777483,62,2,45d39b75-0e4d-35e5-8bdd-d996060733a2,672640,Otto Lopez,,,1B,Forceout,force_out,,False,,,False,False,False,False,
777483,63,0,c622139c-f4fe-3733-99cc-b7011cee327b,682663,Agustín Ramírez,,,,Sac Fly,sac_fly,,True,1B,2,False,False,False,False,
777483,63,0,c622139c-f4fe-3733-99cc-b7011cee327b,669364,Xavier Edwards,3B,3B,score,Sac Fly,sac_fly,r_adv_play,False,,,True,True,True,False,621381
777483,64,4,e2a1ebb8-4479-32b6-a96a-5bd6458cab36,669065,Kyle Stowers,,,,Groundout,field_out,,True,1B,3,False,False,False,False,
777483,65,10,fe74197c-5603-3343-80df-38bd994a4546,681082,Bryson Stott,,,,Groundout,field_out,,True,1B,1,False,False,False,False,
777483,66,2,10af0171-53a8-3365-99e1-390477723376,665561,Rafael Marchán,,,2B,Double,double,,False,,,False,False,False,False,
777483,67,7,2bcddb4e-042a-39dd-a64c-9e882ef536c5,665561,Rafael Marchán,2B,2B,3B,Passed Ball,passed_ball,r_adv_play,False,,,False,False,False,False,
777483,67,7,2bcddb4e-042a-39dd-a64c-9e882ef536c5,669016,Brandon Marsh,,,1B,Walk,walk,,False,,,False,False,False,False,
777483,68,2,33ff0cc6-d9ac-372c-8a4c-8d4fe989f60a,607208,Trea Turner,,,,Lineout,field_out,,True,1B,2,False,False,False,False,
777483,69,2,6fdb439a-188b-35f8-8b26-533ea8689e91,669016,Brandon Marsh,1B,1B,2B,Hit By Pitch,hit_by_pitch,r_adv_force,False,,,False,False,False,False,
777483,69,2,6fdb439a-188b-35f8-8b26-533ea8689e91,656941,Kyle Schwarber,,,1B,Hit By Pitch,hit_by_pitch,,False,,,False,False,False,False,
777483,70,5,2a4ec45e-71e9-3e1d-a95c-f4c3851a30be,664761,Alec Bohm,,,1B,Single,single,,False,,,False,False,False,False,
777483,70,5,2a4ec45e-71e9-3e1d-a95c-f4c3851a30be,669016,Brandon Marsh,2B,2B,3B,Single,single,r_adv_force,False,,,False,False,False,False,
777483,70,5,2a4ec45e-71e9-3e1d-a95c-f4c3851a30be,669016,Brandon Marsh,2B,3B,score,Single,single,r_adv_play,False,,,True,True,True,False,806188
777483,70,5,2a4ec45e-71e9-3e1d-a95c-f4c3851a30be,665561,Rafael Marchán,3B,3B,score,Single,single,r_adv_force,False,,,True,True,True,False,806188
777483,70,5,2a4ec45e-71e9-3e1d-a95c-f4c3851a30be,656941,Kyle Schwarber,1B,1B,2B,Single,single,r_adv_force,False,,,False,False,False,False,
777483,71,3,f4a89b31-dab5-3705-a4a4-5a26dfefe18c,679032,Johan Rojas,,,,Groundout,field_out,,True,1B,3,False,False,False,False,
777483,72,2,629fda09-0fc9-3df8-baac-b2ec6fa9ad3e,676572,Eric Wagaman,,,,Groundout,field_out,,True,1B,1,False,False,False,False,
777483,73,7,db476604-0bf2-39a5-ab1a-7cc5f1a24d10,689414,Liam Hicks,,,,Strikeout,strikeout,,True,1B,2,False,False,False,False,
777483,74,3,8a708e96-7bb5-3922-99e7-72cffb44690b,681393,Connor Norby,,,,Groundout,field_out,,True,1B,3,False,False,False,False,
777488,0,6,87a9e221-6306-318f-91d5-8f87dce211d2,687597,Jordan Beck,,,,Groundout,field_out,,True,1B,1,False,False,False,False,
777488,1,7,873dfe00-f072-34ea-871a-c4a188ef5126,671289,Tyler Freeman,,,1B,Single,single,,False,,,False,False,False,False,
777488,2,7,20db86c2-f2d6-3631-a675-a2e95e34baaf,671289,Tyler Freeman,1B,1B,2B,Stolen Base 2B,stolen_base_2b,r_stolen_base_2b,False,,,False,False,False,False,
777488,2,8,f71f2d58-1fb8-392f-bbfd-717644583247,696100,Hunter Goodman,,,score,Home Run,home_run,,False,,,True,True,True,False,663623
777488,2,8,f71f2d58-1fb8-392f-bbfd-717644583247,671289,Tyler Freeman,2B,2B,score,Home Run,home_run,r_adv_force,False,,,True,True,True,False,663623
777488,3,4,fa77faac-122a-3e41-87f8-e049df0b5fb3,641857,Ryan McMahon,,,,Strikeout,strikeout,,True,1B,2,False,False,False,False,
777488,4,0,fac691ec-bd9a-31e1-899a-ee7271015399,642731,Thairo Estrada,,,,Groundout,field_out,,True,1B,3,False,False,False,False,
777488,5,4,46f69f6c-4941-3e9c-85e1-12451d07de5d,669743,Alex Call,,,,Groundout,field_out,,True,1B,1,False,False,False,False,
777488,6,6,97a97ee0-4ccf-3add-b338-c58bb44243e0,695578,James Wood,,,2B,Double,double,,False,,,False,False,False,False,
777488,7,3,00b2460d-c604-3ef5-bd68-6f7d265f0b3a,682928,CJ Abrams,,,,Strikeout,strikeout,,True,1B,2,False,False,False,False,
777488,8,2,ce7f97b2-b9c2-3c62-a1aa-15f864bf3e94,665953,Andrés Chaparro,,,,Flyout,field_out,,True,1B,3,False,False,False,False,
777488,9,3,6fa28efb-ec0e-3bc9-b264-ae43d03cfd71,686668,Brenton Doyle,,,,Strikeout,strikeout,,True,1B,1,False,False,False,False,
777488,10,1,aae9fc39-4882-349d-8ea5-988feec80bb8,666160,Mickey Moniak,,,,Flyout,field_out,,True,1B,2,False,False,False,False,
777488,11,3,b4c3719f-06b7-3f29-986a-7ee8d01d3b1b,669911,Michael Toglia,,,,Lineout,field_out,,True,1B,3,False,False,False,False,
777488,12,3,3ce85407-f0b8-3fcc-af51-a2f7b974c4b8,642708,Amed Rosario,,,,Flyout,field_out,,True,1B,1,False,False,False,False,
777488,13,0,6a3d70b5-c249-3a15-bbd1-e91849c37251,691781,Brady House,,,,Flyout,field_out,,True,1B,2,False,False,False,False,
777488,14,3,69694f42-2866-3d0c-8044-2056fde3d807,656180,Riley Adams,,,,Strikeout,strikeout,,True,1B,3,False,False,False,False,
777488,15,1,aa576092-c87e-3af4-a141-9666a3c5e76b,690022,Ryan Ritter,,,,Groundout,field_out,,True,1B,1,False,False,False,False,
777488,16,6,15c3adbd-0263-3466-853d-315cfc0bfe29,687597,Jordan Beck,,,,Strikeout,strikeout,,True,1B,2,False,False,False,False,
777488,17,5,74497f07-6a0c-3869-ba29-d9b07e0a00f6,671289,Tyler Freeman,,,,Groundout,field_out,,True,1B,3,False,False,False,False,
777488,18,4,ed7c3ebc-05ad-3cb7-95bd-88d711006fb5,695734,Daylen Lile,,,,Groundout,field_out,,True,1B,1,False,False,False,False,
777488,19,2,c774a33f-1bb4-313d-9c7b-1de969d23505,696285,Jacob Young,,,,Groundout,field_out,,True,1B,2,False,False,False,False,
777488,20,6,8cb43b92-f0e4-3d98-9108-9c25545938d4,669743,Alex Call,,,,Flyout,field_out,,True,1B,3,False,False,False,False,
777488,21,5,2f7fff8f-e1eb-3c95-91ef-39cfdbd7264b,696100,Hunter Goodman,,,,Groundout,field_out,,True,1B,1,False,False,False,False,
777488,22,7,99176b03-7cf9-3f5c-84f3-c2572ef28841,641857,Ryan McMahon,,,,Strikeout,strikeout,,True,1B,2,False,False,False,False,
777488,23,2,5f1c6a44-53a2-39c1-9fd1-feaa01fb5c6a,642731,Thairo Estrada,,,2B,Double,double,,False,,,False,False,False,False,
777488,24,5,69fd718c-61fd-3695-8774-ca7f5eea1ce7,686668,Brenton Doyle,,,,Groundout,field_out,,True,1B,3,False,False,False,False,
777488,25,4,6a385fdb-e76d-3d40-b6e5-a6dc01177088,695578,James Wood,,,,Groundout,field_out,,True,1B,1,False,False,False,False,
777488,26,7,dbbcbca0-9345-39fa-8fc6-82f1afe07ea0,682928,CJ Abrams,,,1B,Walk,walk,,False,,,False,False,False,False,
777488,27,2,ee2b7f09-833e-3d5e-8098-bf3e25fbe265,682928,CJ Abrams,1B,1B,2B,Stolen Base 2B,stolen_base_2b,r_stolen_base_2b,False,,,False,False,False,False,
777488,27,9,afa662d6-4fdb-348f-8456-fa5b22035831,682928,CJ Abrams,2B,2B,3B,Stolen Base 3B,stolen_base_3b,r_stolen_base_3b,False,,,False,False,False,False,
777488,27,12,892949f1-f53c-31d2-963e-2f9a6f8edeba,665953,Andrés Chaparro,,,1B,Walk,walk,,False,,,False,False,False,False,
777488,28,4,3f7deeb3-1ecf-38df-8b83-7e679d0255c6,642708,Amed Rosario,,,,Sac Fly,sac_fly,,True,1B,2,False,False,False,False,
777488,28,4,3f7deeb3-1ecf-38df-8b83-7e679d0255c6,682928,CJ Abrams,3B,3B,score,Sac Fly,sac_fly,r_adv_play,False,,,True,True,True,False,687223
777488,29,6,e83ab387-4016-30f4-a76e-56860fa38763,665953,Andrés Chaparro,1B,1B,2B,Walk,walk,r_adv_force,False,,,False,False,False,False,
777488,29,6,e83ab387-4016-30f4-a76e-56860fa38763,691781,Brady House,,,1B,Walk,walk,,False,,,False,False,False,False,
777488,30,5,facf1e24-eb28-37ec-b874-bf6c4f42e8e1,656180,Riley Adams,,,,Flyout,field_out,,True,1B,3,False,False,False,False,
777488,31,2,0a0cb79f-fd0d-3765-8717-1db127802562,666160,Mickey Moniak,,,3B,Triple,triple,,False,,,False,False,False,False,
777488,32,0,6fad2bb9-e480-3306-bd08-1c56a39d3f4c,669911,Michael Toglia,,,1B,Single,single,,False,,,False,False,False,False,
777488,32,0,6fad2bb9-e480-3306-bd08-1c56a39d3f4c,666160,Mickey Moniak,3B,3B,score,Single,single,r_adv_play,False,,,True,True,True,False,663623
777488,33,1,8f9ee86a-1c4a-3e70-ad08-fdde99780d0f,690022,Ryan Ritter,,,,Flyout,field_out,,True,1B,1,False,False,False,False,
777488,34,3,3456a093-362a-34c4-a631-94510af6884a,669911,Michael Toglia,1B,1B,2B,Walk,walk,r_adv_force,False,,,False,False,False,False,
777488,34,3,3456a093-362a-34c4-a631-94510af6884a,687597,Jordan Beck,,,1B,Walk,walk,,False,,,False,False,False,False,
777488,35,1,1807abea-a56b-331c-8cf3-25e49ec04d5c,687597,Jordan Beck,1B,1B,,Grounded Into DP,grounded_into_double_play,r_force_out,True,2B,2,False,False,False,False,
777488,35,1,1807abea-a56b-331c-8cf3-25e49ec04d5c,671289,Tyler Freeman,,,,Grounded Into DP,grounded_into_double_play,,True,1B,3,False,False,False,False,
777488,36,2,e24a77d8-0ab0-36bc-83b5-5ba3f096246c,695734,Daylen Lile,,,score,Home Run,home_run,,False,,,True,True,True,False,687223
777488,37,0,6e7a1315-e20c-390a-a9db-975e84b7d86d,696285,Jacob Young,,,,Bunt Groundout,field_out,,True,1B,1,False,False,False,False,
777488,38,2,174c563b-2a76-3c1c-b76d-682ff7f78e02,669743,Alex Call,,,1B,Single,single,,False,,,False,False,False,False,
777488,39,1,ff0d5832-d42c-336a-b821-9d0837f2c9ab,695578,James Wood,,,score,Home Run,home_run,,False,,,True,True,True,False,687223
777488,39,1,ff0d5832-d42c-336a-b821-9d0837f2c9ab,669743,Alex Call,1B,1B,score,Home Run,home_run,r_adv_force,False,,,True,True,True,False,687223
777488,40,0,9785ebc3-3a0e-3149-a88b-b3001957aaf2,682928,CJ Abrams,,,,Flyout,field_out,,True,1B,2,False,False,False,False,
777488,41,8,497b49ad-b0fb-3ab8-87aa-1b13b9f9d88a,665953,Andrés Chaparro,,,,Groundout,field_out,,True,1B,3,False,False,False,False,
777488,42,4,999b4b67-8ad1-3b52-b76c-4ad04a00d5c9,696100,Hunter Goodman,,,,Groundout,field_out,,True,1B,1,False,False,False,False,
777488,43,4,a6fa79e3-5b54-352f-b004-055cafc314c5,641857,Ryan McMahon,,,,Strikeout,strikeout,,True,1B,2,False,False,False,False,
777488,44,0,c8b7947e-2845-382a-acd7-2e29c8b1c068,642731,Thairo Estrada,,,,Groundout,field_out,,True,1B,3,False,False,False,False,
777488,45,1,cca61ddf-dfee-31df-a69e-534f048f84de,642708,Amed Rosario,,,,Lineout,field_out,,True,1B,1,False,False,False,False,
777488,46,3,19ffdbf2-ec4e-3749-8221-c2d0cca1b398,691781,Brady House,,,,Strikeout,strikeout,,True,1B,2,False,False,False,False,
777488,47,5,605ea561-eacf-3369-98dc-3f33fa3a86af,656180,Riley Adams,,,,Strikeout,strikeout,,True,1B,3,False,False,False,False,
777488,48,4,a063bfa0-b023-3875-9800-936aa6e932ea,686668,Brenton Doyle,,,,Groundout,field_out,,True,1B,1,False,False,False,False,
777488,49,4,5e7da4a0-be96-32be-8e6d-5e101efa12c3,666160,Mickey Moniak,,,,Strikeout,strikeout,,True,1B,2,False,False,False,False,
777488,50,3,973151c7-fb0d-3d70-a766-4333d289daf5,669911,Michael Toglia,,,,Strikeout,strikeout,,True,1B,3,False,False,False,False,
777488,51,3,a5e53c23-3588-3304-83df-603444c732fc,695734,Daylen Lile,,,,Lineout,field_out,,True,1B,1,False,False,False,False,
777488,52,0,11f4cdc4-d691-3775-93bb-7b344b2d1f51,696285,Jacob Young,,,,Pop Out,field_out,,True,1B,2,False,False,False,False,
777488,53,4,bd7b677a-6458-3a86-969a-aea267750e8a,669743,Alex Call,,,,Groundout,field_out,,True,1B,3,False,False,False,False,
777488,54,4,c75c7133-9cd0-3bca-be44-0103124a75f4,690022,Ryan Ritter,,,,Groundout,field_out,,True,1B,1,False,False,False,False,
777488,55,4,9c28c3fd-48d6-3fd7-a54c-d07b0329217f,687597,Jordan Beck,,,,Groundout,field_out,,True,1B,2,False,False,False,False,
777488,56,0,c7038965-f6e2-3e18-87cd-6cb81d8f8daa,671289,Tyler Freeman,,,,Lineout,field_out,,True,1B,3,False,False,False,False,
777488,57,5,fac7d602-a47a-3a94-b0bd-92c21b8e568c,695578,James Wood,,,1B,Walk,walk,,False,,,False,False,False,False,
777488,58,3,273f6ff8-0902-3fc2-92cf-05136b5ed016,695578,James Wood,1B,1B,,Caught Stealing 2B,caught_stealing_2b,r_caught_stealing_2b,True,2B,1,False,False,False,False,
777488,58,6,2b46353e-05ef-35af-a2f2-324c962445ef,682928,CJ Abrams,,,,Groundout,field_out,,True,1B,2,False,False,False,False,
777488,59,5,4206674e-9a30-3243-885e-3b64bd4c96bc,663993,Nathaniel Lowe,,,,Groundout,field_out,,True,1B,3,False,False,False,False,
777488,60,6,fa970975-f186-3453-9143-e7e96f66f9da,696100,Hunter Goodman,,,score,Home Run,home_run,,False,,,True,True,True,False,640448
777488,61,3,626842db-acce-3536-9862-1a2b213e04c5,641857,Ryan McMahon,,,,Flyout,field_out,,True,1B,1,False,False,False,False,
777488,62,4,c25ac61c-60a6-33ef-bac9-d77b83c8eb62,642731,Thairo Estrada,,,1B,Single,single,,False,,,False,False,False,False,
777488,63,1,4af73232-296e-339d-82e9-b31c28392c92,686668,Brenton Doyle,,,,Pop Out,field_out,,True,1B,2,False,False,False,False,
777488,64,4,2141811c-f581-3ca6-a04d-3c3a22a214a6,656541,Sam Hilliard,1B,1B,2B,Stolen Base 2B,stolen_base_2b,r_stolen_base_2b,False,,,False,False,False,False,
777488,64,5,574d4fc3-116a-3160-bec0-339411f19cb6,666160,Mickey Moniak,,,score,Home Run,home_run,,False,,,True,True,True,False,640448
777488,64,5,574d4fc3-116a-3160-bec0-339411f19cb6,656541,Sam Hilliard,2B,2B,score,Home Run,home_run,r_adv_force,False,,,True,True,True,False,640448
777488,65,2,6d179aee-6ad1-386a-a805-588714c80b9c,669911,Michael Toglia,,,,Groundout,field_out,,True,1B,3,False,False,False,False,
777488,66,8,8d56cd55-4110-3795-ba5e-3c941e97f64e,671277,Luis García Jr.,,,1B,Walk,walk,,False,,,False,False,False,False,
777488,67,7,a7cd938b-0d42-345a-98a9-47815d404948,671277,Luis García Jr.,1B,1B,,Grounded Into DP,grounded_into_double_play,r_force_out,True,2B,1,False,False,False,False,
777488,67,7,a7cd938b-0d42-345a-98a9-47815d404948,691781,Brady House,,,,Grounded Into DP,grounded_into_double_play,,True,1B,2,False,False,False,False,
777488,68,2,7caa71fc-2e35-3c36-9873-062c5790ab34,605137,Josh Bell,,,,Groundout,field_out,,True,1B,3,False,False,False,False,
777487,0,4,09c4b8ba-ac4a-38ef-8c91-30998386ed10,687263,Zach Neto,,,1B,Single,single,,False,,,False,False,False,False,
777487,1,3,35adbd03-3010-3d1d-be2b-740359499e32,694384,Nolan Schanuel,,,,Strikeout,strikeout,,True,1B,1,False,False,False,False,
777487,2,0,35a5287b-6249-3e00-97f4-5633aadfd257,545361,Mike Trout,,,1B,Single,single,,False,,,False,False,False,False,
777487,2,0,35a5287b-6249-3e00-97f4-5633aadfd257,687263,Zach Neto,1B,1B,2B,Single,single,r_adv_force,False,,,False,False,False,False,
777487,3,6,8902af2e-a6ff-3323-8de9-319d63dc6747,621493,Taylor Ward,,,,Pop Out,field_out,,True,1B,2,False,False,False,False,
777487,4,2,cc16dc34-c646-4536-91b4-9c93afacb79b,687263,Zach Neto,2B,2B,3B,Stolen Base 3B,stolen_base_3b,r_stolen_base_3b,False,,,False,False,False,False,
777487,4,5,c75e3e61-cff7-3a09-8b01-ea2e50ad2842,624585,Jorge Soler,,,,Strikeout,strikeout,,True,1B,3,False,False,False,False,
777487,5,4,e52510a2-c676-34c0-b23a-564e8e240532,663757,Trent Grisham,,,,Groundout,field_out,,True,1B,1,False,False,False,False,
777487,6,5,ebc596b2-6fdd-30c3-ab02-a5cc1cc91c15,700250,Ben Rice,,,1B,Single,single,,False,,,False,False,False,False,
777487,7,3,ecac9ec7-591f-3c24-a913-aa0fe9a4c3a0,592450,Aaron Judge,,,1B,Single,single,,False,,,False,False,False,False,
777487,7,3,ecac9ec7-591f-3c24-a913-aa0fe9a4c3a0,700250,Ben Rice,1B,1B,2B,Single,single,r_adv_force,False,,,False,False,False,False,
777487,8,2,b19f6f81-5ade-377b-aebf-f70f87164f89,641355,Cody Bellinger,,,,Groundout,field_out,,True,1B,2,False,False,False,False,
777487,8,2,b19f6f81-5ade-377b-aebf-f70f87164f89,700250,Ben Rice,2B,2B,3B,Groundout,field_out,r_adv_force,False,,,False,False,False,False,
777487,8,2,b19f6f81-5ade-377b-aebf-f70f87164f89,592450,Aaron Judge,1B,1B,2B,Groundout,field_out,r_adv_force,False,,,False,False,False,False,
777487,9,0,c0290ff1-b636-3ef5-9abf-fcd9af655c13,519317,Giancarlo Stanton,,,,Groundout,field_out,,True,1B,3,False,False,False,False,
777487,10,1,e4c975ce-45d7-3b90-86f0-ee6a6d7a1e0f,681351,Logan O'Hoppe,,,,Groundout,field_out,,True,1B,1,False,False,False,False,
777487,11,2,7e45e5d5-f39a-358c-aa78-1151a976a81b,666176,Jo Adell,,,,Flyout,field_out,,True,1B,2,False,False,False,False,
777487,12,6,1ec5d25e-41cf-3921-9164-c592298a60a6,650859,Luis Rengifo,,,,Strikeout,strikeout,,True,1B,3,False,False,False,False,
777487,13,2,3a824ae1-7480-3b0f-8c0a-f0bdf95be23c,665862,Jazz Chisholm Jr.,,,2B,Double,double,,False,,,False,False,False,False,
777487,14,1,70dcfb80-405b-3582-bd5e-f821848186e1,683011,Anthony Volpe,,,,Flyout,field_out,,True,1B,1,False,False,False,False,
777487,15,1,6ed1592a-3350-3304-8834-05f38cab4790,669224,Austin Wells,,,,Flyout,field_out,,True,1B,2,False,False,False,False,
777487,16,0,7dff43c2-c928-316c-9d14-df615d6c04a4,518934,DJ LeMahieu,,,,Groundout,field_out,,True,1B,3,False,False,False,False,
777487,17,1,82f5305f-366a-3619-ac3f-8e1d11654712,695681,Christian Moore,,,,Flyout,field_out,,True,1B,1,False,False,False,False,
777487,18,4,18b1cf2a-0866-38e4-bb1a-4b0156c74585,687263,Zach Neto,,,,Pop Out,field_out,,True,1B,2,False,False,False,False,
777487,19,1,551db088-b848-38b0-ab30-bc55af92d976,694384,Nolan Schanuel,,,,Flyout,field_out,,True,1B,3,False,False,False,False,
777487,20,6,6bd022a9-aed0-3b0b-aea0-e259b598d040,663757,Trent Grisham,,,,Strikeout,strikeout,,True,1B,1,False,False,False,False,
777487,21,5,c0fada67-4f72-3b72-a5ba-af7cdf0f8cb5,700250,Ben Rice,,,,Strikeout,strikeout,,True,1B,2,False,False,False,False,
777487,22,0,4eb12895-aa5c-3f0d-9b31-64f3f6e30b32,592450,Aaron Judge,,,,Flyout,field_out,,True,1B,3,False,False,False,False,
777487,23,4,8ce5c32c-37cf-3f0d-883b-dccc28b75120,545361,Mike Trout,,,,Flyout,field_out,,True,1B,1,False,False,False,False,
777487,24,8,5405a133-a8f5-39dd-b1f6-c6fef21eae89,621493,Taylor Ward,,,,Pop Out,field_out,,True,1B,2,False,False,False,False,
777487,25,0,e3257005-cd01-3bb9-a93e-6c43ee356bb0,624585,Jorge Soler,,,,Flyout,field_out,,True,1B,3,False,False,False,False,
777487,26,4,ce0fa616-bd39-3970-a6e3-323b41cd665a,641355,Cody Bellinger,,,,Lineout,field_out,,True,1B,1,False,False,False,False,
777487,27,7,1a522e3c-6d72-3726-aae7-3d97bb7c5557,519317,Giancarlo Stanton,,,1B,Single,single,,False,,,False,False,False,False,
777487,28,5,1eb29dd8-3cfe-3c62-bbc7-2a488f777aaf,519317,Giancarlo Stanton,1B,1B,,Grounded Into DP,grounded_into_double_play,r_force_out,True,2B,2,False,False,False,False,
777487,28,5,1eb29dd8-3cfe-3c62-bbc7-2a488f777aaf,665862,Jazz Chisholm Jr.,,,,Grounded Into DP,grounded_into_double_play,,True,1B,3,False,False,False,False,
777487,29,3,facd10f6-f9ab-336b-8b00-fe313e0c8072,681351,Logan O'Hoppe,,,,Flyout,field_out,,True,1B,1,False,False,False,False,
777487,30,5,02e0585f-2bfe-3bc9-8139-2b33ab83281b,666176,Jo Adell,,,,Pop Out,field_out,,True,1B,2,False,False,False,False,
777487,31,1,96e6f27d-c71d-3d2f-989d-3ebcf5fb10ae,650859,Luis Rengifo,,,,Groundout,field_out,,True,1B,3,False,False,False,False,
777487,32,3,35e21f6f-3d5c-32df-a185-6bf2748e56fa,683011,Anthony Volpe,,,,Strikeout,strikeout,,True,1B,1,False,False,False,False,
777487,33,5,ae8ddb62-4558-36b7-9e74-e53b352eb1da,669224,Austin Wells,,,,Groundout,field_out,,True,1B,2,False,False,False,False,
777487,34,6,653e4f51-1e4e-3c69-a800-8aeda790e582,518934,DJ LeMahieu,,,1B,Walk,walk,,False,,,False,False,False,False,
777487,35,0,6983169f-41a2-3fe4-a8c3-3f07b28d86c0,663757,Trent Grisham,,,1B,Single,single,,False,,,False,False,False,False,
777487,35,0,6983169f-41a2-3fe4-a8c3-3f07b28d86c0,518934,DJ LeMahieu,1B,1B,2B,Single,single,r_adv_force,False,,,False,False,False,False,
777487,36,4,845d88ce-e46d-3faa-8a4b-160eedd68de5,700250,Ben Rice,,,,Strikeout,strikeout,,True,1B,3,False,False,False,False,
777487,37,4,436c670f-5cf7-3b82-aef6-f7bd1058ac80,695681,Christian Moore,,,,Flyout,field_out,,True,1B,1,False,False,False,False,
777487,38,3,8aa4cd44-1a27-3170-aad3-c2611b8372dc,687263,Zach Neto,,,,Lineout,field_out,,True,1B,2,False,False,False,False,
777487,39,4,ce24e549-d3d3-3229-9dfe-8113efb9d249,694384,Nolan Schanuel,,,1B,Single,single,,False,,,False,False,False,False,
777487,40,2,74eb5fe7-d66d-34d9-b420-f3b7f2f1da03,545361,Mike Trout,,,,Flyout,field_out,,True,1B,3,False,False,False,False,
777487,41,1,097a88df-3ab8-3b8d-a8c0-40d5283cad31,592450,Aaron Judge,,,,Groundout,field_out,,True,1B,1,False,False,False,False,
777487,42,4,95480ada-3cf0-30e1-be9d-108ff5eaef96,641355,Cody Bellinger,,,,Flyout,field_out,,True,1B,2,False,False,False,False,
777487,43,2,159ee7ab-711a-35c7-ad19-de2d7c16bad0,519317,Giancarlo Stanton,,,,Strikeout,strikeout,,True,1B,3,False,False,False,False,
777487,44,4,27837198-281d-3614-bd1f-39c4975ea07c,621493,Taylor Ward,,,,Pop Out,field_out,,True,1B,1,False,False,False,False,
777487,45,6,beae0781-5ac5-3f1b-8d00-48525d120bed,624585,Jorge Soler,,,,Groundout,field_out,,True,1B,2,False,False,False,False,
777487,46,0,66507b6e-056c-30d7-9451-5e857f6fd5f8,681351,Logan O'Hoppe,,,,Pop Out,field_out,,True,1B,3,False,False,False,False,
777487,47,5,5ca737f0-b97c-36b8-81cb-483a0b873749,665862,Jazz Chisholm Jr.,,,1B,Single,single,,False,,,False,False,False,False,
777487,48,1,89066061-df59-34b3-b6d7-898a38b473f5,683011,Anthony Volpe,,,,Sac Bunt,sac_bunt,,True,1B,1,False,False,False,False,
777487,48,1,89066061-df59-34b3-b6d7-898a38b473f5,665862,Jazz Chisholm Jr.,1B,1B,2B,Sac Bunt,sac_bunt,r_adv_force,False,,,False,False,False,False,
777487,49,5,04a6cb7c-aa09-35c0-a72f-201741284f29,669224,Austin Wells,,,,Strikeout,strikeout,,True,1B,2,False,False,False,False,
777487,50,0,05859534-de09-3a80-aa0f-51325a8f54bd,518934,DJ LeMahieu,,,,Groundout,field_out,,True,1B,3,False,False,False,False,
777487,51,2,c455c8c3-2e51-3a23-bd90-bfd6e922c743,666176,Jo Adell,,,,Groundout,field_out,,True,1B,1,False,False,False,False,
777487,52,6,cfb52ddf-59e1-3bfb-8d78-a9311ceeeb53,650859,Luis Rengifo,,,,Lineout,field_out,,True,1B,2,False,False,False,False,
777487,53,0,dd278f9b-5e68-3544-ae30-d49dfb7a8bec,695681,Christian Moore,,,3B,Triple,triple,,False,,,False,False,False,False,
777487,54,6,6c63c8e6-72b6-3acc-8e3a-21eddda45ef3,687263,Zach Neto,,,,Strikeout,strikeout,,True,1B,3,False,False,False,False,
777487,55,5,5653dfa0-cb10-3586-b07c-5b0bcea9bce2,663757,Trent Grisham,,,,Strikeout,strikeout,,True,1B,1,False,False,False,False,
777487,56,7,77ccca83-4fde-3b61-b8d6-281c23c9f30f,502671,Paul Goldschmidt,,,,Lineout,field_out,,True,1B,2,False,False,False,False,
777487,57,3,07774876-0586-1033-000c-f08cd117d70a,592450,Aaron Judge,,,1B,Intent Walk,intent_walk,,False,,,False,False,False,False,
777487,58,2,92537afb-dcdc-3aaf-bac4-9d84d49a22b2,641355,Cody Bellinger,,,,Flyout,field_out,,True,1B,3,False,False,False,False,
777487,59,7,00c48a64-2747-3c24-af23-526e5c2172c4,694384,Nolan Schanuel,,,,Pop Out,field_out,,True,1B,1,False,False,False,False,
777487,60,4,5ad60f49-28f4-379e-b32e-4aef1bdffece,545361,Mike Trout,,,1B,Single,single,,False,,,False,False,False,False,
777487,61,2,fc6a425f-e503-38e8-aca3-2bc4a5b1ea15,621493,Taylor Ward,,,,Strikeout,strikeout,,True,1B,2,False,False,False,False,
777487,62,0,abad0d92-a2ac-364c-af9e-5ba670d09f7a,624585,Jorge Soler,,,1B,Single,single,,False,,,False,False,False,False,
777487,62,0,abad0d92-a2ac-364c-af9e-5ba670d09f7a,545361,Mike Trout,1B,1B,2B,Single,single,r_adv_force,False,,,False,False,False,False,
777487,63,3,2667a5b8-a021-3cbc-880c-e1dfe4d0e1b5,624585,Jorge Soler,1B,1B,,Forceout,force_out,r_force_out,True,2B,3,False,False,False,False,
777487,63,3,2667a5b8-a021-3cbc-880c-e1dfe4d0e1b5,681351,Logan O'Hoppe,,,1B,Forceout,force_out,,False,,,False,False,False,False,
777487,64,5,8816ce21-4d85-35e9-a962-bc920f745e7a,519317,Giancarlo Stanton,,,2B,Double,double,,False,,,False,False,False,False,
777487,65,4,d941be2b-63e1-31f6-984e-ea708a387704,665862,Jazz Chisholm Jr.,,,,Strikeout,strikeout,,True,1B,1,False,False,False,False,
777487,66,8,4e4ddd1c-5a29-361d-a869-f490877ca3c6,691176,Jasson Domínguez,2B,2B,,Fielders Choice Out,fielders_choice_out,r_runner_out,True,3B,2,False,False,False,False,
777487,66,8,4e4ddd1c-5a29-361d-a869-f490877ca3c6,683011,Anthony Volpe,,,1B,Fielders Choice Out,fielders_choice_out,,False,,,False,False,False,False,
777487,67,2,327247f0-2c23-39b5-b648-2feec82fbaea,683011,Anthony Volpe,1B,1B,2B,Stolen Base 2B,stolen_base_2b,r_stolen_base_2b,False,,,False,False,False,False,
777487,67,11,13fea637-9eb7-3513-977f-7b7fe405cd1d,669224,Austin Wells,,,,Strikeout,strikeout,,True,1B,3,False,False,False,False,
777487,68,7,3600b7d6-63c2-3862-a627-f8fe3a141a57,666176,Jo Adell,,,,Strikeout,strikeout,,True,1B,1,False,False,False,False,
777487,69,4,10f2e322-39c1-3d26-b028-eb2a34d6b7e0,650859,Luis Rengifo,,,,Strikeout,strikeout,,True,1B,2,False,False,False,False,
777487,70,4,f356eafc-7710-3c24-ac10-01300f8a3e87,695681,Christian Moore,,,,Flyout,field_out,,True,1B,3,False,False,False,False,
777487,71,7,649858b6-0f4f-32be-bd0a-988a374e70a6,518934,DJ LeMahieu,,,,Strikeout,strikeout,,True,1B,1,False,False,False,False,
777487,72,3,f9d4f27a-e937-31f1-b26f-898af5ea090d,663757,Trent Grisham,,,,Flyout,field_out,,True,1B,2,False,False,False,False,
777487,72,3,f9d4f27a-e937-31f1-b26f-898af5ea090d,672724,Oswald Peraza,2B,2B,3B,Flyout,field_out,r_adv_play,False,,,False,False,False,False,
777487,73,1,90bb37f2-2691-3b66-bdc5-46ba5d96ab54,502671,Paul Goldschmidt,,,,Flyout,field_out,,True,1B,3,False,False,False,False,
777487,74,2,5fa39f66-62a4-3bb3-8dd5-1c0097d8dd10,687263,Zach Neto,,,,Bunt Pop Out,field_out,,True,1B,1,False,False,False,False,
777487,75,2,c1f9c1a6-a48c-363c-8d8c-e5bb6d7fcc0c,694384,Nolan Schanuel,,,2B,Double,double,,False,,,False,False,False,False,
777487,75,2,c1f9c1a6-a48c-363c-8d8c-e5bb6d7fcc0c,695681,Christian Moore,2B,2B,3B,Double,double,r_adv_force,False,,,False,False,False,False,
777487,75,2,c1f9c1a6-a48c-363c-8d8c-e5bb6d7fcc0c,695681,Christian Moore,2B,3B,score,Double,double,r_adv_play,False,,,True,True,False,True,642528
777487,76,3,07774876-0776-1013-000c-f08cd117d70a,545361,Mike Trout,,,1B,Intent Walk,intent_walk,,False,,,False,False,False,False,
777487,77,5,75373281-4754-32ff-b8cf-61ff75d69fa7,694384,Nolan Schanuel,2B,2B,3B,Walk,walk,r_adv_force,False,,,False,False,False,False,
777487,77,5,75373281-4754-32ff-b8cf-61ff75d69fa7,545361,Mike Trout,1B,1B,2B,Walk,walk,r_adv_force,False,,,False,False,False,False,
777487,77,5,75373281-4754-32ff-b8cf-61ff75d69fa7,621493,Taylor Ward,,,1B,Walk,walk,,False,,,False,False,False,False,
777487,78,4,6ca67d14-072f-3afc-b242-912ea8c5248a,624585,Jorge Soler,,,,Lineout,field_out,,True,1B,2,False,False,False,False,
777487,79,0,80e88f2d-edaa-3b42-b46d-382636e99cc1,518595,Travis d'Arnaud,,,,Lineout,field_out,,True,1B,3,False,False,False,False,
777487,80,5,07774876-0816-1033-000c-f08cd117d70a,592450,Aaron Judge,,,1B,Intent Walk,intent_walk,,False,,,False,False,False,False,
777487,81,4,de9aca34-d5b0-3035-98c8-588094c0d88d,641355,Cody Bellinger,,,,Flyout,field_out,,True,1B,1,False,False,False,False,
777487,81,4,de9aca34-d5b0-3035-98c8-588094c0d88d,502671,Paul Goldschmidt,2B,2B,3B,Flyout,field_out,r_adv_play,False,,,False,False,False,False,
777487,82,2,86ee51bc-0083-39dc-916a-0269dee6b0ae,502671,Paul Goldschmidt,3B,3B,,Fielders Choice Out,fielders_choice_out,r_runner_out,True,4B,2,False,False,False,False,
777487,82,2,86ee51bc-0083-39dc-916a-0269dee6b0ae,592450,Aaron Judge,1B,1B,2B,Fielders Choice Out,fielders_choice_out,r_adv_play,False,,,False,False,False,False,
777487,82,2,86ee51bc-0083-39dc-916a-0269dee6b0ae,691176,Jasson Domínguez,,,1B,Fielders Choice Out,fielders_choice_out,,False,,,False,False,False,False,
777487,83,0,664c3345-b602-3d58-8e7f-646b6c7209c8,665862,Jazz Chisholm Jr.,,,1B,Single,single,,False,,,False,False,False,False,
777487,83,0,664c3345-b602-3d58-8e7f-646b6c7209c8,592450,Aaron Judge,2B,2B,3B,Single,single,r_adv_force,False,,,False,False,False,False,
777487,83,0,664c3345-b602-3d58-8e7f-646b6c7209c8,691176,Jasson Domínguez,1B,1B,2B,Single,single,r_adv_force,False,,,False,False,False,False,
777487,84,2,b23c3766-0630-37cf-a2ce-66878ee66fbd,691176,Jasson Domínguez,2B,2B,,Forceout,force_out,r_force_out,True,3B,3,False,False,False,False,
777487,84,2,b23c3766-0630-37cf-a2ce-66878ee66fbd,683011,Anthony Volpe,,,1B,Forceout,force_out,,False,,,False,False,False,False,
777484,0,9,58c0e122-7e37-365c-bf4b-b9d065dcc4e3,702616,Jackson Holliday,,,1B,Walk,walk,,False,,,False,False,False,False,
777484,1,5,c2f256fb-493c-316a-9b90-2668d95afbd6,668939,Adley Rutschman,,,,Strikeout,strikeout,,True,1B,1,False,False,False,False,
777484,2,0,65614e20-2ced-3b2c-af6b-c4af96ad7699,683002,Gunnar Henderson,,,,Double Play,double_play,,True,1B,2,False,False,False,False,
777484,2,0,65614e20-2ced-3b2c-af6b-c4af96ad7699,702616,Jackson Holliday,1B,1B,,Double Play,double_play,r_doubled_off,True,1B,3,False,False,False,False,
777484,3,3,8b6bc649-340c-3278-a145-76ae36e8b3d0,666139,Josh Lowe,,,score,Home Run,home_run,,False,,,True,True,True,False,621107
777484,4,0,0ae33c14-1dbc-3a03-a4dc-7d512adc4c93,664040,Brandon Lowe,,,1B,Single,single,,False,,,False,False,False,False,
777484,5,1,4338ecea-4b69-3315-a0f1-cfa3c4a7fba9,664040,Brandon Lowe,1B,1B,,Grounded Into DP,grounded_into_double_play,r_force_out,True,2B,1,False,False,False,False,
777484,5,1,4338ecea-4b69-3315-a0f1-cfa3c4a7fba9,650490,Yandy Díaz,,,,Grounded Into DP,grounded_into_double_play,,True,1B,2,False,False,False,False,
777484,6,1,a3e9318c-09a6-3a34-b643-e7a7acbdeb7d,666018,Jonathan Aranda,,,2B,Double,double,,False,,,False,False,False,False,
777484,7,4,6c8dfbed-40b8-3ce4-aba2-33b2e629f30b,691406,Junior Caminero,,,,Strikeout,strikeout,,True,1B,3,False,False,False,False,
777484,8,2,d435ee69-5208-381a-85f4-6b98b2844374,676059,Jordan Westburg,,,,Strikeout,strikeout,,True,1B,1,False,False,False,False,
777484,9,1,e48859c2-354b-3c6a-8e03-72db25b93524,656811,Ryan O'Hearn,,,,Groundout,field_out,,True,1B,2,False,False,False,False,
777484,10,5,08c49702-ebe7-3dc9-9230-f3dc05c6c40c,602104,Ramón Urías,,,,Strikeout,strikeout,,True,1B,3,False,False,False,False,
777484,11,4,aaf1e74a-5c71-3913-bdeb-081033d7cdfb,663968,Jake Mangum,,,1B,Single,single,,False,,,False,False,False,False,
777484,12,0,b178beee-1a68-3164-ae40-acf2f115fa6b,676609,José Caballero,,,,Flyout,field_out,,True,1B,1,False,False,False,False,
777484,13,2,3897e306-1d20-3934-b885-a698af900f3a,643376,Danny Jansen,,,1B,Single,single,,False,,,False,False,False,False,
777484,13,2,3897e306-1d20-3934-b885-a698af900f3a,663968,Jake Mangum,1B,1B,2B,Single,single,r_adv_force,False,,,False,False,False,False,
777484,13,2,3897e306-1d20-3934-b885-a698af900f3a,663968,Jake Mangum,1B,2B,3B,Single,single,r_adv_play,False,,,False,False,False,False,
777484,14,4,bbb5bcfe-5145-3cca-840c-48c60ee0f936,666624,Christopher Morel,,,1B,Single,single,,False,,,False,False,False,False,
777484,14,4,bbb5bcfe-5145-3cca-840c-48c60ee0f936,663968,Jake Mangum,3B,3B,score,Single,single,r_adv_play,False,,,True,True,True,False,621107
777484,14,4,bbb5bcfe-5145-3cca-840c-48c60ee0f936,643376,Danny Jansen,1B,1B,2B,Single,single,r_adv_force,False,,,False,False,False,False,
777484,15,0,04d307af-6bf9-382b-a738-e107e5e26e1b,666139,Josh Lowe,,,,Sac Bunt,sac_bunt,,True,1B,2,False,False,False,False,
777484,15,0,04d307af-6bf9-382b-a738-e107e5e26e1b,643376,Danny Jansen,2B,2B,3B,Sac Bunt,sac_bunt,r_adv_force,False,,,False,False,False,False,
777484,15,0,04d307af-6bf9-382b-a738-e107e5e26e1b,666624,Christopher Morel,1B,1B,2B,Sac Bunt,sac_bunt,r_adv_force,False,,,False,False,False,False,
777484,16,1,5ad2466c-1280-3220-ba28-dc537388564b,664040,Brandon Lowe,,,,Groundout,field_out,,True,1B,3,False,False,False,False,
777484,17,1,a134ee7d-d181-31b6-b66c-2628b57343ae,656775,Cedric Mullins,,,,Flyout,field_out,,True,1B,1,False,False,False,False,
777484,18,2,e0788096-72bd-3a92-80d6-69b96a9c7cc7,681297,Colton Cowser,,,,Strikeout,strikeout,,True,1B,2,False,False,False,False,
777484,19,1,feef3373-a022-3948-b896-b128d9df1e13,666185,Dylan Carlson,,,1B,Single,single,,False,,,False,False,False,False,
777484,20,4,6c94b8d5-c0eb-3e94-854f-c73d40aeaede,702616,Jackson Holliday,,,,Strikeout,strikeout,,True,1B,3,False,False,False,False,
777484,21,1,39eb7c8a-a613-3a3e-93e2-9bbc51d9dd16,650490,Yandy Díaz,,,1B,Single,single,,False,,,False,False,False,False,
777484,22,4,189f4c20-54b7-39b2-8bf0-46859af437d6,650490,Yandy Díaz,1B,1B,2B,Walk,walk,r_adv_force,False,,,False,False,False,False,
777484,22,4,189f4c20-54b7-39b2-8bf0-46859af437d6,666018,Jonathan Aranda,,,1B,Walk,walk,,False,,,False,False,False,False,
777484,23,1,81cb2cb3-e24b-3f2b-beaf-9130ee913cc4,666018,Jonathan Aranda,1B,1B,,Grounded Into DP,grounded_into_double_play,r_force_out,True,2B,1,False,False,False,False,
777484,23,1,81cb2cb3-e24b-3f2b-beaf-9130ee913cc4,691406,Junior Caminero,,,,Grounded Into DP,grounded_into_double_play,,True,1B,2,False,False,False,False,
777484,23,1,81cb2cb3-e24b-3f2b-beaf-9130ee913cc4,650490,Yandy Díaz,2B,2B,3B,Grounded Into DP,grounded_into_double_play,r_adv_force,False,,,False,False,False,False,
777484,24,5,9d7eb4da-79a6-3ab6-bb36-73b8d177afab,663968,Jake Mangum,,,1B,Single,single,,False,,,False,False,False,False,
777484,24,5,9d7eb4da-79a6-3ab6-bb36-73b8d177afab,650490,Yandy Díaz,3B,3B,score,Single,single,r_adv_play,False,,,True,True,True,False,621107
777484,25,5,e3d46ec4-df41-357c-8a7e-ef4169bc15d3,676609,José Caballero,,,,Groundout,field_out,,True,1B,3,False,False,False,False,
777484,26,0,391edc57-d8c5-3334-a77f-2516821656a2,668939,Adley Rutschman,,,score,Home Run,home_run,,False,,,True,True,True,False,686752
777484,27,1,63bff8cd-03e4-3464-b5f6-b6ec62ffca9f,683002,Gunnar Henderson,,,1B,Single,single,,False,,,False,False,False,False,
777484,28,7,229a4bd0-3f5a-326c-ae0e-8f77256483e4,683002,Gunnar Henderson,1B,1B,2B,Walk,walk,r_adv_force,False,,,False,False,False,False,
777484,28,7,229a4bd0-3f5a-326c-ae0e-8f77256483e4,676059,Jordan Westburg,,,1B,Walk,walk,,False,,,False,False,False,False,
777484,29,2,be1def3d-baba-3ea4-a462-5c54174dac5d,676059,Jordan Westburg,1B,1B,,Grounded Into DP,grounded_into_double_play,r_force_out,True,2B,1,False,False,False,False,
777484,29,2,be1def3d-baba-3ea4-a462-5c54174dac5d,656811,Ryan O'Hearn,,,,Grounded Into DP,grounded_into_double_play,,True,1B,2,False,False,False,False,
777484,29,2,be1def3d-baba-3ea4-a462-5c54174dac5d,683002,Gunnar Henderson,2B,2B,3B,Grounded Into DP,grounded_into_double_play,r_adv_force,False,,,False,False,False,False,
777484,30,6,6d6111a7-311d-3ce3-bdb3-1a61960b60c4,602104,Ramón Urías,,,,Strikeout,strikeout,,True,1B,3,False,False,False,False,
777484,31,4,f2252335-35b5-3234-b88f-8bd95db88604,643376,Danny Jansen,,,,Groundout,field_out,,True,1B,1,False,False,False,False,
777484,32,2,e0ca3751-542c-3c2a-a20f-a98c80cd5c47,666624,Christopher Morel,,,,Groundout,field_out,,True,1B,2,False,False,False,False,
777484,33,7,d600c029-c245-381e-ab79-fbdbae0d8a0c,666139,Josh Lowe,,,1B,Walk,walk,,False,,,False,False,False,False,
777484,34,2,8f7eb08b-a110-320d-b103-ce664a751f1e,666139,Josh Lowe,1B,1B,2B,Pickoff Error 1B,pickoff_error_1b,r_pickoff_error_1b,False,,,False,False,False,False,
777484,34,3,9f5ede63-2a47-3671-ab5b-429454b226d8,664040,Brandon Lowe,,,score,Home Run,home_run,,False,,,True,True,True,False,621107
777484,34,3,9f5ede63-2a47-3671-ab5b-429454b226d8,666139,Josh Lowe,2B,2B,score,Home Run,home_run,r_adv_force,False,,,True,True,True,False,621107
777484,35,1,a248881a-1b9e-3e9f-bdb1-e44ed7290f6a,650490,Yandy Díaz,,,,Groundout,field_out,,True,1B,3,False,False,False,False,
777484,36,1,5439e696-ffda-3d7e-9567-ff923432cbae,656775,Cedric Mullins,,,,Pop Out,field_out,,True,1B,1,False,False,False,False,
777484,37,7,7f6414c6-c54e-3497-aebf-a21d11d79421,681297,Colton Cowser,,,,Strikeout,strikeout,,True,1B,2,False,False,False,False,
777484,38,4,3fa7bb96-23c1-3ac3-b3b2-d8e22ef3e9b2,666185,Dylan Carlson,,,,Strikeout,strikeout,,True,1B,3,False,False,False,False,
777484,39,0,1f091c71-c41d-36c1-9983-2b6153147fef,666018,Jonathan Aranda,,,1B,Single,single,,False,,,False,False,False,False,
777484,40,0,693e9f84-9c16-33c2-9d14-8f5cbd985f2a,691406,Junior Caminero,,,2B,Double,double,,False,,,False,False,False,False,
777484,40,0,693e9f84-9c16-33c2-9d14-8f5cbd985f2a,666018,Jonathan Aranda,1B,1B,3B,Double,double,r_adv_force,False,,,False,False,False,False,
777484,41,0,94af6e2f-6d93-3489-9885-cfd0a3c184fa,663968,Jake Mangum,,,2B,Double,double,,False,,,False,False,False,False,
777484,41,0,94af6e2f-6d93-3489-9885-cfd0a3c184fa,666018,Jonathan Aranda,3B,3B,score,Double,double,r_adv_play,False,,,True,True,True,False,621107
777484,41,0,94af6e2f-6d93-3489-9885-cfd0a3c184fa,691406,Junior Caminero,2B,2B,3B,Double,double,r_adv_force,False,,,False,False,False,False,
777484,41,0,94af6e2f-6d93-3489-9885-cfd0a3c184fa,691406,Junior Caminero,2B,3B,score,Double,double,r_adv_play,False,,,True,True,True,False,621107
777484,42,2,714c1fab-4ff2-300b-a4ae-33e4c4edda6a,676609,José Caballero,,,,Groundout,field_out,,True,1B,1,False,False,False,False,
777484,42,2,714c1fab-4ff2-300b-a4ae-33e4c4edda6a,663968,Jake Mangum,2B,2B,3B,Groundout,field_out,r_adv_play,False,,,False,False,False,False,
777484,43,2,97afbe44-652d-37b6-9992-aad793f143d8,643376,Danny Jansen,,,,Pop Out,field_out,,True,1B,2,False,False,False,False,
777484,44,4,2081ec52-c5c8-3e82-9905-79cc6e046b91,666624,Christopher Morel,,,,Strikeout,strikeout,,True,1B,3,False,False,False,False,
777484,45,6,f9df4d45-420e-3e0e-a00d-55c88172e62c,702616,Jackson Holliday,,,,Strikeout,strikeout,,True,1B,1,False,False,False,False,
777484,46,5,c11b1ae2-2630-3827-82dc-36775a5021e4,668939,Adley Rutschman,,,,Pop Out,field_out,,True,1B,2,False,False,False,False,
777484,47,2,0700efb1-1c44-3924-b62a-7a14c8b7e104,683002,Gunnar Henderson,,,,Groundout,field_out,,True,1B,3,False,False,False,False,
777484,48,5,ad4aecc1-34cf-32d3-ac53-2dad06cbf644,666139,Josh Lowe,,,,Strikeout,strikeout,,True,1B,1,False,False,False,False,
777484,49,3,93562555-5b15-3f68-9f20-158d8e647748,664040,Brandon Lowe,,,,Strikeout,strikeout,,True,1B,2,False,False,False,False,
777484,50,4,38852abf-c015-3dde-bcf8-062efa6ab181,650490,Yandy Díaz,,,1B,Hit By Pitch,hit_by_pitch,,False,,,False,False,False,False,
777484,51,5,6ab0b31b-2526-31fe-85cb-e3ae9cf680c0,666018,Jonathan Aranda,,,,Strikeout,strikeout,,True,1B,3,False,False,False,False,
777484,52,1,f2adef52-13d7-3b74-90ea-3f4670549e2b,676059,Jordan Westburg,,,1B,Single,single,,False,,,False,False,False,False,
777484,53,0,7bf1f7ed-4b5b-3216-bc98-d0048f49892d,656811,Ryan O'Hearn,,,,Flyout,field_out,,True,1B,1,False,False,False,False,
777484,54,2,b5f2496e-d6e5-3496-a99b-f8a034edb002,676059,Jordan Westburg,1B,1B,,Grounded Into DP,grounded_into_double_play,r_force_out,True,2B,2,False,False,False,False,
777484,54,2,b5f2496e-d6e5-3496-a99b-f8a034edb002,602104,Ramón Urías,,,,Grounded Into DP,grounded_into_double_play,,True,1B,3,False,False,False,False,
777484,55,2,69974717-5286-3c67-b300-6dfc367a66c5,691406,Junior Caminero,,,1B,Single,single,,False,,,False,False,False,False,
777484,56,4,2d81caf7-8110-3275-ade0-c4186a4b5aef,663968,Jake Mangum,,,,Strikeout,strikeout,,True,1B,1,False,False,False,False,
777484,57,2,b2bfbfb4-97f8-372d-abbb-9c5dc589a9c1,676609,José Caballero,,,,Strikeout,strikeout,,True,1B,2,False,False,False,False,
777484,58,2,e0ff6479-0d78-32e1-aed4-10c5656a389b,643376,Danny Jansen,,,,Strikeout,strikeout,,True,1B,3,False,False,False,False,
777484,59,1,cad8062b-e034-3f24-a76c-f6ff39e35998,656775,Cedric Mullins,,,,Pop Out,field_out,,True,1B,1,False,False,False,False,
777484,60,5,dea3f88a-bead-38ed-bc02-f686096e64f0,681297,Colton Cowser,,,,Strikeout,strikeout,,True,1B,2,False,False,False,False,
777484,61,4,82a84453-9501-353a-9068-d86996928977,666185,Dylan Carlson,,,,Strikeout,strikeout,,True,1B,3,False,False,False,False,
777484,62,2,3c06d2c4-efa6-3646-aa06-55d2a204f0e6,666624,Christopher Morel,,,2B,Double,double,,False,,,False,False,False,False,
777484,63,3,a205aa9b-1526-3446-b9d0-4270b8778ea2,666139,Josh Lowe,,,,Strikeout,strikeout,,True,1B,1,False,False,False,False,
777484,64,1,a93f0e3e-378e-300a-9665-e5e79bc4c8a6,664040,Brandon Lowe,,,,Groundout,field_out,,True,1B,2,False,False,False,False,
777484,64,1,a93f0e3e-378e-300a-9665-e5e79bc4c8a6,666624,Christopher Morel,2B,2B,3B,Groundout,field_out,r_adv_play,False,,,False,False,False,False,
777484,65,2,8bef130c-e04f-3491-aefd-d5650c33c706,650490,Yandy Díaz,,,,Strikeout,strikeout,,True,1B,3,False,False,False,False,
777484,66,9,e55c6bc9-9e9a-313b-886d-52d340a2cf70,702616,Jackson Holliday,,,,Groundout,field_out,,True,1B,1,False,False,False,False,
777484,67,4,bb5460be-21e0-34f9-8ab7-3de83e0ba4f0,668939,Adley Rutschman,,,,Pop Out,field_out,,True,1B,2,False,False,False,False,
777484,68,1,12dcfead-b6e0-319d-8d99-3b68c26a0889,683002,Gunnar Henderson,,,,Pop Out,field_out,,True,1B,3,False,False,False,False,
777486,0,9,408fcfdb-0a94-33c8-89e4-f93119c5eefc,680776,Jarren Duran,,,,Strikeout,strikeout,,True,1B,1,False,False,False,False,
777486,1,0,566fdb71-1f21-38e7-9cec-ee5ec6e9fb5a,647351,Abraham Toro,,,,Pop Out,field_out,,True,1B,2,False,False,False,False,
777486,2,5,b48c4c7e-b051-37e2-bec6-aaed44d54689,701350,Roman Anthony,,,score,Home Run,home_run,,False,,,True,True,True,False,669302
777486,3,5,35789a07-fa31-3205-b11f-3023af0a81c8,665966,Carlos Narváez,,,,Strikeout,strikeout,,True,1B,3,False,False,False,False,
777486,4,4,9607f79a-695a-3b45-b537-0a9b0e869e2a,641487,J.P. Crawford,,,1B,Walk,walk,,False,,,False,False,False,False,
777486,5,2,b1fb3eb5-5d2e-3262-8f35-7679a1dc4d37,641487,J.P. Crawford,1B,1B,,Grounded Into DP,grounded_into_double_play,r_force_out,True,2B,1,False,False,False,False,
777486,5,2,b1fb3eb5-5d2e-3262-8f35-7679a1dc4d37,677594,Julio Rodríguez,,,,Grounded Into DP,grounded_into_double_play,,True,1B,2,False,False,False,False,
777486,6,4,e318da85-ba19-3e08-86f2-e99470ecf93d,663728,Cal Raleigh,,,,Flyout,field_out,,True,1B,3,False,False,False,False,
777486,7,3,d3d47607-75b5-337f-b3a3-87b454f0ff93,691785,Marcelo Mayer,,,,Groundout,field_out,,True,1B,1,False,False,False,False,
777486,8,5,53f25b22-4074-343a-b3f2-84f30c4a8dad,596115,Trevor Story,,,,Strikeout,strikeout,,True,1B,2,False,False,False,False,
777486,9,1,9ac13e29-c289-3cd1-96dd-449c165ab53f,666152,David Hamilton,,,,Pop Out,field_out,,True,1B,3,False,False,False,False,
777486,10,7,cbff12bd-c3a7-39cd-8fe3-0cb46e0d2389,593871,Jorge Polanco,,,,Strikeout,strikeout,,True,1B,1,False,False,False,False,
777486,11,2,89dae68f-888e-3f8e-b132-52fe91563f09,668227,Randy Arozarena,,,,Lineout,field_out,,True,1B,2,False,False,False,False,
777486,12,5,a071efb2-5250-3d83-a842-f1597b7a02aa,642133,Rowdy Tellez,,,,Strikeout,strikeout,,True,1B,3,False,False,False,False,
777486,13,2,c350b354-769b-3a69-8f3a-fb11f5b3b1f9,678882,Ceddanne Rafaela,,,,Strikeout,strikeout,,True,1B,1,False,False,False,False,
777486,14,4,b73c34fa-1b5b-36e2-b3d1-69bad9e73593,692225,Kristian Campbell,,,,Strikeout,strikeout,,True,1B,2,False,False,False,False,
777486,15,1,120de4ea-6fcb-3f07-80be-ad002f33bd34,680776,Jarren Duran,,,3B,Triple,triple,,False,,,False,False,False,False,
777486,16,3,a3dc03a0-b3c8-33c1-8896-60391529c2ab,647351,Abraham Toro,,,1B,Single,single,,False,,,False,False,False,False,
777486,16,3,a3dc03a0-b3c8-33c1-8896-60391529c2ab,680776,Jarren Duran,3B,3B,score,Single,single,r_adv_play,False,,,True,True,True,False,669302
777486,17,4,c0ed84b5-4226-3fee-b7c9-4e927866ca41,701350,Roman Anthony,,,,Strikeout,strikeout,,True,1B,3,False,False,False,False,
777486,18,4,943e43ea-e9f6-32ef-adb3-e71106c926e0,686527,Dominic Canzone,,,1B,Single,single,,False,,,False,False,False,False,
777486,19,3,534f8142-6b1d-3d5b-9c0e-d4d08f975f0b,810938,Ben Williamson,,,1B,Single,single,,False,,,False,False,False,False,
777486,19,3,534f8142-6b1d-3d5b-9c0e-d4d08f975f0b,686527,Dominic Canzone,1B,1B,2B,Single,single,r_adv_force,False,,,False,False,False,False,
777486,20,3,7b2fc9cb-0ed7-3dfa-a351-bbc99b368bb0,702284,Cole Young,,,1B,Single,single,,False,,,False,False,False,False,
777486,20,3,7b2fc9cb-0ed7-3dfa-a351-bbc99b368bb0,686527,Dominic Canzone,2B,2B,3B,Single,single,r_adv_force,False,,,False,False,False,False,
777486,20,3,7b2fc9cb-0ed7-3dfa-a351-bbc99b368bb0,810938,Ben Williamson,1B,1B,2B,Single,single,r_adv_force,False,,,False,False,False,False,
777486,21,6,9c76f12e-0e21-3ef3-ae8e-8f634f50d55b,641487,J.P. Crawford,,,,Strikeout,strikeout,,True,1B,1,False,False,False,False,
777486,22,6,7f7f4af3-bb75-328a-83c0-dac79743ab20,677594,Julio Rodríguez,,,,Strikeout,strikeout,,True,1B,2,False,False,False,False,
777486,23,3,42bf7f5e-b043-36a7-8764-7f52fedd4bd5,663728,Cal Raleigh,,,,Strikeout,strikeout,,True,1B,3,False,False,False,False,
777486,24,5,093a286a-67e2-351d-958d-69eff2b7a6d4,665966,Carlos Narváez,,,,Flyout,field_out,,True,1B,1,False,False,False,False,
777486,25,2,99fd0845-4808-3162-8de6-1c9bc931f548,691785,Marcelo Mayer,,,,Strikeout,strikeout,,True,1B,2,False,False,False,False,
777486,26,8,059612c5-97f4-3298-bb5e-ee40cb1b965b,596115,Trevor Story,,,1B,Walk,walk,,False,,,False,False,False,False,
777486,27,6,86255142-6baa-32b7-9cd1-77912da2d1ee,666152,David Hamilton,,,,Strikeout,strikeout,,True,1B,3,False,False,False,False,
777486,28,2,28d2e7af-c287-3493-99b3-c7b9a7f08105,593871,Jorge Polanco,,,,Pop Out,field_out,,True,1B,1,False,False,False,False,
777486,29,5,813a6b29-cff8-3bd7-917f-e857ce8b08d5,668227,Randy Arozarena,,,,Strikeout,strikeout,,True,1B,2,False,False,False,False,
777486,30,0,b740b738-1e42-302a-bb75-0fa151beccde,642133,Rowdy Tellez,,,,Pop Out,field_out,,True,1B,3,False,False,False,False,
777486,31,7,1608a8fd-5d63-3c15-9cba-6806b6d5d246,678882,Ceddanne Rafaela,,,,Flyout,field_out,,True,1B,1,False,False,False,False,
777486,32,4,e05115c4-b899-3c74-a815-495b335d23b0,692225,Kristian Campbell,,,,Strikeout,strikeout,,True,1B,2,False,False,False,False,
777486,33,4,3250e80a-1cbe-3d3e-bafe-5ddb88e804bd,680776,Jarren Duran,,,,Strikeout,strikeout,,True,1B,3,False,False,False,False,
777486,34,2,cc743b51-252d-391e-a16f-2785f39c42a1,686527,Dominic Canzone,,,,Pop Out,field_out,,True,1B,1,False,False,False,False,
777486,35,6,b2434450-2335-3f0f-b10a-23ca73b40d12,810938,Ben Williamson,,,,Strikeout,strikeout,,True,1B,2,False,False,False,False,
777486,36,3,383980e1-47f9-3f55-a20b-cd4f9edccf1b,702284,Cole Young,,,,Strikeout,strikeout,,True,1B,3,False,False,False,False,
777486,37,11,3813fb19-1e00-3e21-b3d7-598e6ace68c3,647351,Abraham Toro,,,1B,Walk,walk,,False,,,False,False,False,False,
777486,38,3,f50c7f17-e654-365b-a10a-8e7fb998825b,701350,Roman Anthony,,,,Flyout,field_out,,True,1B,1,False,False,False,False,
777486,39,1,a48e39e0-9372-3dbf-b58b-d173ed4d22d6,647351,Abraham Toro,1B,1B,,Grounded Into DP,grounded_into_double_play,r_force_out,True,2B,2,False,False,False,False,
777486,39,1,a48e39e0-9372-3dbf-b58b-d173ed4d22d6,665966,Carlos Narváez,,,,Grounded Into DP,grounded_into_double_play,,True,1B,3,False,False,False,False,
777486,40,6,873e9de3-09ac-37ef-8449-20f06c7b1575,641487,J.P. Crawford,,,,Strikeout,strikeout,,True,1B,1,False,False,False,False,
777486,41,5,6cdb0777-fba3-3ed7-806e-d320bb7de49b,677594,Julio Rodríguez,,,,Strikeout,strikeout,,True,1B,2,False,False,False,False,
777486,42,1,8d2bea41-3431-339e-bdc3-b176527e97f0,663728,Cal Raleigh,,,,Groundout,field_out,,True,1B,3,False,False,False,False,
777486,43,3,518f2e04-1a02-3dca-8eef-1f32e48219da,691785,Marcelo Mayer,,,,Groundout,field_out,,True,1B,1,False,False,False,False,
777486,44,6,0cef9c3b-7f7e-3e21-ad57-c50b64203184,596115,Trevor Story,,,,Groundout,field_out,,True,1B,2,False,False,False,False,
777486,45,0,4f0f1d7e-deb4-3d70-b96a-7cceddf7b20b,666152,David Hamilton,,,,Groundout,field_out,,True,1B,3,False,False,False,False,
777486,46,3,19d92280-0e3f-3ca6-bf9e-6b53e360982a,593871,Jorge Polanco,,,1B,Single,single,,False,,,False,False,False,False,
777486,47,3,ad2d5e06-3ae2-36ff-b6e2-40dfe0171926,668227,Randy Arozarena,,,,Pop Out,field_out,,True,1B,1,False,False,False,False,
777486,48,4,0cd93d7e-0a58-35a8-837c-b784c0eaf4c9,593871,Jorge Polanco,1B,1B,2B,Stolen Base 2B,stolen_base_2b,r_stolen_base_2b,False,,,False,False,False,False,
777486,48,6,807cfa58-cdc6-3b3c-acff-9eb4f3160894,664238,Dylan Moore,,,1B,Walk,walk,,False,,,False,False,False,False,
777486,49,0,4296c5b7-0483-3d7b-b38b-db52a5697707,686527,Dominic Canzone,,,,Pop Out,field_out,,True,1B,2,False,False,False,False,
777486,50,3,f23f6c40-638d-3ba8-9fa6-79dc5543c36e,810938,Ben Williamson,,,,Strikeout,strikeout,,True,1B,3,False,False,False,False,
777486,51,1,27ad778a-2cd4-330e-acd9-abc349d86581,678882,Ceddanne Rafaela,,,,Groundout,field_out,,True,1B,1,False,False,False,False,
777486,52,2,03129594-c50e-3368-a3de-d5c1763a7d99,692225,Kristian Campbell,,,1B,Single,single,,False,,,False,False,False,False,
777486,53,6,db607bcf-85ea-385a-bc74-4ba70fdddcf0,680776,Jarren Duran,,,,Flyout,field_out,,True,1B,2,False,False,False,False,
777486,54,4,4f0cab19-7337-3377-b9c9-315aad99b999,647351,Abraham Toro,,,,Strikeout,strikeout,,True,1B,3,False,False,False,False,
777486,55,4,193e2e8b-5a94-3df9-a2c1-e0344784c027,702284,Cole Young,,,1B,Walk,walk,,False,,,False,False,False,False,
777486,56,4,2edb8469-7984-36d6-b787-33c6634bcf1f,702284,Cole Young,1B,1B,2B,Walk,walk,r_adv_force,False,,,False,False,False,False,
777486,56,4,2edb8469-7984-36d6-b787-33c6634bcf1f,641487,J.P. Crawford,,,1B,Walk,walk,,False,,,False,False,False,False,
777486,57,1,085266be-5cf8-32b5-b4dc-e9625e040676,677594,Julio Rodríguez,,,,Lineout,field_out,,True,1B,1,False,False,False,False,
777486,58,5,14f79317-2aea-3e76-82c2-f68bf2b80c51,663728,Cal Raleigh,,,,Strikeout,strikeout,,True,1B,2,False,False,False,False,
777486,59,3,fd6ebef9-b1e0-3f64-9ee6-72f9a98d232d,593871,Jorge Polanco,,,,Pop Out,field_out,,True,1B,3,False,False,False,False,
777486,60,6,d3e659fd-46cf-31c0-a363-facb809f11ac,701350,Roman Anthony,,,,Pop Out,field_out,,True,1B,1,False,False,False,False,
777486,61,8,d2cfd061-8986-3c72-b966-8f0669d0689f,665966,Carlos Narváez,,,1B,Walk,walk,,False,,,False,False,False,False,
777486,62,3,1ffdfa59-a250-3eb0-af18-f90fb41840f2,691785,Marcelo Mayer,,,,Strikeout,strikeout,,True,1B,2,False,False,False,False,
777486,63,6,53425524-4218-3d28-9c96-a38b4dea6c28,596115,Trevor Story,,,,Flyout,field_out,,True,1B,3,False,False,False,False,
777486,64,4,1d83a8c3-6bc7-385b-b2b5-8f3c91af5735,668227,Randy Arozarena,,,,Strikeout,strikeout,,True,1B,1,False,False,False,False,
777486,65,4,4c7616f8-a4fa-3737-b798-b20734eeaf3e,664238,Dylan Moore,,,,Strikeout,strikeout,,True,1B,2,False,False,False,False,
777486,66,5,4ed74c75-d566-3041-b892-f0d062edea7d,456781,Donovan Solano,,,,Strikeout,strikeout,,True,1B,3,False,False,False,False,
777485,0,9,0cb0321f-c6e8-3516-bc81-db110b92bd51,665161,Jeremy Peña,,,,Groundout,field_out,,True,1B,1,False,False,False,False,
777485,1,8,1df9f267-1260-3d07-b7f5-e681d4ce8739,670623,Isaac Paredes,,,,Pop Out,field_out,,True,1B,2,False,False,False,False,
777485,2,1,0a9c0202-ad21-36c7-8110-854d6f86a480,514888,Jose Altuve,,,score,Home Run,home_run,,False,,,True,True,True,False,687765
777485,3,2,ebc13ba5-79e6-38de-98c2-50c5c2c00e25,572233,Christian Walker,,,,Flyout,field_out,,True,1B,3,False,False,False,False,
777485,4,4,8258f227-3841-36a2-954c-41a2eaf9d659,671732,Lawrence Butler,,,,Groundout,field_out,,True,1B,1,False,False,False,False,
777485,5,0,1c9d3fd4-2fb2-3fa2-a13a-dfc4db768c1f,805779,Jacob Wilson,,,,Groundout,field_out,,True,1B,2,False,False,False,False,
777485,6,3,690f91a6-4866-32a2-a962-e093e29a1846,691016,Tyler Soderstrom,,,,Strikeout,strikeout,,True,1B,3,False,False,False,False,
777485,7,1,91ad6ff7-29cc-3253-898a-670256c593ca,676694,Jake Meyers,,,1B,Single,single,,False,,,False,False,False,False,
777485,8,4,9305c252-84f1-385d-8afc-7dfa4b085206,701358,Cam Smith,,,,Double Play,double_play,,True,1B,1,False,False,False,False,
777485,8,4,9305c252-84f1-385d-8afc-7dfa4b085206,676694,Jake Meyers,1B,1B,,Double Play,double_play,r_doubled_off,True,1B,2,False,False,False,False,
777485,9,5,82e23378-8ade-3dbf-808b-ada9bccfbb5e,605170,Victor Caratini,,,1B,Single,single,,False,,,False,False,False,False,
777485,10,0,b8665aa6-48fb-392c-9dd7-ed45f0d4e504,643289,Mauricio Dubón,,,2B,Double,double,,False,,,False,False,False,False,
777485,10,0,b8665aa6-48fb-392c-9dd7-ed45f0d4e504,605170,Victor Caratini,1B,1B,3B,Double,double,r_adv_force,False,,,False,False,False,False,
777485,11,4,0bd4e128-c41b-35db-80a9-75b0b29e4fbf,641645,Luis Guillorme,,,,Strikeout,strikeout,,True,1B,3,False,False,False,False,
777485,12,0,608ccad0-e005-385d-a1f6-96d91269bacb,667670,Brent Rooker,,,,Flyout,field_out,,True,1B,1,False,False,False,False,
777485,13,1,dcb91024-6613-32bf-af8a-f2c17fc83e22,701762,Nick Kurtz,,,,Groundout,field_out,,True,1B,2,False,False,False,False,
777485,14,5,34e36488-e323-3d31-b21e-1d9e7c1fada6,691777,Max Muncy,,,1B,Single,single,,False,,,False,False,False,False,
777485,15,5,b777f66b-d328-34ec-8c5f-4bb951fc5e52,668709,JJ Bleday,,,,Strikeout,strikeout,,True,1B,3,False,False,False,False,
777485,16,0,36bf1c91-2b39-3f77-8b85-67c823669f98,665161,Jeremy Peña,,,,Groundout,field_out,,True,1B,1,False,False,False,False,
777485,17,8,6e9d2e30-05a2-3527-951f-081fc235e2de,670623,Isaac Paredes,,,,Groundout,field_out,,True,1B,2,False,False,False,False,
777485,18,5,8eab252f-d791-3759-ad78-84a67fc99a42,514888,Jose Altuve,,,,Flyout,field_out,,True,1B,3,False,False,False,False,
777485,19,1,9e3289f9-ccf2-30e6-8d05-8620cec8537e,680862,Willie MacIver,,,,Groundout,field_out,,True,1B,1,False,False,False,False,
777485,20,5,8da6a506-6aa6-33eb-84fb-cd2155177590,680474,Max Schuemann,,,,Strikeout,strikeout,,True,1B,2,False,False,False,False,
777485,21,6,0bb31a58-4da9-3893-9b37-78c6b2f34d08,671732,Lawrence Butler,,,1B,Field Error,field_error,,False,,,False,False,False,False,
777485,22,2,3f20aed5-a3d8-3ce4-a965-c55a2386c9bf,805779,Jacob Wilson,,,,Strikeout,strikeout,,True,1B,3,False,False,False,False,
777485,23,4,6132b683-edb5-3e98-a1e9-a48928ba3c45,572233,Christian Walker,,,1B,Single,single,,False,,,False,False,False,False,
777485,24,1,a6f75cbc-b367-30b5-aac5-becb94398e0f,572233,Christian Walker,1B,1B,,Grounded Into DP,grounded_into_double_play,r_force_out,True,2B,1,False,False,False,False,
777485,24,1,a6f75cbc-b367-30b5-aac5-becb94398e0f,676694,Jake Meyers,,,,Grounded Into DP,grounded_into_double_play,,True,1B,2,False,False,False,False,
777485,25,3,64cb1377-2c35-341c-94a6-4aa2c60f0228,701358,Cam Smith,,,2B,Double,double,,False,,,False,False,False,False,
777485,26,0,a70b27d1-467e-341d-9df4-ec17d1967987,605170,Victor Caratini,,,,Groundout,field_out,,True,1B,3,False,False,False,False,
777485,27,3,8d1ff40b-d8a1-3f46-9120-26e119c36623,691016,Tyler Soderstrom,,,,Pop Out,field_out,,True,1B,1,False,False,False,False,
777485,28,4,4e5cb0d6-9b44-36a0-8aba-177570e0cb2f,667670,Brent Rooker,,,,Strikeout,strikeout,,True,1B,2,False,False,False,False,
777485,29,6,6ff42367-1b77-3b01-bc9a-22bed21930de,701762,Nick Kurtz,,,,Strikeout,strikeout,,True,1B,3,False,False,False,False,
777485,30,1,3cf85b65-8484-3f4a-8003-2375f4ef6c65,643289,Mauricio Dubón,,,,Lineout,field_out,,True,1B,1,False,False,False,False,
777485,31,2,9feac03f-cf75-3038-ae4a-2fbdc4a2e42a,641645,Luis Guillorme,,,1B,Single,single,,False,,,False,False,False,False,
777485,32,5,c7cc42a3-d7a6-351d-8961-86d95a0a876e,665161,Jeremy Peña,,,,Strikeout,strikeout,,True,1B,2,False,False,False,False,
777485,33,9,4889a3cd-6786-346e-beec-d035449fdc65,641645,Luis Guillorme,1B,1B,2B,Walk,walk,r_adv_force,False,,,False,False,False,False,
777485,33,9,4889a3cd-6786-346e-beec-d035449fdc65,670623,Isaac Paredes,,,1B,Walk,walk,,False,,,False,False,False,False,
777485,34,2,0a90d822-5ae4-3fa2-9a02-1c7a88310fe4,514888,Jose Altuve,,,,Groundout,field_out,,True,1B,3,False,False,False,False,
777485,35,8,626c84ac-430f-3c95-918f-93bd5fe2a138,691777,Max Muncy,,,,Strikeout,strikeout,,True,1B,1,False,False,False,False,
777485,36,6,8931a1cd-29be-3bd8-bed7-f92bb9827d41,668709,JJ Bleday,,,score,Home Run,home_run,,False,,,True,True,True,False,687473
777485,37,1,58f88038-d83f-39e0-89ed-961181565ddc,680862,Willie MacIver,,,1B,Single,single,,False,,,False,False,False,False,
777485,38,6,c380305a-761a-398a-a528-b222aaa3005e,680862,Willie MacIver,1B,1B,2B,Walk,walk,r_adv_force,False,,,False,False,False,False,
777485,38,6,c380305a-761a-398a-a528-b222aaa3005e,680862,Willie MacIver,1B,2B,3B,Error,error,r_adv_play,False,,,False,False,False,False,
777485,38,6,c380305a-761a-398a-a528-b222aaa3005e,680474,Max Schuemann,,,1B,Walk,walk,,False,,,False,False,False,False,
777485,39,9,c0a1675f-935d-3122-bea5-220b1d82d04b,671732,Lawrence Butler,,,,Strikeout,strikeout,,True,1B,2,False,False,False,False,
777485,40,0,fc4f3adc-0f9d-3708-996b-4fb1fd560a90,805779,Jacob Wilson,,,,Groundout,field_out,,True,1B,3,False,False,False,False,
777485,41,6,0e15db89-624f-3141-848f-2e28d61043a4,572233,Christian Walker,,,,Strikeout,strikeout,,True,1B,1,False,False,False,False,
777485,42,6,5dd912c3-8dd6-3c54-9073-209d23b7ec02,676694,Jake Meyers,,,,Strikeout,strikeout,,True,1B,2,False,False,False,False,
777485,43,4,7533b3ba-fd96-39b0-ad8c-612d5fc0bb8f,701358,Cam Smith,,,,Groundout,field_out,,True,1B,3,False,False,False,False,
777485,44,9,65d5cfc9-7f9f-3e97-a999-eec20bb913a5,691016,Tyler Soderstrom,,,,Strikeout,strikeout,,True,1B,1,False,False,False,False,
777485,45,2,f83b0b42-7b5c-381a-a205-67284104c402,667670,Brent Rooker,,,,Flyout,field_out,,True,1B,2,False,False,False,False,
777485,46,4,db8a3d7e-7f26-3e86-aad2-f7047b66f68d,701762,Nick Kurtz,,,,Flyout,field_out,,True,1B,3,False,False,False,False,
777485,47,1,c7c73e39-7a09-3cdd-8495-b0fd488c14e2,605170,Victor Caratini,,,1B,Single,single,,False,,,False,False,False,False,
777485,48,2,bc3ae61d-fcf5-3e69-8f60-6ad7d380816a,643289,Mauricio Dubón,,,,Pop Out,field_out,,True,1B,1,False,False,False,False,
777485,49,2,bfa7ff3b-71b4-3208-8ff0-2f0217befaeb,605170,Victor Caratini,1B,1B,,Grounded Into DP,grounded_into_double_play,r_force_out,True,2B,2,False,False,False,False,
777485,49,2,bfa7ff3b-71b4-3208-8ff0-2f0217befaeb,641645,Luis Guillorme,,,,Grounded Into DP,grounded_into_double_play,,True,1B,3,False,False,False,False,
777485,50,1,cf762b78-2e17-306d-8429-0b82c0151fb2,691777,Max Muncy,,,1B,Single,single,,False,,,False,False,False,False,
777485,51,2,2efd7b97-bded-3f21-bc84-20bd9bc9e1b2,691777,Max Muncy,1B,1B,,Grounded Into DP,grounded_into_double_play,r_force_out,True,2B,1,False,False,False,False,
777485,51,2,2efd7b97-bded-3f21-bc84-20bd9bc9e1b2,668709,JJ Bleday,,,,Grounded Into DP,grounded_into_double_play,,True,1B,2,False,False,False,False,
777485,52,1,ca647c8f-0491-30d8-8280-4d43f2f9d94f,680862,Willie MacIver,,,,Groundout,field_out,,True,1B,3,False,False,False,False,
777485,53,4,63ee5f34-fbe4-3803-9e48-a301781e446f,665161,Jeremy Peña,,,,Strikeout,strikeout,,True,1B,1,False,False,False,False,
777485,54,5,c5b38904-64f5-33bc-b379-162dec939cdd,670623,Isaac Paredes,,,,Strikeout,strikeout,,True,1B,2,False,False,False,False,
777485,55,4,2440d2a5-91a8-3918-ae3c-62a5da4c1da8,514888,Jose Altuve,,,,Strikeout,strikeout,,True,1B,3,False,False,False,False,
777485,56,1,ca0dd3b2-cb9a-341e-939e-6ec5eaed89dd,680474,Max Schuemann,,,1B,Hit By Pitch,hit_by_pitch,,False,,,False,False,False,False,
777485,57,2,931c8a65-512d-3743-8d44-ba3c75d18f9b,671732,Lawrence Butler,,,,Strikeout,strikeout,,True,1B,1,False,False,False,False,
777485,58,4,3e012e9d-995c-3f36-a686-3a997837bc59,680474,Max Schuemann,1B,1B,,Forceout,force_out,r_force_out,True,2B,2,False,False,False,False,
777485,58,4,3e012e9d-995c-3f36-a686-3a997837bc59,805779,Jacob Wilson,,,1B,Forceout,force_out,,False,,,False,False,False,False,
777485,59,3,060ea060-aa48-39ea-a3cd-bac814d92506,691016,Tyler Soderstrom,,,1B,Single,single,,False,,,False,False,False,False,
777485,59,3,060ea060-aa48-39ea-a3cd-bac814d92506,805779,Jacob Wilson,1B,1B,2B,Single,single,r_adv_force,False,,,False,False,False,False,
777485,59,3,060ea060-aa48-39ea-a3cd-bac814d92506,805779,Jacob Wilson,1B,2B,3B,Single,single,r_adv_play,False,,,False,False,False,False,
777485,59,3,060ea060-aa48-39ea-a3cd-bac814d92506,691016,Tyler Soderstrom,,1B,,Runner Out,other_out,r_thrown_out,True,2B,3,False,False,False,False,
777485,60,6,1d9d8b33-1221-31b9-bfa9-675c3235062f,572233,Christian Walker,,,,Strikeout,strikeout,,True,1B,1,False,False,False,False,
777485,61,0,919d8819-52f6-3815-b0bb-170c9c797077,676694,Jake Meyers,,,,Groundout,field_out,,True,1B,2,False,False,False,False,
777485,62,4,6e61c4af-ff16-37e0-b911-4de1c4562582,701358,Cam Smith,,,,Strikeout,strikeout,,True,1B,3,False,False,False,False,
777485,63,5,7ca62c63-109a-3c1b-aba1-4d4b83de8914,667670,Brent Rooker,,,1B,Walk,walk,,False,,,False,False,False,False,
777485,64,4,6c41426d-9dc8-3b78-b935-c795407cb506,701762,Nick Kurtz,,,score,Home Run,home_run,,False,,,True,True,True,False,650556
777485,64,4,6c41426d-9dc8-3b78-b935-c795407cb506,667670,Brent Rooker,1B,1B,score,Home Run,home_run,r_adv_force,False,,,True,True,True,False,650556
777490,0,8,ab432edf-2245-3da2-85bf-81b81ad16b19,665487,Fernando Tatis Jr.,,,1B,Single,single,,False,,,False,False,False,False,
777490,1,1,adef9c65-8ba1-3953-82da-0d2dc267cf58,665487,Fernando Tatis Jr.,1B,1B,2B,Wild Pitch,wild_pitch,r_adv_play,False,,,False,False,False,False,
777490,1,7,0cb8c252-5f68-335e-a38d-bdf8b50088cd,650333,Luis Arraez,,,1B,Single,single,,False,,,False,False,False,False,
777490,1,7,0cb8c252-5f68-335e-a38d-bdf8b50088cd,665487,Fernando Tatis Jr.,2B,2B,3B,Single,single,r_adv_play,False,,,False,False,False,False,
777490,2,6,b1b81a5e-3702-3793-a07b-28a4eea435dc,592518,Manny Machado,,,,Sac Fly,sac_fly,,True,1B,1,False,False,False,False,
777490,2,6,b1b81a5e-3702-3793-a07b-28a4eea435dc,665487,Fernando Tatis Jr.,3B,3B,score,Sac Fly,sac_fly,r_adv_play,False,,,True,True,True,False,660271
777490,3,6,23b71312-9edb-3d66-8cbd-b648e677d6b6,657757,Gavin Sheets,,,,Groundout,field_out,,True,1B,2,False,False,False,False,
777490,3,6,23b71312-9edb-3d66-8cbd-b648e677d6b6,650333,Luis Arraez,1B,1B,2B,Groundout,field_out,r_adv_force,False,,,False,False,False,False,
777490,4,2,5267afd6-f6c8-35e8-b57c-b9f2f332f32f,593428,Xander Bogaerts,,,,Groundout,field_out,,True,1B,3,False,False,False,False,
777490,5,7,f46ea557-3c02-3268-859c-7b7a1ef273f7,660271,Shohei Ohtani,,,,Strikeout,strikeout,,True,1B,1,False,False,False,False,
777490,6,5,7958136b-c0b9-39b2-8570-7c33e9347987,605141,Mookie Betts,,,,Strikeout,strikeout,,True,1B,2,False,False,False,False,
777490,7,4,c36e6f7c-c5ae-3d44-a862-d135c25ed231,518692,Freddie Freeman,,,,Strikeout,strikeout,,True,1B,3,False,False,False,False,
777490,8,10,94288823-4d91-3aca-bae9-2bb915c02829,630105,Jake Cronenworth,,,,Strikeout,strikeout,,True,1B,1,False,False,False,False,
777490,9,5,093bd484-6f6e-3aaf-9573-566eb7fe7813,670092,Trenton Brooks,,,,Strikeout,strikeout,,True,1B,2,False,False,False,False,
777490,10,7,8b696b58-30c7-3afd-89f8-4945a5fb35b7,642180,Tyler Wade,,,1B,Walk,walk,,False,,,False,False,False,False,
777490,11,9,04265542-85e6-39c5-9b44-4177ec31188d,455117,Martín Maldonado,,,,Flyout,field_out,,True,1B,3,False,False,False,False,
777490,12,4,57ee82fd-fef4-3bda-b0a2-5896c3e02ffe,606192,Teoscar Hernández,,,,Strikeout,strikeout,,True,1B,1,False,False,False,False,
777490,13,4,264a4705-ada9-3fbc-8d41-038f91904267,669257,Will Smith,,,,Strikeout,strikeout,,True,1B,2,False,False,False,False,
777490,14,4,5ef96842-4191-3686-a139-e2585318019e,571970,Max Muncy,,,,Groundout,field_out,,True,1B,3,False,False,False,False,
777490,15,7,a2d0d2e1-b8d9-3574-8b59-f2484493e9d7,665487,Fernando Tatis Jr.,,,,Groundout,field_out,,True,1B,1,False,False,False,False,
777490,16,0,d70cac3b-3b22-3133-8c83-5fd8366989b0,650333,Luis Arraez,,,,Groundout,field_out,,True,1B,2,False,False,False,False,
777490,17,7,196366b6-6d26-3a25-b099-9b720cc24954,592518,Manny Machado,,,,Pop Out,field_out,,True,1B,3,False,False,False,False,
777490,18,2,d820354f-4796-3f13-b19d-7b6c265c7c1f,681624,Andy Pages,,,2B,Double,double,,False,,,False,False,False,False,
777490,19,5,797a63eb-4862-3f0a-8fa0-bd2a13d7b8e5,624424,Michael Conforto,,,,Strikeout,strikeout,,True,1B,1,False,False,False,False,
777490,20,6,06975a46-c779-3007-a61c-424e31d9f8d0,669242,Tommy Edman,,,,Groundout,field_out,,True,1B,2,False,False,False,False,
777490,20,6,06975a46-c779-3007-a61c-424e31d9f8d0,681624,Andy Pages,2B,2B,3B,Groundout,field_out,r_adv_play,False,,,False,False,False,False,
777490,21,1,d2564314-a4d2-3c92-a07b-bbb6f3e711bc,660271,Shohei Ohtani,,,2B,Double,double,,False,,,False,False,False,False,
777490,21,1,d2564314-a4d2-3c92-a07b-bbb6f3e711bc,681624,Andy Pages,3B,3B,score,Double,double,r_adv_play,False,,,True,True,True,False,656302
777490,22,1,00426116-7e0e-37ea-8341-ef447425768f,605141,Mookie Betts,,,,Flyout,field_out,,True,1B,3,False,False,False,False,
777490,23,7,e56c7f3f-9781-3092-84c2-84ef699dde44,657757,Gavin Sheets,,,1B,Walk,walk,,False,,,False,False,False,False,
777490,24,1,fbcd720f-64cc-3115-919f-51a15397cb4f,593428,Xander Bogaerts,,,2B,Double,double,,False,,,False,False,False,False,
777490,24,1,fbcd720f-64cc-3115-919f-51a15397cb4f,657757,Gavin Sheets,1B,1B,3B,Double,double,r_adv_force,False,,,False,False,False,False,
777490,24,1,fbcd720f-64cc-3115-919f-51a15397cb4f,657757,Gavin Sheets,1B,3B,score,Double,double,r_adv_play,False,,,True,True,True,False,676508
777490,25,0,1078fe15-adf8-33a5-8e2f-1293b966315f,630105,Jake Cronenworth,,,,Flyout,field_out,,True,1B,1,False,False,False,False,
777490,26,5,2fa8a1ef-773e-3c31-b835-46df844832f6,670092,Trenton Brooks,,,,Strikeout,strikeout,,True,1B,2,False,False,False,False,
777490,27,0,90f79067-f197-3a28-838d-3f3a6ff783e7,642180,Tyler Wade,,,,Groundout,field_out,,True,1B,3,False,False,False,False,
777490,28,3,c5e0e0c4-0019-3cf0-9d44-621f8b8d62fc,518692,Freddie Freeman,,,,Lineout,field_out,,True,1B,1,False,False,False,False,
777490,29,2,4ba3ba5a-0fab-365b-aea7-b54de421a79d,606192,Teoscar Hernández,,,1B,Single,single,,False,,,False,False,False,False,
777490,30,4,74802333-58a7-35a7-b310-e56af1bdea32,669257,Will Smith,,,2B,Double,double,,False,,,False,False,False,False,
777490,30,4,74802333-58a7-35a7-b310-e56af1bdea32,606192,Teoscar Hernández,1B,1B,3B,Double,double,r_adv_force,False,,,False,False,False,False,
777490,31,2,2df09921-0217-359e-86c6-cb46c3fbd092,571970,Max Muncy,,,1B,Single,single,,False,,,False,False,False,False,
777490,31,2,2df09921-0217-359e-86c6-cb46c3fbd092,669257,Will Smith,2B,2B,score,Single,single,r_adv_play,False,,,True,True,True,False,656302
777490,31,2,2df09921-0217-359e-86c6-cb46c3fbd092,606192,Teoscar Hernández,3B,3B,score,Single,single,r_adv_play,False,,,True,True,True,False,656302
777490,32,2,1a3bfe7d-67d7-3fac-a218-c250ec4ebde3,571970,Max Muncy,1B,1B,2B,Hit By Pitch,hit_by_pitch,r_adv_force,False,,,False,False,False,False,
777490,32,2,1a3bfe7d-67d7-3fac-a218-c250ec4ebde3,681624,Andy Pages,,,1B,Hit By Pitch,hit_by_pitch,,False,,,False,False,False,False,
777490,33,4,f5a5e872-3402-3af5-a388-d9469eabf2c1,624424,Michael Conforto,,,,Strikeout,strikeout,,True,1B,2,False,False,False,False,
777490,34,1,f4987c88-6e0b-3818-bc1b-4c9f86b45a5e,669242,Tommy Edman,,,1B,Single,single,,False,,,False,False,False,False,
777490,34,1,f4987c88-6e0b-3818-bc1b-4c9f86b45a5e,571970,Max Muncy,2B,2B,3B,Single,single,r_adv_force,False,,,False,False,False,False,
777490,34,1,f4987c88-6e0b-3818-bc1b-4c9f86b45a5e,571970,Max Muncy,2B,3B,score,Single,single,r_adv_play,False,,,True,True,True,False,656302
777490,34,1,f4987c88-6e0b-3818-bc1b-4c9f86b45a5e,681624,Andy Pages,1B,1B,2B,Single,single,r_adv_force,False,,,False,False,False,False,
777490,35,1,0281e7b8-f404-3a4e-8ee1-e6224ebe3638,660271,Shohei Ohtani,,,1B,Single,single,,False,,,False,False,False,False,
777490,35,1,0281e7b8-f404-3a4e-8ee1-e6224ebe3638,669242,Tommy Edman,1B,1B,2B,Single,single,r_adv_force,False,,,False,False,False,False,
777490,35,1,0281e7b8-f404-3a4e-8ee1-e6224ebe3638,669242,Tommy Edman,1B,2B,3B,Single,single,r_adv_play,False,,,False,False,False,False,
777490,35,1,0281e7b8-f404-3a4e-8ee1-e6224ebe3638,681624,Andy Pages,2B,2B,3B,Single,single,r_adv_force,False,,,False,False,False,False,
777490,35,1,0281e7b8-f404-3a4e-8ee1-e6224ebe3638,681624,Andy Pages,2B,3B,score,Single,single,r_adv_play,False,,,True,True,True,False,656302
777490,36,1,3bb1453f-6857-35d3-bc05-d1d6eff7d224,605141,Mookie Betts,,,1B,Single,single,,False,,,False,False,False,False,
777490,36,1,3bb1453f-6857-35d3-bc05-d1d6eff7d224,660271,Shohei Ohtani,1B,1B,2B,Single,single,r_adv_force,False,,,False,False,False,False,
777490,36,1,3bb1453f-6857-35d3-bc05-d1d6eff7d224,660271,Shohei Ohtani,1B,2B,3B,Single,single,r_adv_play,False,,,False,False,False,False,
777490,36,1,3bb1453f-6857-35d3-bc05-d1d6eff7d224,669242,Tommy Edman,3B,3B,score,Single,single,r_adv_play,False,,,True,True,True,False,656302
777490,37,4,cb6291c8-5daf-3b86-bedf-1b9ded29ea51,605141,Mookie Betts,1B,1B,2B,Stolen Base 2B,stolen_base_2b,r_stolen_base_2b,False,,,False,False,False,False,
777490,37,7,366c3955-bdb5-3cde-9cd1-bc559856510e,518692,Freddie Freeman,,,,Strikeout,strikeout,,True,1B,3,False,False,False,False,
777490,38,3,ddbf04db-2906-3425-9419-3c3c4314e96e,455117,Martín Maldonado,,,,Strikeout,strikeout,,True,1B,1,False,False,False,False,
777490,39,0,00dc5d24-68d8-3935-8287-6480d657e114,665487,Fernando Tatis Jr.,,,,Pop Out,field_out,,True,1B,2,False,False,False,False,
777490,40,2,ad7fe936-8161-3822-a6d4-a107ecf8f55f,650333,Luis Arraez,,,,Groundout,field_out,,True,1B,3,False,False,False,False,
777490,41,6,15f2297f-ba47-3461-b2a9-7280d6186bef,606192,Teoscar Hernández,,,,Groundout,field_out,,True,1B,1,False,False,False,False,
777490,42,5,0be4cc93-40e3-3a9b-887a-5dca9d6ccd90,669257,Will Smith,,,,Strikeout,strikeout,,True,1B,2,False,False,False,False,
777490,43,4,53b64999-8a24-3b23-933a-7986b700d554,571970,Max Muncy,,,1B,Walk,walk,,False,,,False,False,False,False,
777490,44,1,4be3f12d-57ef-3f86-bad4-a7ab91b54c1a,571970,Max Muncy,1B,1B,2B,Stolen Base 2B,stolen_base_2b,r_stolen_base_2b,False,,,False,False,False,False,
777490,44,1,4be3f12d-57ef-3f86-bad4-a7ab91b54c1a,571970,Max Muncy,1B,2B,3B,Error,error,r_adv_play,False,,,False,False,False,False,
777490,44,6,ff54919c-6535-3c93-970e-e1cb9130a1c4,681624,Andy Pages,,,,Flyout,field_out,,True,1B,3,False,False,False,False,
777490,45,6,8707b396-c6b7-3676-8084-90ef72db95e0,592518,Manny Machado,,,score,Home Run,home_run,,False,,,True,True,True,False,676508
777490,46,1,8fe46b25-c537-315b-84f8-35195cf53606,657757,Gavin Sheets,,,2B,Double,double,,False,,,False,False,False,False,
777490,47,7,8d7bc6c3-2cce-3e30-a9a0-88a563ac9cdb,593428,Xander Bogaerts,,,,Lineout,field_out,,True,1B,1,False,False,False,False,
777490,48,3,3a2b01e0-4885-3dfa-85aa-d2cead1a8a23,630105,Jake Cronenworth,,,,Pop Out,field_out,,True,1B,2,False,False,False,False,
777490,49,6,deded5ef-c10c-38b0-a320-4c28a08a4435,578428,Jose Iglesias,,,,Strikeout,strikeout,,True,1B,3,False,False,False,False,
777490,50,5,ec1c1e81-02b0-3d8b-a8fd-4cca4b0d14e4,624424,Michael Conforto,,,,Lineout,field_out,,True,1B,1,False,False,False,False,
777490,51,3,a5cbc5c9-e45c-3cc9-9f94-9405f49e137b,669242,Tommy Edman,,,1B,Field Error,field_error,,False,,,False,False,False,False,
777490,52,4,b3c49989-d44d-387f-ae2d-e26be989eb2c,660271,Shohei Ohtani,,,,Strikeout,strikeout,,True,1B,2,False,False,False,False,
777490,53,3,870b00bf-5afc-31cc-a8af-e4cd786c6e21,605141,Mookie Betts,,,,Groundout,field_out,,True,1B,3,False,False,False,False,
777490,54,4,49f1fb43-d8d5-35aa-825a-a22a6fd897e6,642180,Tyler Wade,,,,Lineout,field_out,,True,1B,1,False,False,False,False,
777490,55,3,38ac753f-69ac-3a23-99ff-82f88a9a197e,553869,Elias Díaz,,,,Strikeout,strikeout,,True,1B,2,False,False,False,False,
777490,56,2,c0b719e1-d7a3-309f-b835-1e681043c605,665487,Fernando Tatis Jr.,,,1B,Single,single,,False,,,False,False,False,False,
777490,57,0,76422f0d-5b29-3b14-93c9-98f20a98862b,650333,Luis Arraez,,,,Groundout,field_out,,True,1B,3,False,False,False,False,
777490,58,3,fead2f26-9e26-3f87-9a8b-893fe082ab97,518692,Freddie Freeman,,,1B,Single,single,,False,,,False,False,False,False,
777490,59,7,e3395d2d-7e83-3453-8265-c3e39f94a97b,606192,Teoscar Hernández,,,,Strikeout,strikeout,,True,1B,1,False,False,False,False,
777490,60,6,558a557b-d73f-3cf7-ac86-c112e93f0eae,669257,Will Smith,,,1B,Single,single,,False,,,False,False,False,False,
777490,60,6,558a557b-d73f-3cf7-ac86-c112e93f0eae,518692,Freddie Freeman,1B,1B,2B,Single,single,r_adv_force,False,,,False,False,False,False,
777490,61,3,95c7b88f-f683-3375-963d-c461c473f71a,571970,Max Muncy,,,,Strikeout,strikeout,,True,1B,2,False,False,False,False,
777490,62,0,0a803222-598b-3e18-b95a-890eeb293576,669257,Will Smith,1B,1B,,Forceout,force_out,r_force_out,True,2B,3,False,False,False,False,
777490,62,0,0a803222-598b-3e18-b95a-890eeb293576,681624,Andy Pages,,,1B,Forceout,force_out,,False,,,False,False,False,False,
777490,63,4,9f312680-ff78-3725-bce0-f8058280318a,592518,Manny Machado,,,,Groundout,field_out,,True,1B,1,False,False,False,False,
777490,64,3,20667301-338f-33a0-bf0c-356142c7e62d,657757,Gavin Sheets,,,,Strikeout,strikeout,,True,1B,2,False,False,False,False,
777490,65,0,67806b1f-5b33-39f9-9f7a-474b81247fc7,593428,Xander Bogaerts,,,,Pop Out,field_out,,True,1B,3,False,False,False,False,
777490,66,4,84af9d15-2a65-3e11-80b3-5c4e75d4a6f7,624424,Michael Conforto,,,,Lineout,field_out,,True,1B,1,False,False,False,False,
777490,67,0,23d456fc-5f6e-3f27-8839-00ab16f1d3f5,669242,Tommy Edman,,,,Groundout,field_out,,True,1B,2,False,False,False,False,
777490,68,4,8a74a3bd-c63e-3f3a-922c-df3532ad8042,660271,Shohei Ohtani,,,1B,Walk,walk,,False,,,False,False,False,False,
777490,69,0,bd46910c-a122-355b-adbb-e538b5366e46,605141,Mookie Betts,,,,Flyout,field_out,,True,1B,3,False,False,False,False,
777490,70,4,44c4e6f7-ae8b-3a50-b4e5-d56f5b1aea9e,630105,Jake Cronenworth,,,,Groundout,field_out,,True,1B,1,False,False,False,False,
777490,71,3,b3e82bae-7b83-36da-ae0e-abcd9053ca10,578428,Jose Iglesias,,,,Lineout,field_out,,True,1B,2,False,False,False,False,
777490,72,2,310cc69a-e3ee-3354-b09f-f7f43f3a16fa,642180,Tyler Wade,,,,Pop Out,field_out,,True,1B,3,False,False,False,False,
