gamePk,atBatIndex,playIndex,playId,runnerid,runnerfullName,originBase,start,end,event,eventType,movementReason,isOut,outBase,outNumber,isScoringEvent,rbi,earned,teamUnearned,responsiblepitcherid
778382,0,4,b6af673a-8e9a-39df-b2e3-db6948ef8980,621493,Taylor Ward,,,score,Home Run,home_run,,False,,,True,True,True,False,641793
778382,1,0,24b36b0a-ca0e-3f25-9f91-ba9c8699c1fb,650859,Luis Rengifo,,,,Pop Out,field_out,,True,1B,1,False,False,False,False,
778382,2,2,3ffdd4f4-9d43-3f52-8c8a-9cbb5b6df6e0,545361,Mike Trout,,,,Lineout,field_out,,True,1B,2,False,False,False,False,
778382,3,5,a841bf5d-cd69-3d79-8dab-8cee38b484dd,624585,Jorge Soler,,,,Strikeout,strikeout,,True,1B,3,False,False,False,False,
778382,4,2,6cb677b8-9614-3134-8b87-aadf99056c8d,650490,Yandy Díaz,,,,Groundout,field_out,,True,1B,1,False,False,False,False,
778382,5,1,e1b5404a-cfb1-3dd6-8471-36b5bab5de4c,664040,Brandon Lowe,,,,Lineout,field_out,,True,1B,2,False,False,False,False,
778382,6,2,665f6b99-359a-3811-8047-67534bce5d2a,691406,Junior Caminero,,,1B,Single,single,,False,,,False,False,False,False,
778382,6,2,665f6b99-359a-3811-8047-67534bce5d2a,691406,Junior Caminero,,1B,2B,Error,error,r_adv_play,False,,,False,False,False,False,
778382,7,1,25b4370c-a4f2-3b19-b61b-8ba9ee0ac493,666018,Jonathan Aranda,,,,Groundout,field_out,,True,1B,3,False,False,False,False,
778382,8,2,97a61aa6-36e4-3def-b619-e62ae5761eac,681351,Logan O'Hoppe,,,2B,Double,double,,False,,,False,False,False,False,
778382,9,5,57c0fa65-6146-359c-b527-95acd07fea5f,694384,Nolan Schanuel,,,2B,Double,double,,False,,,False,False,False,False,
778382,9,5,57c0fa65-6146-359c-b527-95acd07fea5f,681351,Logan O'Hoppe,2B,2B,3B,Double,double,r_adv_force,False,,,False,False,False,False,
778382,9,5,57c0fa65-6146-359c-b527-95acd07fea5f,681351,Logan O'Hoppe,2B,3B,score,Double,double,r_adv_play,False,,,True,True,True,False,641793
778382,10,4,28269908-5cdb-3379-87a2-fae4c6906a99,677347,Kyren Paris,,,,Strikeout,strikeout,,True,1B,1,False,False,False,False,
778382,11,2,64136cd0-9d6a-3ff3-ace1-693e5fc0553d,666176,Jo Adell,,,,Flyout,field_out,,True,1B,2,False,False,False,False,
778382,12,8,5e517ee1-7703-3ab2-8ba1-470bfacf176c,641313,Tim Anderson,,,1B,Walk,walk,,False,,,False,False,False,False,
778382,13,6,80c969e5-e8b1-3dcc-b326-3cabadb7de35,641313,Tim Anderson,1B,1B,,Forceout,force_out,r_force_out,True,2B,3,False,False,False,False,
778382,13,6,80c969e5-e8b1-3dcc-b326-3cabadb7de35,621493,Taylor Ward,,,1B,Forceout,force_out,,False,,,False,False,False,False,
778382,14,4,2bbe6635-e816-3398-b062-911d64c3e0df,666624,Christopher Morel,,,,Strikeout,strikeout,,True,1B,1,False,False,False,False,
778382,15,5,54fbebda-880d-318d-9edf-741050cd5414,670224,Kameron Misner,,,1B,Walk,walk,,False,,,False,False,False,False,
778382,16,4,bfa9551e-ff87-3e2f-a10f-ab01f8eaccb1,676609,José Caballero,,,,Strikeout,strikeout,,True,1B,2,False,False,False,False,
778382,17,6,41f2604b-fd8d-3fc2-bf59-c95a5489c0e9,663968,Jake Mangum,,,,Flyout,field_out,,True,1B,3,False,False,False,False,
778382,18,2,f6105ea5-d9a0-35fc-ad85-ce650ec01742,650859,Luis Rengifo,,,,Strikeout,strikeout,,True,1B,1,False,False,False,False,
778382,19,1,987d10bf-5e59-39ae-b22f-425bb24e2d14,545361,Mike Trout,,,,Lineout,field_out,,True,1B,2,False,False,False,False,
778382,20,4,1d4a9d53-5ea5-3225-bc2b-1185890948d2,624585,Jorge Soler,,,,Strikeout,strikeout,,True,1B,3,False,False,False,False,
778382,21,2,62dc8b85-9caf-392c-9bfe-1e28bc5f580f,666163,Ben Rortvedt,,,,Bunt Groundout,field_out,,True,1B,1,False,False,False,False,
778382,22,1,64f64439-1f59-3c4f-9d31-b9c3c4900994,650490,Yandy Díaz,,,,Groundout,field_out,,True,1B,2,False,False,False,False,
778382,23,1,03354391-4c9a-38d9-a6ef-b8b6408d3217,664040,Brandon Lowe,,,,Groundout,field_out,,True,1B,3,False,False,False,False,
778382,24,3,d9788b7c-38e8-398b-9a40-081ce0f0d43d,681351,Logan O'Hoppe,,,,Groundout,field_out,,True,1B,1,False,False,False,False,
778382,25,7,ebbe7670-8a7a-30b8-bf53-84bd2e2260ea,694384,Nolan Schanuel,,,,Flyout,field_out,,True,1B,2,False,False,False,False,
778382,26,3,ffe08189-86c9-398c-af93-e6ee27440cc7,677347,Kyren Paris,,,,Groundout,field_out,,True,1B,3,False,False,False,False,
778382,27,2,b3ae256b-22be-3c98-88ec-f98ea09abc1f,691406,Junior Caminero,,,2B,Double,double,,False,,,False,False,False,False,
778382,28,3,d52b2e98-1c16-3b2a-b67f-b8663b8eb7ae,666018,Jonathan Aranda,,,1B,Single,single,,False,,,False,False,False,False,
778382,28,3,d52b2e98-1c16-3b2a-b67f-b8663b8eb7ae,691406,Junior Caminero,2B,2B,score,Single,single,r_adv_play,False,,,True,True,True,False,667755
778382,29,4,a3f78291-671d-38e6-a0e9-f6a62026bf8e,666624,Christopher Morel,,,,Strikeout,strikeout,,True,1B,1,False,False,False,False,
778382,30,1,0016da0a-2614-3e46-96cb-199043ef914c,666018,Jonathan Aranda,1B,1B,,Grounded Into DP,grounded_into_double_play,r_force_out,True,2B,2,False,False,False,False,
778382,30,1,0016da0a-2614-3e46-96cb-199043ef914c,670224,Kameron Misner,,,,Grounded Into DP,grounded_into_double_play,,True,1B,3,False,False,False,False,
778382,31,0,205993d1-f91e-37b9-bc00-7abf08dc5494,666176,Jo Adell,,,score,Home Run,home_run,,False,,,True,True,True,False,641793
778382,32,0,49edbc4b-88ce-34ff-94c0-959202fc2a09,641313,Tim Anderson,,,1B,Single,single,,False,,,False,False,False,False,
778382,33,2,d6291d1c-045a-3a5f-94be-0ccbecf2137c,621493,Taylor Ward,,,score,Home Run,home_run,,False,,,True,True,True,False,641793
778382,33,2,d6291d1c-045a-3a5f-94be-0ccbecf2137c,641313,Tim Anderson,1B,1B,score,Home Run,home_run,r_adv_force,False,,,True,True,True,False,641793
778382,34,6,6a2a18b3-e1f6-32b6-a0a5-e8056ff50b20,650859,Luis Rengifo,,,1B,Single,single,,False,,,False,False,False,False,
778382,35,3,289e3732-cf50-33f5-9de6-1abb5911735c,545361,Mike Trout,,,score,Home Run,home_run,,False,,,True,True,True,False,641793
778382,35,3,289e3732-cf50-33f5-9de6-1abb5911735c,650859,Luis Rengifo,1B,1B,score,Home Run,home_run,r_adv_force,False,,,True,True,True,False,641793
778382,36,4,1c2d5515-11c2-3609-b274-6b38fb849318,624585,Jorge Soler,,,,Strikeout,strikeout,,True,1B,1,False,False,False,False,
778382,37,1,743b6682-81c5-32d8-b87f-335c81cc36a6,681351,Logan O'Hoppe,,,1B,Single,single,,False,,,False,False,False,False,
778382,38,0,97267c9e-c118-39d5-a4f4-9598e34b64b2,694384,Nolan Schanuel,,,,Groundout,field_out,,True,1B,2,False,False,False,False,
778382,38,0,97267c9e-c118-39d5-a4f4-9598e34b64b2,681351,Logan O'Hoppe,1B,1B,2B,Groundout,field_out,r_adv_force,False,,,False,False,False,False,
778382,39,4,ff6924fd-b91d-3f06-b79c-fc4503871fb0,677347,Kyren Paris,,,1B,Catcher Interference,catcher_interf,,False,,,False,False,False,False,
778382,40,0,e9aa4726-9423-3305-a26a-9926805f52c8,666176,Jo Adell,,,score,Home Run,home_run,,False,,,True,True,True,False,669438
778382,40,0,e9aa4726-9423-3305-a26a-9926805f52c8,681351,Logan O'Hoppe,2B,2B,score,Home Run,home_run,r_adv_force,False,,,True,True,True,False,669438
778382,40,0,e9aa4726-9423-3305-a26a-9926805f52c8,677347,Kyren Paris,1B,1B,score,Home Run,home_run,r_adv_force,False,,,True,True,False,True,669438
778382,41,1,c7f20c4a-a1c8-398a-997d-65c0a6bfbbb8,641313,Tim Anderson,,,,Groundout,field_out,,True,1B,3,False,False,False,False,
778382,42,3,6fac2889-57ee-307f-88a8-a98474a3291c,676609,José Caballero,,,1B,Walk,walk,,False,,,False,False,False,False,
778382,43,1,0e69bbb9-a929-3cce-8db4-11c17b7a48ee,676609,José Caballero,1B,1B,,Forceout,force_out,r_force_out,True,2B,1,False,False,False,False,
778382,43,1,0e69bbb9-a929-3cce-8db4-11c17b7a48ee,663968,Jake Mangum,,,1B,Forceout,force_out,,False,,,False,False,False,False,
778382,44,4,29d3a3d6-e4a6-332f-82aa-045d74ab2066,663968,Jake Mangum,1B,1B,2B,Walk,walk,r_adv_force,False,,,False,False,False,False,
778382,44,4,29d3a3d6-e4a6-332f-82aa-045d74ab2066,666163,Ben Rortvedt,,,1B,Walk,walk,,False,,,False,False,False,False,
778382,45,2,e75e2ecd-0ffd-3b5b-bbeb-e9d82ea67b37,666163,Ben Rortvedt,1B,1B,,Grounded Into DP,grounded_into_double_play,r_force_out,True,2B,2,False,False,False,False,
778382,45,2,e75e2ecd-0ffd-3b5b-bbeb-e9d82ea67b37,650490,Yandy Díaz,,,,Grounded Into DP,grounded_into_double_play,,True,1B,3,False,False,False,False,
778382,46,4,6593d4f5-3bae-3e6e-aa96-03973560ccd0,621493,Taylor Ward,,,1B,Single,single,,False,,,False,False,False,False,
778382,47,1,41ac1ad0-c40c-3991-92d8-5e4ae232e5b4,650859,Luis Rengifo,,,,Flyout,field_out,,True,1B,1,False,False,False,False,
778382,48,0,b9749c21-957b-365e-b7b7-57fd18d07d15,545361,Mike Trout,,,,Flyout,field_out,,True,1B,2,False,False,False,False,
778382,49,6,cd660fc3-300c-330b-8a08-dd1a236e6831,621493,Taylor Ward,1B,1B,,Forceout,force_out,r_force_out,True,2B,3,False,False,False,False,
778382,49,6,cd660fc3-300c-330b-8a08-dd1a236e6831,624585,Jorge Soler,,,1B,Forceout,force_out,,False,,,False,False,False,False,
778382,50,6,b71bf26d-2c0f-390f-a076-91ea8892ceb3,664040,Brandon Lowe,,,1B,Single,single,,False,,,False,False,False,False,
778382,51,4,e1a1e661-2cb1-35a5-90e1-8edec5568deb,691406,Junior Caminero,,,,Strikeout,strikeout,,True,1B,1,False,False,False,False,
778382,52,1,1f5fa5a0-aff3-342a-855e-40c8f3db8214,664040,Brandon Lowe,1B,1B,,Grounded Into DP,grounded_into_double_play,r_force_out,True,2B,2,False,False,False,False,
778382,52,1,1f5fa5a0-aff3-342a-855e-40c8f3db8214,666018,Jonathan Aranda,,,,Grounded Into DP,grounded_into_double_play,,True,1B,3,False,False,False,False,
778382,53,1,d537d675-7f8c-3979-9d38-bff3d20f90cf,681351,Logan O'Hoppe,,,1B,Single,single,,False,,,False,False,False,False,
778382,54,0,7b8b7bcc-21f3-30bb-a50f-bd4496e91d82,694384,Nolan Schanuel,,,,Lineout,field_out,,True,1B,1,False,False,False,False,
778382,55,1,0642df21-55f0-3bcd-84f4-1df6b593ae15,677347,Kyren Paris,,,,Groundout,field_out,,True,1B,2,False,False,False,False,
778382,55,1,0642df21-55f0-3bcd-84f4-1df6b593ae15,681351,Logan O'Hoppe,1B,1B,2B,Groundout,field_out,r_adv_force,False,,,False,False,False,False,
778382,56,4,ba0bb550-eb35-3560-ab8e-e47ad59db58f,666176,Jo Adell,,,,Groundout,field_out,,True,1B,3,False,False,False,False,
778382,57,3,ad1a5a86-b22a-3dc4-b208-f2a373b49055,666624,Christopher Morel,,,,Groundout,field_out,,True,1B,1,False,False,False,False,
778382,58,2,2f49671e-456d-3cd5-bca7-448f3f3e99e8,670224,Kameron Misner,,,,Groundout,field_out,,True,1B,2,False,False,False,False,
778382,59,0,fc3806a3-90e5-3d16-b544-922f368617e9,676609,José Caballero,,,,Flyout,field_out,,True,1B,3,False,False,False,False,
778382,60,3,51dae41a-d19f-30a7-b5c8-7a43617d7a09,641313,Tim Anderson,,,,Flyout,field_out,,True,1B,1,False,False,False,False,
778382,61,4,94322889-d595-3d94-a192-acb6b9f27a58,621493,Taylor Ward,,,,Flyout,field_out,,True,1B,2,False,False,False,False,
778382,62,2,519f83da-9ad8-3649-a535-868fddf638b8,650859,Luis Rengifo,,,,Lineout,field_out,,True,1B,3,False,False,False,False,
778382,63,7,48703873-524a-3c20-bb34-d3e211fd086c,663968,Jake Mangum,,,,Groundout,field_out,,True,1B,1,False,False,False,False,
778382,64,0,314c20a4-e6bc-32b1-9d86-cc92130a0c08,666163,Ben Rortvedt,,,,Groundout,field_out,,True,1B,2,False,False,False,False,
778382,65,3,52b05173-2815-3686-aeba-bd326ce15dfb,678554,Curtis Mead,,,1B,Single,single,,False,,,False,False,False,False,
778382,66,3,81ac93ba-3d8a-3979-b21a-e84041921c4a,664040,Brandon Lowe,,,,Groundout,field_out,,True,1B,3,False,False,False,False,
778382,67,3,f0dd0f33-c111-30d9-b19d-6208f4707e08,545361,Mike Trout,,,score,Home Run,home_run,,False,,,True,True,True,False,685801
778382,68,4,4441d54f-6ee6-3e0d-a42d-606182f409dd,624585,Jorge Soler,,,1B,Single,single,,False,,,False,False,False,False,
778382,69,5,97753ed6-1a69-3b35-a6d5-04b2b6220fea,624585,Jorge Soler,1B,1B,,Grounded Into DP,grounded_into_double_play,r_force_out,True,2B,1,False,False,False,False,
778382,69,5,97753ed6-1a69-3b35-a6d5-04b2b6220fea,681351,Logan O'Hoppe,,,,Grounded Into DP,grounded_into_double_play,,True,1B,2,False,False,False,False,
778382,70,5,72cfe0b5-e2f1-31b8-8110-606c9c2d2d1e,605204,J.D. Davis,,,,Groundout,field_out,,True,1B,3,False,False,False,False,
778382,71,3,c1c13dd4-0778-3a80-83f2-1fc678f2b901,691406,Junior Caminero,,,1B,Single,single,,False,,,False,False,False,False,
778382,72,2,f50de363-bccb-3b46-a9da-ba1c0c1159bb,691406,Junior Caminero,1B,1B,,Grounded Into DP,grounded_into_double_play,r_force_out,True,2B,1,False,False,False,False,
778382,72,2,f50de363-bccb-3b46-a9da-ba1c0c1159bb,666018,Jonathan Aranda,,,,Grounded Into DP,grounded_into_double_play,,True,1B,2,False,False,False,False,
778382,73,3,dff046c5-d497-3776-a385-d919fb31c2b3,666624,Christopher Morel,,,,Strikeout,strikeout,,True,1B,3,False,False,False,False,
778378,0,7,29379cce-7186-309c-9e62-cb5238c848e1,665155,Nick Maton,,,1B,Single,single,,False,,,False,False,False,False,
778378,1,4,3109bd01-de7a-37f0-96ad-815eaab1cd91,683734,Andrew Vaughn,,,,Groundout,field_out,,True,1B,1,False,False,False,False,
778378,1,4,3109bd01-de7a-37f0-96ad-815eaab1cd91,665155,Nick Maton,1B,1B,2B,Groundout,field_out,r_adv_force,False,,,False,False,False,False,
778378,2,8,75a5196e-ec96-35e2-800f-14f37a0e211c,678246,Miguel Vargas,,,,Strikeout,strikeout,,True,1B,2,False,False,False,False,
778378,3,5,eeee4370-94e1-3d9c-9010-69563c3edcf2,665155,Nick Maton,2B,2B,3B,Wild Pitch,wild_pitch,r_adv_play,False,,,False,False,False,False,
778378,3,9,1f6b8dbf-d292-3743-afa2-a24246c36b75,665155,Nick Maton,3B,3B,score,Wild Pitch,wild_pitch,r_adv_play,False,,,True,False,True,False,668909
778378,3,9,1f6b8dbf-d292-3743-afa2-a24246c36b75,642136,Matt Thaiss,,,1B,Walk,walk,,False,,,False,False,False,False,
778378,4,1,820878a9-dfea-3e9c-8f50-9a188696c4c5,642136,Matt Thaiss,1B,1B,,Caught Stealing 2B,caught_stealing_2b,r_caught_stealing_2b,True,2B,3,False,False,False,False,
778378,5,1,724fc1f9-125f-39ca-a44b-fb66c1096171,680757,Steven Kwan,,,1B,Single,single,,False,,,False,False,False,False,
778378,6,2,2ed30838-a7d4-3cde-9855-292ad4e0616c,608070,José Ramírez,,,,Pop Out,field_out,,True,1B,1,False,False,False,False,
778378,7,6,d454b481-c063-37c5-829a-6b9b72976a46,467793,Carlos Santana,,,,Strikeout,strikeout,,True,1B,2,False,False,False,False,
778378,8,0,8b1dda3f-52f8-3961-b749-045800dbfd11,700932,Kyle Manzardo,,,score,Home Run,home_run,,False,,,True,True,True,False,686563
778378,8,0,8b1dda3f-52f8-3961-b749-045800dbfd11,680757,Steven Kwan,1B,1B,score,Home Run,home_run,r_adv_force,False,,,True,True,True,False,686563
778378,9,4,374330ca-be17-3c3a-a7d8-de655ff21b2e,666134,Nolan Jones,,,,Strikeout,strikeout,,True,1B,3,False,False,False,False,
778378,10,2,f2c1373f-8bbd-3b32-ae50-4d8b4e1a2fa3,596103,Austin Slater,,,1B,Single,single,,False,,,False,False,False,False,
778378,11,5,9d85f16f-427f-3172-ae3f-a496926848db,672820,Lenyn Sosa,,,1B,Single,single,,False,,,False,False,False,False,
778378,11,5,9d85f16f-427f-3172-ae3f-a496926848db,596103,Austin Slater,1B,1B,2B,Single,single,r_adv_force,False,,,False,False,False,False,
778378,12,4,c01a12be-a64d-36c7-8ff0-6822722aab06,681460,Brooks Baldwin,,,,Strikeout,strikeout,,True,1B,1,False,False,False,False,
778378,13,5,48dc9d3a-a782-33cb-b347-aa7941754282,572191,Michael A. Taylor,,,,Lineout,field_out,,True,1B,2,False,False,False,False,
778378,14,4,d6a925c9-1ffb-37bb-a535-232ae2da7cae,676070,Jacob Amaya,,,,Flyout,field_out,,True,1B,3,False,False,False,False,
778378,15,3,e2bcedb5-047b-373c-a225-d0950bf8ab73,678877,Jhonkensy Noel,,,,Groundout,field_out,,True,1B,1,False,False,False,False,
778378,16,1,3bda39da-5fa4-36e8-9427-cc32bd3a6abb,666310,Bo Naylor,,,,Flyout,field_out,,True,1B,2,False,False,False,False,
778378,17,1,97ff7eb3-987c-32c6-aa6d-8e030e83c2a5,682177,Daniel Schneemann,,,,Pop Out,field_out,,True,1B,3,False,False,False,False,
778378,18,6,b602bbb4-ba48-3b02-9e43-68ff6d17f9dc,665155,Nick Maton,,,,Strikeout,strikeout,,True,1B,1,False,False,False,False,
778378,19,6,b2207615-c1fd-33fe-ac00-5f66bca54d8c,683734,Andrew Vaughn,,,,Strikeout,strikeout,,True,1B,2,False,False,False,False,
778378,20,1,9b99b407-d14c-39d2-9883-4df07e907f76,678246,Miguel Vargas,,,,Flyout,field_out,,True,1B,3,False,False,False,False,
778378,21,0,4eca1153-6fb1-34a7-a23d-400e0bf2edab,677587,Brayan Rocchio,,,2B,Double,double,,False,,,False,False,False,False,
778378,22,0,530aed02-38e8-39fb-bca4-d2ee0c2d4e1f,680757,Steven Kwan,,,score,Home Run,home_run,,False,,,True,True,True,False,686563
778378,22,0,530aed02-38e8-39fb-bca4-d2ee0c2d4e1f,677587,Brayan Rocchio,2B,2B,score,Home Run,home_run,r_adv_force,False,,,True,True,True,False,686563
778378,23,2,1acd8c2d-987f-3a95-9c2a-d913f3737cf2,608070,José Ramírez,,,,Flyout,field_out,,True,1B,1,False,False,False,False,
778378,24,4,3bfeea09-20bb-3489-bda0-f76a3209929f,467793,Carlos Santana,,,1B,Walk,walk,,False,,,False,False,False,False,
778378,25,1,e17bd969-c480-3555-87d7-b8eeafe23fb2,700932,Kyle Manzardo,,,,Flyout,field_out,,True,1B,2,False,False,False,False,
778378,26,7,bbf932af-a210-3cca-a7a7-f7b03a052d0c,666134,Nolan Jones,,,,Strikeout,strikeout,,True,1B,3,False,False,False,False,
778378,27,5,1dc7fcbf-1c5f-331e-974d-3e8178ed6e55,642136,Matt Thaiss,,,,Strikeout,strikeout,,True,1B,1,False,False,False,False,
778378,28,5,d0dff66b-ccb9-3ca6-b378-47c630b95c32,596103,Austin Slater,,,,Groundout,field_out,,True,1B,2,False,False,False,False,
778378,29,4,22e318b3-c8b3-3a26-86da-e945ed5bdffd,672820,Lenyn Sosa,,,,Pop Out,field_out,,True,1B,3,False,False,False,False,
778378,30,4,815b911c-ed69-3207-963d-35abf8cc013c,678877,Jhonkensy Noel,,,1B,Single,single,,False,,,False,False,False,False,
778378,31,7,20d28c91-0d84-38de-a827-229e6d01e7ee,678877,Jhonkensy Noel,1B,1B,2B,Walk,walk,r_adv_force,False,,,False,False,False,False,
778378,31,7,20d28c91-0d84-38de-a827-229e6d01e7ee,666310,Bo Naylor,,,1B,Walk,walk,,False,,,False,False,False,False,
778378,32,4,46530d8c-c593-3257-babe-69c609e61b9c,682177,Daniel Schneemann,,,1B,Field Error,field_error,,False,,,False,False,False,False,
778378,32,4,46530d8c-c593-3257-babe-69c609e61b9c,678877,Jhonkensy Noel,2B,2B,3B,Field Error,field_error,r_adv_force,False,,,False,False,False,False,
778378,32,4,46530d8c-c593-3257-babe-69c609e61b9c,666310,Bo Naylor,1B,1B,2B,Field Error,field_error,r_adv_force,False,,,False,False,False,False,
778378,33,2,c1756cce-11c9-3743-9267-43841bb690ae,677587,Brayan Rocchio,,,,Lineout,field_out,,True,1B,1,False,False,False,False,
778378,34,2,74f5b4f5-1560-36b0-aa9c-2d474b58abb2,680757,Steven Kwan,,,1B,Single,single,,False,,,False,False,False,False,
778378,34,2,74f5b4f5-1560-36b0-aa9c-2d474b58abb2,678877,Jhonkensy Noel,3B,3B,score,Single,single,r_adv_force,False,,,True,True,True,False,686563
778378,34,2,74f5b4f5-1560-36b0-aa9c-2d474b58abb2,666310,Bo Naylor,2B,2B,3B,Single,single,r_adv_force,False,,,False,False,False,False,
778378,34,2,74f5b4f5-1560-36b0-aa9c-2d474b58abb2,682177,Daniel Schneemann,1B,1B,2B,Single,single,r_adv_force,False,,,False,False,False,False,
778378,35,7,a99b697d-642f-32b5-912f-2ce411b68b74,608070,José Ramírez,,,,Strikeout,strikeout,,True,1B,2,False,False,False,False,
778378,36,6,d1a433ee-5a7b-3c3b-8159-7b05cfb1c9dd,467793,Carlos Santana,,,,Groundout,field_out,,True,1B,3,False,False,False,False,
778378,37,3,b3252734-96b6-38fa-bba3-bc96b4ccd3e6,681460,Brooks Baldwin,,,,Groundout,field_out,,True,1B,1,False,False,False,False,
778378,38,6,bd28fa76-aa8e-376d-ae92-7b053ded0a6d,572191,Michael A. Taylor,,,1B,Walk,walk,,False,,,False,False,False,False,
778378,39,3,3ce570e9-f5b8-383f-9695-8444ea3e1025,676070,Jacob Amaya,,,,Strikeout,strikeout,,True,1B,2,False,False,False,False,
778378,40,6,e495635b-6b7c-34b5-b147-d8132c9e86fc,665155,Nick Maton,,,,Strikeout,strikeout,,True,1B,3,False,False,False,False,
778378,41,2,4a936bb2-46c7-3e7b-a72e-8356dc477bef,700932,Kyle Manzardo,,,,Flyout,field_out,,True,1B,1,False,False,False,False,
778378,42,3,a26af90f-08ed-3038-aea4-afb3d7c60c37,666134,Nolan Jones,,,,Strikeout,strikeout,,True,1B,2,False,False,False,False,
778378,43,3,2b1615bc-6d35-3ac5-a194-5f584da70029,678877,Jhonkensy Noel,,,,Pop Out,field_out,,True,1B,3,False,False,False,False,
778378,44,2,ec9d0cf6-cfba-3498-8149-024a38dd25d2,683734,Andrew Vaughn,,,,Flyout,field_out,,True,1B,1,False,False,False,False,
778378,45,3,8f2b0c71-5761-3dcb-bfe6-34f630e874db,678246,Miguel Vargas,,,,Strikeout,strikeout,,True,1B,2,False,False,False,False,
778378,46,2,6485ed2f-86fc-306c-9708-58722d043c99,642136,Matt Thaiss,,,,Flyout,field_out,,True,1B,3,False,False,False,False,
778378,47,1,989f57ed-9459-3909-9ceb-4b7ce952e3ec,666310,Bo Naylor,,,1B,Single,single,,False,,,False,False,False,False,
778378,48,4,e655b79c-a032-38fb-a7c4-06fdc2043035,666310,Bo Naylor,1B,1B,2B,Pickoff Error 1B,pickoff_error_1b,r_pickoff_error_1b,False,,,False,False,False,False,
778378,48,6,4d8648e3-b6be-30f5-988f-e68973f13499,682177,Daniel Schneemann,,,,Strikeout,strikeout,,True,1B,1,False,False,False,False,
778378,49,2,8629498f-fbbc-4549-8de7-64a244e23fde,666310,Bo Naylor,2B,2B,3B,Balk,balk,r_adv_play,False,,,False,False,False,False,
778378,49,11,639ab7a2-398f-3277-bf5e-e1dd319f416b,677587,Brayan Rocchio,,,1B,Walk,walk,,False,,,False,False,False,False,
778378,50,2,98cb228c-71b4-302e-b80b-fb4d2673742f,680757,Steven Kwan,,,1B,Single,single,,False,,,False,False,False,False,
778378,50,2,98cb228c-71b4-302e-b80b-fb4d2673742f,666310,Bo Naylor,3B,3B,score,Single,single,r_adv_play,False,,,True,True,True,False,686563
778378,50,2,98cb228c-71b4-302e-b80b-fb4d2673742f,677587,Brayan Rocchio,1B,1B,2B,Single,single,r_adv_force,False,,,False,False,False,False,
778378,51,2,0ef5854a-4a61-346c-90cf-17d66bfaa282,608070,José Ramírez,,,,Flyout,field_out,,True,1B,2,False,False,False,False,
778378,51,2,0ef5854a-4a61-346c-90cf-17d66bfaa282,677587,Brayan Rocchio,2B,2B,3B,Flyout,field_out,r_adv_play,False,,,False,False,False,False,
778378,52,2,88e42e30-34a7-3384-b97e-c130cea35d6c,677587,Brayan Rocchio,3B,3B,,Pickoff 3B,pickoff_3b,r_pickoff_3b,True,3B,3,False,False,False,False,
778378,53,5,7096cc23-03a0-3f36-a7ae-78ef0ca9420f,596103,Austin Slater,,,,Flyout,field_out,,True,1B,1,False,False,False,False,
778378,54,1,480e331c-959b-33ca-a43d-68de1fc81c7a,672820,Lenyn Sosa,,,,Flyout,field_out,,True,1B,2,False,False,False,False,
778378,55,4,f301fcbc-5577-31e5-b17a-877304127ead,681460,Brooks Baldwin,,,,Lineout,field_out,,True,1B,3,False,False,False,False,
778378,56,1,e84b54eb-d475-3ee3-84f0-0228893dc3d4,467793,Carlos Santana,,,,Groundout,field_out,,True,1B,1,False,False,False,False,
778378,57,2,f74c5925-da60-374c-a602-bf04be1fce5f,700932,Kyle Manzardo,,,,Groundout,field_out,,True,1B,2,False,False,False,False,
778378,58,2,690d3b75-00af-3081-82ad-bb8af7e75188,666134,Nolan Jones,,,1B,Single,single,,False,,,False,False,False,False,
778378,59,6,49b1ba84-dcda-3684-ac50-dec035c0edc1,666134,Nolan Jones,1B,1B,2B,Stolen Base 2B,stolen_base_2b,r_stolen_base_2b,False,,,False,False,False,False,
778378,59,7,1f8ffc69-5784-35e8-9a08-90348dcce7d6,678877,Jhonkensy Noel,,,,Flyout,field_out,,True,1B,3,False,False,False,False,
778378,60,5,7d924138-95b5-3ef9-9419-48b9f1342b96,572191,Michael A. Taylor,,,,Strikeout,strikeout,,True,1B,1,False,False,False,False,
778378,61,4,11ea715f-1381-368c-ad1e-2558a9a2c5e0,676070,Jacob Amaya,,,,Strikeout,strikeout,,True,1B,2,False,False,False,False,
778378,62,4,bdb08d3e-789f-384d-bce6-87edf91c1a97,665155,Nick Maton,,,1B,Walk,walk,,False,,,False,False,False,False,
778378,63,1,156a68ee-b2c4-330a-994c-5672b6799fed,683734,Andrew Vaughn,,,,Flyout,field_out,,True,1B,3,False,False,False,False,
778378,64,2,f394d29b-1ff5-32ab-8044-b6b315c47022,666310,Bo Naylor,,,,Pop Out,field_out,,True,1B,1,False,False,False,False,
778378,65,0,ebd47f07-7dd7-3bc4-bee4-396e010f571f,682177,Daniel Schneemann,,,,Groundout,field_out,,True,1B,2,False,False,False,False,
778378,66,0,5285fbc4-c5ad-3463-a5f4-0e7b3e47d570,677587,Brayan Rocchio,,,1B,Single,single,,False,,,False,False,False,False,
778378,67,1,3f14c0e9-9743-357b-9bf1-819d055a5e12,680757,Steven Kwan,,,,Groundout,field_out,,True,1B,3,False,False,False,False,
778378,68,5,6fccac8e-aa2a-3632-81c2-3dabddf74cde,678246,Miguel Vargas,,,,Strikeout,strikeout,,True,1B,1,False,False,False,False,
778378,69,4,4f35a4e6-b338-3898-b145-45e56e00369f,642136,Matt Thaiss,,,2B,Double,double,,False,,,False,False,False,False,
778378,70,2,5bc633f1-5db4-39fe-8105-ee5caaaadbc1,596103,Austin Slater,,,,Strikeout,strikeout,,True,1B,2,False,False,False,False,
778378,71,2,ca9c14ac-cdb0-335a-a7a7-bf1482d4568c,672820,Lenyn Sosa,,,1B,Single,single,,False,,,False,False,False,False,
778378,71,2,ca9c14ac-cdb0-335a-a7a7-bf1482d4568c,642136,Matt Thaiss,2B,2B,3B,Single,single,r_adv_play,False,,,False,False,False,False,
778378,72,0,082655ab-feca-3468-b712-ff74366c82e0,681460,Brooks Baldwin,,,,Flyout,field_out,,True,1B,3,False,False,False,False,
778373,0,5,0e824d03-5945-3e8a-822e-950d1d3ea033,670242,Matt Wallner,,,,Strikeout,strikeout,,True,1B,1,False,False,False,False,
778373,1,1,4cc31897-846e-3a7c-b53b-40a8f8b2144a,650489,Willi Castro,,,2B,Double,double,,False,,,False,False,False,False,
778373,2,3,1f2cd67a-990a-3dff-9b0c-dad8130b83cb,621043,Carlos Correa,,,,Groundout,field_out,,True,1B,2,False,False,False,False,
778373,2,3,1f2cd67a-990a-3dff-9b0c-dad8130b83cb,650489,Willi Castro,2B,2B,3B,Groundout,field_out,r_adv_play,False,,,False,False,False,False,
778373,3,6,425da3a6-9cfc-318f-9608-5a07a47cc8c6,663616,Trevor Larnach,,,,Groundout,field_out,,True,1B,3,False,False,False,False,
778373,4,3,71cd172b-dc67-3f67-87e7-2a3f9f4d467e,663697,Jonathan India,,,,Flyout,field_out,,True,1B,1,False,False,False,False,
778373,5,4,4eae26a8-11a3-3d0c-88ac-d5c471a17551,677951,Bobby Witt Jr.,,,1B,Single,single,,False,,,False,False,False,False,
778373,6,2,f920526b-953b-3616-a0a9-bfb97060d7ba,686469,Vinnie Pasquantino,,,1B,Single,single,,False,,,False,False,False,False,
778373,6,2,f920526b-953b-3616-a0a9-bfb97060d7ba,677951,Bobby Witt Jr.,1B,1B,2B,Single,single,r_adv_force,False,,,False,False,False,False,
778373,7,0,c9ba72ba-ed56-3b13-8948-a99927192d8c,521692,Salvador Perez,,,1B,Single,single,,False,,,False,False,False,False,
778373,7,0,c9ba72ba-ed56-3b13-8948-a99927192d8c,677951,Bobby Witt Jr.,2B,2B,3B,Single,single,r_adv_force,False,,,False,False,False,False,
778373,7,0,c9ba72ba-ed56-3b13-8948-a99927192d8c,677951,Bobby Witt Jr.,2B,3B,score,Single,single,r_adv_play,False,,,True,True,True,False,641927
778373,7,0,c9ba72ba-ed56-3b13-8948-a99927192d8c,686469,Vinnie Pasquantino,1B,1B,2B,Single,single,r_adv_force,False,,,False,False,False,False,
778373,8,3,03eb95f1-284c-33ec-b034-041d10c4435b,624415,Cavan Biggio,,,,Flyout,field_out,,True,1B,2,False,False,False,False,
778373,9,3,45641aa8-d6bc-36d2-81df-7e16429ca93a,672580,Maikel Garcia,,,,Strikeout,strikeout,,True,1B,3,False,False,False,False,
778373,10,3,c9a0d9f5-1f49-3147-bd22-58ead0e05258,664034,Ty France,,,score,Home Run,home_run,,False,,,True,True,True,False,608379
778373,11,3,83a210e5-162c-331b-a11d-222c2bfc2b08,680777,Ryan Jeffers,,,,Strikeout,strikeout,,True,1B,1,False,False,False,False,
778373,12,4,08d71e12-a505-3c66-8c29-4453cdc493c5,666397,Edouard Julien,,,2B,Double,double,,False,,,False,False,False,False,
778373,12,4,08d71e12-a505-3c66-8c29-4453cdc493c5,666397,Edouard Julien,,2B,3B,Error,error,r_adv_play,False,,,False,False,False,False,
778373,13,0,0178211f-c085-3f0b-9912-b541c6dce281,666397,Edouard Julien,3B,3B,,Fielders Choice Out,fielders_choice_out,r_runner_out,True,4B,2,False,False,False,False,
778373,13,0,0178211f-c085-3f0b-9912-b541c6dce281,669304,Jose Miranda,,,1B,Fielders Choice Out,fielders_choice_out,,False,,,False,False,False,False,
778373,14,4,650d27dd-a572-322a-b3dc-729b54c40741,664056,Harrison Bader,,,,Strikeout,strikeout,,True,1B,3,False,False,False,False,
778373,15,1,26a580f6-f4ef-35c6-aac2-6b7c1082683f,669004,MJ Melendez,,,,Flyout,field_out,,True,1B,1,False,False,False,False,
778373,16,0,2fc91d02-7a92-3466-af64-4e74ab7a62d3,666023,Freddy Fermin,,,,Groundout,field_out,,True,1B,2,False,False,False,False,
778373,17,5,ed920dc8-79f7-3532-ac88-f3afe4a5e83e,671221,Drew Waters,,,,Strikeout,strikeout,,True,1B,3,False,False,False,False,
778373,18,7,d42ff6ec-e2e9-34ab-a9bf-2c44edb943e1,670242,Matt Wallner,,,,Groundout,field_out,,True,1B,1,False,False,False,False,
778373,19,0,1b19978d-0594-32d5-b461-4733fd93a817,650489,Willi Castro,,,,Groundout,field_out,,True,1B,2,False,False,False,False,
778373,20,2,a6f8cbf7-7f5d-38bb-918f-7b91573b9dba,621043,Carlos Correa,,,,Flyout,field_out,,True,1B,3,False,False,False,False,
778373,21,2,17e50240-136d-30cd-b8b5-78984b4bc255,663697,Jonathan India,,,,Lineout,field_out,,True,1B,1,False,False,False,False,
778373,22,1,1205c4b1-810c-3389-a309-d70ec8811515,677951,Bobby Witt Jr.,,,2B,Double,double,,False,,,False,False,False,False,
778373,23,1,44115b1a-cdf5-3d23-a19c-ba8df9254de0,686469,Vinnie Pasquantino,,,,Groundout,field_out,,True,1B,2,False,False,False,False,
778373,24,1,3309d95c-a70d-35e6-833e-6303669c57bc,521692,Salvador Perez,,,,Groundout,field_out,,True,1B,3,False,False,False,False,
778373,25,1,537566ef-ca74-331b-b40a-dded97c30dcf,663616,Trevor Larnach,,,,Groundout,field_out,,True,1B,1,False,False,False,False,
778373,26,4,7ba84cf0-e002-3f0c-b777-a47ecdbae5a3,664034,Ty France,,,,Flyout,field_out,,True,1B,2,False,False,False,False,
778373,27,2,127b2855-c915-3c1d-96ff-83127250aed9,680777,Ryan Jeffers,,,,Flyout,field_out,,True,1B,3,False,False,False,False,
778373,28,5,761136f2-7a79-3a53-ae22-3b185169f8b9,624415,Cavan Biggio,,,,Strikeout,strikeout,,True,1B,1,False,False,False,False,
778373,29,2,570975cf-9904-3b09-a5e5-0977d0c8a159,672580,Maikel Garcia,,,,Groundout,field_out,,True,1B,2,False,False,False,False,
778373,30,2,6409fa4e-ae75-3233-8dc0-8bb899ed0e64,669004,MJ Melendez,,,,Flyout,field_out,,True,1B,3,False,False,False,False,
778373,31,6,2a802227-89a8-3849-bb82-663404584270,666397,Edouard Julien,,,1B,Walk,walk,,False,,,False,False,False,False,
778373,32,2,7d948681-1a6d-33b4-80f8-db799b4907f0,669304,Jose Miranda,,,,Lineout,field_out,,True,1B,1,False,False,False,False,
778373,33,9,8d2f368e-1b75-3b66-aeec-dcd5830c8709,664056,Harrison Bader,,,,Strikeout,strikeout,,True,1B,2,False,False,False,False,
778373,34,5,c04975e9-4027-334b-ba77-5780fbe67bd5,666397,Edouard Julien,1B,1B,2B,Walk,walk,r_adv_force,False,,,False,False,False,False,
778373,34,5,c04975e9-4027-334b-ba77-5780fbe67bd5,670242,Matt Wallner,,,1B,Walk,walk,,False,,,False,False,False,False,
778373,35,6,8e156536-d4a4-3d0b-807d-6f7e822ea54a,650489,Willi Castro,,,,Pop Out,field_out,,True,1B,3,False,False,False,False,
778373,36,1,50e45483-ef3e-3604-9d6f-a52a0c2872fd,666023,Freddy Fermin,,,1B,Single,single,,False,,,False,False,False,False,
778373,37,2,de4c6f7b-015c-36b1-a859-ae1548312e9f,671221,Drew Waters,,,,Strikeout,strikeout,,True,1B,1,False,False,False,False,
778373,38,1,b925f03c-3912-37b4-9715-59f622f10624,666023,Freddy Fermin,1B,1B,,Grounded Into DP,grounded_into_double_play,r_force_out,True,2B,2,False,False,False,False,
778373,38,1,b925f03c-3912-37b4-9715-59f622f10624,663697,Jonathan India,,,,Grounded Into DP,grounded_into_double_play,,True,1B,3,False,False,False,False,
778373,39,0,e54ff193-895b-348c-bde6-95dfba56939d,621043,Carlos Correa,,,,Groundout,field_out,,True,1B,1,False,False,False,False,
778373,40,4,3ceb091f-2fe8-3e0e-8204-36cc93ef1cfb,663616,Trevor Larnach,,,1B,Walk,walk,,False,,,False,False,False,False,
778373,41,7,523948ab-cb31-388c-a985-13c68275a074,663616,Trevor Larnach,1B,1B,2B,Walk,walk,r_adv_force,False,,,False,False,False,False,
778373,41,7,523948ab-cb31-388c-a985-13c68275a074,664034,Ty France,,,1B,Walk,walk,,False,,,False,False,False,False,
778373,42,3,c834be50-da95-35ed-b03a-70096a2d4dc1,680777,Ryan Jeffers,,,1B,Single,single,,False,,,False,False,False,False,
778373,42,3,c834be50-da95-35ed-b03a-70096a2d4dc1,663616,Trevor Larnach,2B,2B,3B,Single,single,r_adv_force,False,,,False,False,False,False,
778373,42,3,c834be50-da95-35ed-b03a-70096a2d4dc1,663616,Trevor Larnach,2B,3B,score,Single,single,r_adv_play,False,,,True,True,True,False,608379
778373,42,3,c834be50-da95-35ed-b03a-70096a2d4dc1,664034,Ty France,1B,1B,2B,Single,single,r_adv_force,False,,,False,False,False,False,
778373,42,3,c834be50-da95-35ed-b03a-70096a2d4dc1,664034,Ty France,1B,2B,3B,Single,single,r_adv_play,False,,,False,False,False,False,
778373,43,4,4960c1f1-f626-3bdd-92aa-f3388a82a0c2,666397,Edouard Julien,,,,Strikeout,strikeout,,True,1B,2,False,False,False,False,
778373,44,1,1c1842cc-216b-3f99-9065-085b3f3edd2b,669304,Jose Miranda,,,,Groundout,field_out,,True,1B,3,False,False,False,False,
778373,45,0,66866600-7e19-3c3d-9ca3-5c10878d6cff,677951,Bobby Witt Jr.,,,1B,Field Error,field_error,,False,,,False,False,False,False,
778373,46,3,389ef8df-310c-32ee-b391-f1c71119f8a0,686469,Vinnie Pasquantino,,,,Flyout,field_out,,True,1B,1,False,False,False,False,
778373,47,2,6f07f9bc-2765-3732-b6b0-f7fabfa34f1a,521692,Salvador Perez,,,,Flyout,field_out,,True,1B,2,False,False,False,False,
778373,48,2,a2b1f563-a487-300c-861d-b5d8e25a21d5,677951,Bobby Witt Jr.,1B,1B,2B,Stolen Base 2B,stolen_base_2b,r_stolen_base_2b,False,,,False,False,False,False,
778373,48,6,258aa64d-a6aa-337d-b010-0fd0498c4f5a,624415,Cavan Biggio,,,1B,Walk,walk,,False,,,False,False,False,False,
778373,49,4,fdc15c14-b10a-3302-a016-e94cefdaf48d,672580,Maikel Garcia,,,,Lineout,field_out,,True,1B,3,False,False,False,False,
778373,50,0,6858a67e-8c98-3b7b-b081-89cdd68a3dda,664056,Harrison Bader,,,,Groundout,field_out,,True,1B,1,False,False,False,False,
778373,51,5,09a2aca7-c161-3388-b490-b1344597b78e,670242,Matt Wallner,,,1B,Walk,walk,,False,,,False,False,False,False,
778373,52,8,23c165a6-99e7-33fa-a110-e72c62261a72,650489,Willi Castro,,,,Strikeout,strikeout,,True,1B,2,False,False,False,False,
778373,53,3,0a4ed833-c06b-397c-8e00-9c81513a3bf3,621043,Carlos Correa,,,,Strikeout,strikeout,,True,1B,3,False,False,False,False,
778373,54,5,b99ed621-a4e6-3560-8f47-331d0848c65e,669004,MJ Melendez,,,,Strikeout,strikeout,,True,1B,1,False,False,False,False,
778373,55,0,0b5d5585-1029-3b60-a709-37b312ac8a38,666023,Freddy Fermin,,,1B,Hit By Pitch,hit_by_pitch,,False,,,False,False,False,False,
778373,56,1,f80accef-02da-33c0-a7f3-6253937c8172,671221,Drew Waters,,,1B,Single,single,,False,,,False,False,False,False,
778373,56,1,f80accef-02da-33c0-a7f3-6253937c8172,666023,Freddy Fermin,1B,1B,2B,Single,single,r_adv_force,False,,,False,False,False,False,
778373,56,1,f80accef-02da-33c0-a7f3-6253937c8172,666023,Freddy Fermin,1B,2B,3B,Single,single,r_adv_play,False,,,False,False,False,False,
778373,57,10,52d9bd8a-7b3d-36a3-8da6-118dedfd8904,663697,Jonathan India,,,1B,Single,single,,False,,,False,False,False,False,
778373,57,10,52d9bd8a-7b3d-36a3-8da6-118dedfd8904,671221,Drew Waters,1B,1B,2B,Single,single,r_adv_force,False,,,False,False,False,False,
778373,57,10,52d9bd8a-7b3d-36a3-8da6-118dedfd8904,671221,Drew Waters,1B,2B,3B,Single,single,r_adv_play,False,,,False,False,False,False,
778373,57,10,52d9bd8a-7b3d-36a3-8da6-118dedfd8904,666023,Freddy Fermin,3B,3B,score,Single,single,r_adv_play,False,,,True,True,True,False,663485
778373,58,7,00abba01-a3a9-392a-9483-57159ce7f900,677951,Bobby Witt Jr.,,,,Sac Fly,sac_fly,,True,1B,2,False,False,False,False,
778373,58,7,00abba01-a3a9-392a-9483-57159ce7f900,671221,Drew Waters,3B,3B,score,Sac Fly,sac_fly,r_adv_play,False,,,True,True,True,False,663485
778373,59,5,b8263e5e-d414-3624-a22b-05ef800424a7,686469,Vinnie Pasquantino,,,,Lineout,field_out,,True,1B,3,False,False,False,False,
778373,60,2,db57c1f2-e084-316e-8762-6857c8969ed7,663616,Trevor Larnach,,,,Groundout,field_out,,True,1B,1,False,False,False,False,
778373,61,2,1e023668-edd6-385c-aa12-94af09d037a4,664034,Ty France,,,,Groundout,field_out,,True,1B,2,False,False,False,False,
778373,62,6,ccc0f556-ba41-3f4c-badc-160bbbadc26e,680777,Ryan Jeffers,,,,Groundout,field_out,,True,1B,3,False,False,False,False,
778373,63,5,d2200d0a-51f9-3e6d-be27-5db47f3d5597,521692,Salvador Perez,,,,Flyout,field_out,,True,1B,1,False,False,False,False,
778373,64,4,fa49c0c6-b101-3945-9aae-89429835cb84,624415,Cavan Biggio,,,1B,Walk,walk,,False,,,False,False,False,False,
778373,65,3,bc38e288-16dc-4b37-8998-a0ba4b194be4,686475,Tyler Tolbert,1B,1B,3B,Pickoff Error 1B,pickoff_error_1b,r_pickoff_error_1b,False,,,False,False,False,False,
778373,65,6,2f9f3625-f29a-3021-92de-8643484568c0,672580,Maikel Garcia,,,,Strikeout,strikeout,,True,1B,2,False,False,False,False,
778373,66,3,39241adf-978e-3052-a55f-2164cb0f6494,669004,MJ Melendez,,,,Pop Out,field_out,,True,1B,3,False,False,False,False,
778373,67,4,1b99acac-bd4c-38ba-b231-6381139e586e,666397,Edouard Julien,,,,Flyout,field_out,,True,1B,1,False,False,False,False,
778373,68,5,423ff272-1317-3579-b485-3c14a49cdcec,681508,Mickey Gasper,,,1B,Single,single,,False,,,False,False,False,False,
778373,69,1,a6b6a783-1a43-3bad-be9b-62affa12826d,680577,DaShawn Keirsey Jr.,1B,1B,2B,Hit By Pitch,hit_by_pitch,r_adv_force,False,,,False,False,False,False,
778373,69,1,a6b6a783-1a43-3bad-be9b-62affa12826d,664056,Harrison Bader,,,1B,Hit By Pitch,hit_by_pitch,,False,,,False,False,False,False,
778373,70,4,41e65b2b-445f-3fee-b166-4c40b8cfe633,670242,Matt Wallner,,,,Strikeout,strikeout,,True,1B,2,False,False,False,False,
778373,71,1,46386a95-ada2-36e5-bb55-d90813932140,650489,Willi Castro,,,,Groundout,field_out,,True,1B,3,False,False,False,False,
778371,0,7,0148398a-b1c3-31d7-9e30-a9af4e6c4890,668930,Brice Turang,,,,Lineout,field_out,,True,1B,1,False,False,False,False,
778371,1,1,3b8a59b9-8444-3e1c-9dcb-8a87f0bb1ed1,694192,Jackson Chourio,,,,Flyout,field_out,,True,1B,2,False,False,False,False,
778371,2,2,bce53e34-6761-3b73-8372-221ea7c41357,592885,Christian Yelich,,,,Groundout,field_out,,True,1B,3,False,False,False,False,
778371,3,3,6464d533-294e-35e6-b2e8-e47f36226ff3,686668,Brenton Doyle,,,score,Home Run,home_run,,False,,,True,True,True,False,682990
778371,4,3,89f8d35c-a311-3f2d-88c1-458af9f2485b,691728,Zac Veen,,,,Groundout,field_out,,True,1B,1,False,False,False,False,
778371,5,1,dbcf5da1-f780-3806-b7fd-44d581ecd100,571657,Kyle Farmer,,,1B,Single,single,,False,,,False,False,False,False,
778371,6,3,f69cff8b-3ebe-33a9-bf68-54bbf7b4d89b,641857,Ryan McMahon,,,,Strikeout,strikeout,,True,1B,2,False,False,False,False,
778371,7,2,1e05e78c-b44c-3aa5-b67e-617d6a228709,571657,Kyle Farmer,1B,1B,,Forceout,force_out,r_force_out,True,2B,3,False,False,False,False,
778371,7,2,1e05e78c-b44c-3aa5-b67e-617d6a228709,605361,Nick Martini,,,1B,Forceout,force_out,,False,,,False,False,False,False,
778371,8,6,6f2e0c6d-63f4-3d2e-8489-b9632b5b3c1c,661388,William Contreras,,,,Strikeout,strikeout,,True,1B,1,False,False,False,False,
778371,9,4,29ed2c67-1bdc-31fe-8c23-837ba495f3af,669003,Garrett Mitchell,,,,Groundout,field_out,,True,1B,2,False,False,False,False,
778371,10,3,a3002ab3-be3a-3824-bde6-691e1a43b2ec,641343,Jake Bauers,,,,Strikeout,strikeout,,True,1B,3,False,False,False,False,
778371,11,6,b25463b0-353f-355e-82cf-8ff74c7fb506,669911,Michael Toglia,,,,Groundout,field_out,,True,1B,1,False,False,False,False,
778371,12,3,b1e50e1c-68a3-396c-8548-b14715e5bc6f,671289,Tyler Freeman,,,1B,Walk,walk,,False,,,False,False,False,False,
778371,13,3,c9507b9d-bc1d-3206-bffe-b788c6cd6741,671289,Tyler Freeman,1B,1B,2B,Stolen Base 2B,stolen_base_2b,r_stolen_base_2b,False,,,False,False,False,False,
778371,13,6,4e7130c5-62e1-3bc3-8608-10f69a3f7af0,666160,Mickey Moniak,,,,Lineout,field_out,,True,1B,2,False,False,False,False,
778371,14,5,793182b8-3a68-3053-bee5-415f6f495c0b,607732,Jacob Stallings,,,,Strikeout,strikeout,,True,1B,3,False,False,False,False,
778371,15,1,ecac0a77-2820-30f0-aaeb-0fe558e5b984,687401,Joey Ortiz,,,,Flyout,field_out,,True,1B,1,False,False,False,False,
778371,16,6,30a28a38-4ffb-336b-9dc3-1663505135f0,686554,Oliver Dunn,,,2B,Double,double,,False,,,False,False,False,False,
778371,17,4,6c0a562f-03a2-3f70-96b2-89052b743111,606992,Eric Haase,,,,Strikeout,strikeout,,True,1B,2,False,False,False,False,
778371,18,0,5817c41a-38ca-3861-960c-01913a5c88e2,668930,Brice Turang,,,1B,Field Error,field_error,,False,,,False,False,False,False,
778371,18,0,5817c41a-38ca-3861-960c-01913a5c88e2,686554,Oliver Dunn,2B,2B,3B,Field Error,field_error,r_adv_play,False,,,False,False,False,False,
778371,19,0,9e9a7ad6-8531-33b8-b841-d3d4e49b0401,694192,Jackson Chourio,,,,Groundout,field_out,,True,1B,3,False,False,False,False,
778371,20,0,4bba990d-04cf-3c7d-91d3-cc64e4b1b3cc,686668,Brenton Doyle,,,1B,Single,single,,False,,,False,False,False,False,
778371,21,0,199dc2f1-4134-37b2-b2e9-76dbd807c386,686668,Brenton Doyle,1B,1B,,Forceout,force_out,r_force_out,True,2B,1,False,False,False,False,
778371,21,0,199dc2f1-4134-37b2-b2e9-76dbd807c386,691728,Zac Veen,,,1B,Forceout,force_out,,False,,,False,False,False,False,
778371,22,4,b65f47c1-bd93-3b35-b1c7-57344df46673,691728,Zac Veen,1B,1B,,Caught Stealing 2B,caught_stealing_2b,r_caught_stealing_2b,True,2B,2,False,False,False,False,
778371,22,5,7298b332-ece3-3e61-bfa6-8dab619421e4,571657,Kyle Farmer,,,1B,Walk,walk,,False,,,False,False,False,False,
778371,23,5,a32c6746-6a7a-3535-a762-c6ab84b002a0,641857,Ryan McMahon,,,1B,Single,single,,False,,,False,False,False,False,
778371,23,5,a32c6746-6a7a-3535-a762-c6ab84b002a0,571657,Kyle Farmer,1B,1B,2B,Single,single,r_adv_force,False,,,False,False,False,False,
778371,23,5,a32c6746-6a7a-3535-a762-c6ab84b002a0,571657,Kyle Farmer,1B,2B,3B,Single,single,r_adv_play,False,,,False,False,False,False,
778371,24,3,c3806794-17e7-3751-a28c-53ac3f78d446,605361,Nick Martini,,,,Lineout,field_out,,True,1B,3,False,False,False,False,
778371,25,1,54665a03-a61e-3ead-a44e-ac144437ca71,592885,Christian Yelich,,,2B,Double,double,,False,,,False,False,False,False,
778371,26,5,e8d2c308-253f-3c7c-a3b7-24cb46d276a8,661388,William Contreras,,,2B,Double,double,,False,,,False,False,False,False,
778371,26,5,e8d2c308-253f-3c7c-a3b7-24cb46d276a8,592885,Christian Yelich,2B,2B,3B,Double,double,r_adv_force,False,,,False,False,False,False,
778371,26,5,e8d2c308-253f-3c7c-a3b7-24cb46d276a8,592885,Christian Yelich,2B,3B,score,Double,double,r_adv_play,False,,,True,True,True,False,663372
778371,27,5,ef149582-9252-3913-afe4-da9e93ebc866,669003,Garrett Mitchell,,,1B,Walk,walk,,False,,,False,False,False,False,
778371,28,3,9e26d8b5-4d93-3280-94a0-b6fc6b177c77,661388,William Contreras,2B,2B,3B,Walk,walk,r_adv_force,False,,,False,False,False,False,
778371,28,3,9e26d8b5-4d93-3280-94a0-b6fc6b177c77,669003,Garrett Mitchell,1B,1B,2B,Walk,walk,r_adv_force,False,,,False,False,False,False,
778371,28,3,9e26d8b5-4d93-3280-94a0-b6fc6b177c77,641343,Jake Bauers,,,1B,Walk,walk,,False,,,False,False,False,False,
778371,29,5,23ec8015-424b-379b-9bf4-bc3e703266ad,687401,Joey Ortiz,,,,Lineout,field_out,,True,1B,1,False,False,False,False,
778371,30,2,302e42c7-3221-33e0-a585-e1b1a5063241,686554,Oliver Dunn,,,,Strikeout,strikeout,,True,1B,2,False,False,False,False,
778371,31,4,6acaaa91-d77c-3d92-90ba-806811db284f,606992,Eric Haase,,,,Strikeout,strikeout,,True,1B,3,False,False,False,False,
778371,32,0,8678016c-88ca-31f2-b5a9-88b522ea8920,669911,Michael Toglia,,,1B,Single,single,,False,,,False,False,False,False,
778371,33,2,2e4b0195-4d67-3e62-a7c7-fa06d20b9fe1,669911,Michael Toglia,1B,1B,,Grounded Into DP,grounded_into_double_play,r_force_out,True,2B,1,False,False,False,False,
778371,33,2,2e4b0195-4d67-3e62-a7c7-fa06d20b9fe1,671289,Tyler Freeman,,,,Grounded Into DP,grounded_into_double_play,,True,1B,2,False,False,False,False,
778371,34,1,a6998c8b-cce5-33ab-972c-0379112b539d,666160,Mickey Moniak,,,2B,Double,double,,False,,,False,False,False,False,
778371,35,5,e5db555d-cf59-34d0-bfeb-9c1ebb7363ec,607732,Jacob Stallings,,,,Strikeout,strikeout,,True,1B,3,False,False,False,False,
778371,36,6,dbd259ae-32d6-36eb-8537-341ab072a036,668930,Brice Turang,,,,Groundout,field_out,,True,1B,1,False,False,False,False,
778371,37,2,ea214f7a-f3b6-33cb-92a9-2fea73191602,694192,Jackson Chourio,,,,Strikeout,strikeout,,True,1B,2,False,False,False,False,
778371,38,1,413fd39e-b26a-36d6-abc4-a857953f2d4c,592885,Christian Yelich,,,,Groundout,field_out,,True,1B,3,False,False,False,False,
778371,39,3,c8da7bfd-d886-319b-b89a-e0214fb27627,686668,Brenton Doyle,,,,Strikeout,strikeout,,True,1B,1,False,False,False,False,
778371,40,2,d5c6ea68-62f2-3a27-b005-86c3d6956628,691728,Zac Veen,,,,Groundout,field_out,,True,1B,2,False,False,False,False,
778371,41,2,e1dca221-ddca-33dc-9e62-b66c9a6397c2,571657,Kyle Farmer,,,,Flyout,field_out,,True,1B,3,False,False,False,False,
778371,42,0,4a54cf5d-f05d-31c8-842b-fb40ff6b8d16,661388,William Contreras,,,,Groundout,field_out,,True,1B,1,False,False,False,False,
778371,43,4,1aea141e-5789-3259-9f60-cddff002195d,669003,Garrett Mitchell,,,,Strikeout,strikeout,,True,1B,2,False,False,False,False,
778371,44,0,4fec8448-ebfe-3978-867f-7db4bf0a11d9,641343,Jake Bauers,,,,Pop Out,field_out,,True,1B,3,False,False,False,False,
778371,45,3,608d0901-ae41-371b-b583-93da94060575,641857,Ryan McMahon,,,,Groundout,field_out,,True,1B,1,False,False,False,False,
778371,46,6,2fbb618c-5e7a-3def-a8f4-a26e7664651f,656248,Sean Bouchard,,,,Strikeout,strikeout,,True,1B,2,False,False,False,False,
778371,47,5,57a4d2b3-6466-3570-8280-ff08b0bdc1dc,669911,Michael Toglia,,,1B,Single,single,,False,,,False,False,False,False,
778371,48,3,a828adb9-8da1-3253-81f2-3a7c7e194d9c,671289,Tyler Freeman,,,,Flyout,field_out,,True,1B,3,False,False,False,False,
778371,49,5,ef8a3627-d61a-338c-8c23-e9524026600a,687401,Joey Ortiz,,,1B,Walk,walk,,False,,,False,False,False,False,
778371,50,1,5efcb9b1-0c00-3f68-929e-e389fc6c6c5b,686554,Oliver Dunn,,,,Groundout,field_out,,True,1B,1,False,False,False,False,
778371,50,1,5efcb9b1-0c00-3f68-929e-e389fc6c6c5b,687401,Joey Ortiz,1B,1B,2B,Groundout,field_out,r_adv_force,False,,,False,False,False,False,
778371,51,6,7e1b8a96-459c-326c-bc68-b4d630d010b8,606992,Eric Haase,,,,Pop Out,field_out,,True,1B,2,False,False,False,False,
778371,52,4,5db3e005-9c5f-3b7b-8db7-40db01d2ccdc,668930,Brice Turang,,,,Strikeout,strikeout,,True,1B,3,False,False,False,False,
778371,53,6,ddb71312-3b40-3499-9032-1eeeb4524c17,666160,Mickey Moniak,,,1B,Walk,walk,,False,,,False,False,False,False,
778371,54,4,cfb81cb7-9186-3350-824a-86a17c0a637a,607732,Jacob Stallings,,,,Sac Bunt,sac_bunt,,True,1B,1,False,False,False,False,
778371,54,4,cfb81cb7-9186-3350-824a-86a17c0a637a,666160,Mickey Moniak,1B,1B,2B,Sac Bunt,sac_bunt,r_adv_force,False,,,False,False,False,False,
778371,55,3,08fbcc94-c61e-3006-99b7-9b1f5c5912e5,686668,Brenton Doyle,,,1B,Single,single,,False,,,False,False,False,False,
778371,55,3,08fbcc94-c61e-3006-99b7-9b1f5c5912e5,666160,Mickey Moniak,2B,2B,score,Single,single,r_adv_play,False,,,True,True,True,False,682842
778371,56,4,757acd9e-a377-35bc-87bd-d33bc01d18fc,691728,Zac Veen,,,,Groundout,field_out,,True,1B,2,False,False,False,False,
778371,56,4,757acd9e-a377-35bc-87bd-d33bc01d18fc,686668,Brenton Doyle,1B,1B,2B,Groundout,field_out,r_adv_force,False,,,False,False,False,False,
778371,57,1,67c53a1e-a019-347c-9242-73401d809407,686668,Brenton Doyle,2B,2B,3B,Wild Pitch,wild_pitch,r_adv_play,False,,,False,False,False,False,
778371,57,3,cdd2fbb9-b45b-354f-8a8e-6762c5668eef,571657,Kyle Farmer,,,,Flyout,field_out,,True,1B,3,False,False,False,False,
778371,58,2,b107e9e9-42b4-3a23-8442-fe6f33b96a84,694192,Jackson Chourio,,,1B,Single,single,,False,,,False,False,False,False,
778371,59,10,ec48236c-8adf-3c65-a6ef-a6a37770a91a,694192,Jackson Chourio,1B,1B,2B,Walk,walk,r_adv_force,False,,,False,False,False,False,
778371,59,10,ec48236c-8adf-3c65-a6ef-a6a37770a91a,592885,Christian Yelich,,,1B,Walk,walk,,False,,,False,False,False,False,
778371,60,7,e141252f-2f85-37b9-910e-964720bc51e5,694192,Jackson Chourio,2B,2B,3B,Walk,walk,r_adv_force,False,,,False,False,False,False,
778371,60,7,e141252f-2f85-37b9-910e-964720bc51e5,592885,Christian Yelich,1B,1B,2B,Walk,walk,r_adv_force,False,,,False,False,False,False,
778371,60,7,e141252f-2f85-37b9-910e-964720bc51e5,661388,William Contreras,,,1B,Walk,walk,,False,,,False,False,False,False,
778371,61,3,8dba3a55-9511-3cc3-8e50-b7b661ab23a5,661388,William Contreras,1B,1B,,Grounded Into DP,grounded_into_double_play,r_force_out,True,2B,1,False,False,False,False,
778371,61,3,8dba3a55-9511-3cc3-8e50-b7b661ab23a5,686555,Isaac Collins,,,,Grounded Into DP,grounded_into_double_play,,True,1B,2,False,False,False,False,
778371,61,3,8dba3a55-9511-3cc3-8e50-b7b661ab23a5,694192,Jackson Chourio,3B,3B,score,Grounded Into DP,grounded_into_double_play,r_adv_force,False,,,True,False,True,False,656234
778371,61,3,8dba3a55-9511-3cc3-8e50-b7b661ab23a5,592885,Christian Yelich,2B,2B,3B,Grounded Into DP,grounded_into_double_play,r_adv_force,False,,,False,False,False,False,
778371,62,5,6d4773f6-cfc0-3286-bf25-fc4753e33825,656555,Rhys Hoskins,,,,Strikeout,strikeout,,True,1B,3,False,False,False,False,
778371,63,8,5a10e3eb-cc50-357f-af29-50a919ba1344,641857,Ryan McMahon,,,2B,Double,double,,False,,,False,False,False,False,
778371,64,3,80c330ba-352a-3283-872d-629d9893044f,656248,Sean Bouchard,,,1B,Walk,walk,,False,,,False,False,False,False,
778371,65,3,08524b07-d7a3-3d9e-ba1a-db3cddfcb83c,669911,Michael Toglia,,,2B,Double,double,,False,,,False,False,False,False,
778371,65,3,08524b07-d7a3-3d9e-ba1a-db3cddfcb83c,641857,Ryan McMahon,2B,2B,score,Double,double,r_adv_force,False,,,True,True,True,False,606303
778371,65,3,08524b07-d7a3-3d9e-ba1a-db3cddfcb83c,656248,Sean Bouchard,1B,1B,3B,Double,double,r_adv_force,False,,,False,False,False,False,
778371,66,3,1b50d7df-7bc0-3439-b03c-eaa2985c90e6,671289,Tyler Freeman,,,,Groundout,field_out,,True,1B,1,False,False,False,False,
778371,67,3,07783716-0686-1033-000c-f08cd117d70a,666160,Mickey Moniak,,,1B,Intent Walk,intent_walk,,False,,,False,False,False,False,
778371,68,6,a63fb8b7-7ec5-3250-95e1-410fa2662fc1,592178,Kris Bryant,,,,Strikeout,strikeout,,True,1B,2,False,False,False,False,
778371,69,3,a6939786-1cdc-351c-b707-5491ad4029ed,686668,Brenton Doyle,,,2B,Double,double,,False,,,False,False,False,False,
778371,69,3,a6939786-1cdc-351c-b707-5491ad4029ed,666160,Mickey Moniak,1B,1B,3B,Double,double,r_adv_force,False,,,False,False,False,False,
778371,69,3,a6939786-1cdc-351c-b707-5491ad4029ed,666160,Mickey Moniak,1B,3B,score,Double,double,r_adv_play,False,,,True,True,True,False,606303
778371,69,3,a6939786-1cdc-351c-b707-5491ad4029ed,656248,Sean Bouchard,3B,3B,score,Double,double,r_adv_force,False,,,True,True,True,False,606303
778371,69,3,a6939786-1cdc-351c-b707-5491ad4029ed,669911,Michael Toglia,2B,2B,score,Double,double,r_adv_force,False,,,True,True,True,False,606303
778371,70,7,ba4dbfda-0512-3dfd-aa18-464e5496d4a1,691728,Zac Veen,,,2B,Double,double,,False,,,False,False,False,False,
778371,70,7,ba4dbfda-0512-3dfd-aa18-464e5496d4a1,686668,Brenton Doyle,2B,2B,3B,Double,double,r_adv_force,False,,,False,False,False,False,
778371,70,7,ba4dbfda-0512-3dfd-aa18-464e5496d4a1,686668,Brenton Doyle,2B,3B,score,Double,double,r_adv_play,False,,,True,True,True,False,606303
778371,71,9,f4338d82-2aff-33e1-8c7b-8f3f6ba7a752,571657,Kyle Farmer,,,,Strikeout,strikeout,,True,1B,3,False,False,False,False,
778371,72,5,761d9a97-2f5e-315c-9123-b23a3f5711f9,687401,Joey Ortiz,,,1B,Walk,walk,,False,,,False,False,False,False,
778371,73,1,f3676ed1-1064-335a-9029-c70b7d8671d4,686554,Oliver Dunn,,,,Groundout,field_out,,True,1B,1,False,False,False,False,
778371,73,1,f3676ed1-1064-335a-9029-c70b7d8671d4,687401,Joey Ortiz,1B,1B,2B,Groundout,field_out,r_adv_force,False,,,False,False,False,False,
778371,74,2,2a3bc91d-340e-3e38-96e8-05616cb00855,687401,Joey Ortiz,2B,2B,3B,Wild Pitch,wild_pitch,r_adv_play,False,,,False,False,False,False,
778371,74,7,931c516a-a804-3478-a0d2-363597c26932,681962,Vinny Capra,,,,Strikeout,strikeout,,True,1B,2,False,False,False,False,
778371,75,0,5c0a8573-7cae-3e00-9f8a-e097f1be4a5f,668930,Brice Turang,,,,Groundout,field_out,,True,1B,3,False,False,False,False,
778377,0,3,078c6d1d-ddb5-3d32-bf05-f6bb7a655c99,666182,Bo Bichette,,,1B,Single,single,,False,,,False,False,False,False,
778377,1,6,59a8b3a7-4c5e-34a8-bd4c-4c66851e8b20,665926,Andrés Giménez,,,,Strikeout,strikeout,,True,1B,1,False,False,False,False,
778377,2,3,1406a114-0e45-398c-9377-a1eca79f1ae8,623993,Anthony Santander,,,1B,Single,single,,False,,,False,False,False,False,
778377,2,3,1406a114-0e45-398c-9377-a1eca79f1ae8,666182,Bo Bichette,1B,1B,2B,Single,single,r_adv_force,False,,,False,False,False,False,
778377,3,0,c29375c3-e817-3f16-b151-fea8ddced131,623993,Anthony Santander,1B,1B,,Grounded Into DP,grounded_into_double_play,r_force_out,True,2B,2,False,False,False,False,
778377,3,0,c29375c3-e817-3f16-b151-fea8ddced131,543807,George Springer,,,,Grounded Into DP,grounded_into_double_play,,True,1B,3,False,False,False,False,
778377,4,6,0a3ed2fd-4d96-3b18-aeb5-0587716860f6,680776,Jarren Duran,,,,Strikeout,strikeout,,True,1B,1,False,False,False,False,
778377,5,1,07568250-c463-3063-8072-6c52a171940f,646240,Rafael Devers,,,1B,Single,single,,False,,,False,False,False,False,
778377,6,2,5d7f25d5-6d9d-375c-9d49-54c65eddb6af,608324,Alex Bregman,,,,Pop Out,field_out,,True,1B,2,False,False,False,False,
778377,7,6,0ce5501d-3525-3f54-9082-286efc026bd4,671213,Triston Casas,,,,Strikeout,strikeout,,True,1B,3,False,False,False,False,
778377,8,7,8b73919c-734c-3543-8f0b-246c3706737d,695238,Will Wagner,,,,Flyout,field_out,,True,1B,1,False,False,False,False,
778377,9,1,776813f6-904b-352b-b644-797f98b2c272,676391,Ernie Clement,,,,Lineout,field_out,,True,1B,2,False,False,False,False,
778377,10,2,e83a0b63-4447-33be-b2e1-768d49c37a14,702176,Alan Roden,,,1B,Single,single,,False,,,False,False,False,False,
778377,11,4,d9f04265-b96f-3e38-afbf-e3ef9b65b8d5,623168,Tyler Heineman,,,1B,Single,single,,False,,,False,False,False,False,
778377,11,4,d9f04265-b96f-3e38-afbf-e3ef9b65b8d5,702176,Alan Roden,1B,1B,2B,Single,single,r_adv_force,False,,,False,False,False,False,
778377,11,4,d9f04265-b96f-3e38-afbf-e3ef9b65b8d5,702176,Alan Roden,1B,2B,3B,Error,error,r_adv_play,False,,,False,False,False,False,
778377,12,2,3346223b-1ed0-38bb-8f5c-568dabd671ac,664770,Nathan Lukes,,,,Lineout,field_out,,True,1B,3,False,False,False,False,
778377,13,1,34041153-a7c8-33f0-896a-dcd2e0f754c2,596115,Trevor Story,,,1B,Single,single,,False,,,False,False,False,False,
778377,14,2,38fd8851-e18b-30c9-a5bf-146b4e244961,596115,Trevor Story,1B,1B,2B,Stolen Base 2B,stolen_base_2b,r_stolen_base_2b,False,,,False,False,False,False,
778377,14,3,5523944c-5c46-3bc9-8ae6-32f208aca637,692225,Kristian Campbell,,,,Pop Out,field_out,,True,1B,1,False,False,False,False,
778377,15,5,bd80cea7-a704-38d5-b345-58373c4f336f,677800,Wilyer Abreu,,,,Strikeout,strikeout,,True,1B,2,False,False,False,False,
778377,16,4,55e4f8d2-ba27-328f-a53c-57d72c144950,678882,Ceddanne Rafaela,,,,Pop Out,field_out,,True,1B,3,False,False,False,False,
778377,17,2,9872be6c-7e5e-376a-bf7a-7f32e6fe91f7,666182,Bo Bichette,,,,Pop Out,field_out,,True,1B,1,False,False,False,False,
778377,18,1,d4d0d67b-47a6-31fc-9378-a4e0556e2233,665926,Andrés Giménez,,,,Groundout,field_out,,True,1B,2,False,False,False,False,
778377,19,6,aaa70b20-b18d-32fe-b737-41b3a54af4ec,623993,Anthony Santander,,,,Strikeout,strikeout,,True,1B,3,False,False,False,False,
778377,20,4,8bf06093-4140-38f3-a162-d969b0a86f4b,665966,Carlos Narváez,,,,Strikeout,strikeout,,True,1B,1,False,False,False,False,
778377,21,2,b53dbe2a-a5ea-31ad-a4ef-2453565d5a87,680776,Jarren Duran,,,1B,Single,single,,False,,,False,False,False,False,
778377,22,3,3fd48bb4-fa15-3f85-95c5-7d86d2a87c10,680776,Jarren Duran,1B,1B,,Grounded Into DP,grounded_into_double_play,r_force_out,True,2B,2,False,False,False,False,
778377,22,3,3fd48bb4-fa15-3f85-95c5-7d86d2a87c10,646240,Rafael Devers,,,,Grounded Into DP,grounded_into_double_play,,True,1B,3,False,False,False,False,
778377,23,5,4b15e940-ae7d-35e7-8afe-d1e426f06a8c,543807,George Springer,,,,Groundout,field_out,,True,1B,1,False,False,False,False,
778377,24,2,48884f81-2df2-3c93-a79c-e771584a0f1d,695238,Will Wagner,,,,Strikeout,strikeout,,True,1B,2,False,False,False,False,
778377,25,1,c3407fd9-dde5-39af-a630-3f9a55e114e3,676391,Ernie Clement,,,,Lineout,field_out,,True,1B,3,False,False,False,False,
778377,26,2,117e0c58-1400-390f-b146-aac4f365de41,608324,Alex Bregman,,,,Lineout,field_out,,True,1B,1,False,False,False,False,
778377,27,4,483e03e2-3cac-38e7-9f15-4f7e11a93071,671213,Triston Casas,,,,Lineout,field_out,,True,1B,2,False,False,False,False,
778377,28,6,61134c21-ae94-33ca-8bfb-a8ff3adbbff9,596115,Trevor Story,,,,Strikeout,strikeout,,True,1B,3,False,False,False,False,
778377,29,5,88d81d5b-e4b3-3033-8e2c-f59fb0266a82,702176,Alan Roden,,,,Strikeout,strikeout,,True,1B,1,False,False,False,False,
778377,30,0,5006da3a-e875-3ec3-be8e-490c7520edd8,623168,Tyler Heineman,,,,Pop Out,field_out,,True,1B,2,False,False,False,False,
778377,31,2,ec32d4b2-db3a-35c3-ac55-2caf82ec6ce2,664770,Nathan Lukes,,,1B,Hit By Pitch,hit_by_pitch,,False,,,False,False,False,False,
778377,32,6,202ff882-eeee-3fc6-a5f2-41434dee34db,666182,Bo Bichette,,,,Strikeout,strikeout,,True,1B,3,False,False,False,False,
778377,33,0,98f60564-67fb-364b-a49d-c7a1e13475ed,692225,Kristian Campbell,,,,Pop Out,field_out,,True,1B,1,False,False,False,False,
778377,34,6,9e64cb32-46d8-35a3-827c-2fbe063f7a89,677800,Wilyer Abreu,,,,Lineout,field_out,,True,1B,2,False,False,False,False,
778377,35,0,689ff35d-de47-3c45-9b83-341c206f956d,678882,Ceddanne Rafaela,,,,Groundout,field_out,,True,1B,3,False,False,False,False,
778377,36,3,d79ccab8-4005-3506-a793-02754d683a5c,665926,Andrés Giménez,,,,Strikeout,strikeout,,True,1B,1,False,False,False,False,
778377,37,10,f8c4673f-80b7-3ad8-ba8c-ddda15aaf13d,623993,Anthony Santander,,,,Strikeout,strikeout,,True,1B,2,False,False,False,False,
778377,38,0,6e6a1e1e-dac9-369f-b0f9-7603916aa55b,543807,George Springer,,,,Groundout,field_out,,True,1B,3,False,False,False,False,
778377,39,3,da41bd44-5778-30aa-8b1b-a88b62d13637,665966,Carlos Narváez,,,,Flyout,field_out,,True,1B,1,False,False,False,False,
778377,40,5,b036e213-c247-3991-ad2f-f7516ee1aa4d,680776,Jarren Duran,,,1B,Walk,walk,,False,,,False,False,False,False,
778377,41,1,e2e642c0-4d31-32f3-ad66-acbc16bae59a,680776,Jarren Duran,1B,1B,2B,Stolen Base 2B,stolen_base_2b,r_stolen_base_2b,False,,,False,False,False,False,
778377,41,6,10c94ce3-280b-3499-a0fe-5ff984e56642,646240,Rafael Devers,,,,Flyout,field_out,,True,1B,2,False,False,False,False,
778377,41,6,10c94ce3-280b-3499-a0fe-5ff984e56642,680776,Jarren Duran,2B,2B,3B,Flyout,field_out,r_adv_play,False,,,False,False,False,False,
778377,42,2,c38a30c9-d332-3827-b2d5-626e957442f4,608324,Alex Bregman,,,1B,Single,single,,False,,,False,False,False,False,
778377,42,2,c38a30c9-d332-3827-b2d5-626e957442f4,680776,Jarren Duran,3B,3B,score,Single,single,r_adv_play,False,,,True,True,True,False,605135
778377,43,6,df7258ad-1be4-370c-9419-40b89623055b,671213,Triston Casas,,,1B,Single,single,,False,,,False,False,False,False,
778377,43,6,df7258ad-1be4-370c-9419-40b89623055b,608324,Alex Bregman,1B,1B,2B,Single,single,r_adv_force,False,,,False,False,False,False,
778377,44,10,49b20bd3-ba26-35b4-830f-ee1d85d35f39,596115,Trevor Story,,,,Strikeout,strikeout,,True,1B,3,False,False,False,False,
778377,45,3,bc874484-00e2-34f6-b291-2c2056ac138f,695238,Will Wagner,,,1B,Walk,walk,,False,,,False,False,False,False,
778377,46,0,6579f0e2-0378-3a61-8852-95a45c88eecb,676391,Ernie Clement,,,,Flyout,field_out,,True,1B,1,False,False,False,False,
778377,47,7,7f3cf541-5da7-3e36-a044-dd117c779d49,664702,Myles Straw,,,1B,Single,single,,False,,,False,False,False,False,
778377,47,7,7f3cf541-5da7-3e36-a044-dd117c779d49,695238,Will Wagner,1B,1B,2B,Single,single,r_adv_force,False,,,False,False,False,False,
778377,48,1,e3c13d11-b95f-3a9e-9333-b3f30bce5d94,623168,Tyler Heineman,,,1B,Single,single,,False,,,False,False,False,False,
778377,48,1,e3c13d11-b95f-3a9e-9333-b3f30bce5d94,695238,Will Wagner,2B,2B,3B,Single,single,r_adv_force,False,,,False,False,False,False,
778377,48,1,e3c13d11-b95f-3a9e-9333-b3f30bce5d94,695238,Will Wagner,2B,3B,score,Single,single,r_adv_play,False,,,True,True,True,False,621111
778377,48,1,e3c13d11-b95f-3a9e-9333-b3f30bce5d94,664702,Myles Straw,1B,1B,2B,Single,single,r_adv_force,False,,,False,False,False,False,
778377,48,1,e3c13d11-b95f-3a9e-9333-b3f30bce5d94,664702,Myles Straw,1B,2B,3B,Single,single,r_adv_play,False,,,False,False,False,False,
778377,49,4,f51e1fdc-fbac-3337-b1c4-5d5adf48fec5,623168,Tyler Heineman,1B,1B,,Forceout,force_out,r_force_out,True,2B,2,False,False,False,False,
778377,49,4,f51e1fdc-fbac-3337-b1c4-5d5adf48fec5,665489,Vladimir Guerrero Jr.,,,1B,Forceout,force_out,,False,,,False,False,False,False,
778377,49,4,f51e1fdc-fbac-3337-b1c4-5d5adf48fec5,665489,Vladimir Guerrero Jr.,,1B,2B,Error,error,r_adv_play,False,,,False,False,False,False,
778377,49,4,f51e1fdc-fbac-3337-b1c4-5d5adf48fec5,664702,Myles Straw,3B,3B,score,Error,error,r_adv_play,False,,,True,True,True,False,458677
778377,50,3,07783776-0516-1033-000c-f08cd117d70a,666182,Bo Bichette,,,1B,Intent Walk,intent_walk,,False,,,False,False,False,False,
778377,51,2,6074ba8c-2a2f-372e-ab9f-81df2f40317a,665926,Andrés Giménez,,,,Groundout,field_out,,True,1B,3,False,False,False,False,
778377,52,10,0bb425ee-5134-3733-991b-fa05cec0c63a,692225,Kristian Campbell,,,1B,Walk,walk,,False,,,False,False,False,False,
778377,53,4,922e085e-f8c6-3df0-a08a-0381a26b7319,677800,Wilyer Abreu,,,,Flyout,field_out,,True,1B,1,False,False,False,False,
778377,54,1,c683b9d9-1d47-31a2-99a4-f3964b6ae880,692225,Kristian Campbell,1B,1B,,Caught Stealing 2B,caught_stealing_2b,r_caught_stealing_2b,True,2B,2,False,False,False,False,
778377,54,5,c729af20-c1dd-3380-b62c-430aff654c69,678882,Ceddanne Rafaela,,,,Strikeout,strikeout,,True,1B,3,False,False,False,False,
778377,55,14,25769b4e-0905-37ad-9c18-05fa99d49bed,623993,Anthony Santander,,,,Strikeout,strikeout,,True,1B,1,False,False,False,False,
778377,56,7,aba88734-1fd7-3a68-8930-e285d140f74d,543807,George Springer,,,2B,Double,double,,False,,,False,False,False,False,
778377,57,3,1da12539-e4ba-32f4-a832-0878848e2697,695238,Will Wagner,,,,Strikeout,strikeout,,True,1B,2,False,False,False,False,
778377,58,6,ee344edc-0830-3463-8a54-3c0cf4f703f1,676914,Davis Schneider,,,1B,Walk,walk,,False,,,False,False,False,False,
778377,59,3,a238b252-a7ee-3284-ae80-b87352422148,676914,Davis Schneider,1B,1B,,Forceout,force_out,r_force_out,True,2B,3,False,False,False,False,
778377,59,3,a238b252-a7ee-3284-ae80-b87352422148,664702,Myles Straw,,,1B,Forceout,force_out,,False,,,False,False,False,False,
778377,60,4,71f0bbd6-d3e0-3a94-b5ed-466fe4ea03e1,608701,Rob Refsnyder,,,1B,Field Error,field_error,,False,,,False,False,False,False,
778377,61,4,2f3eb5d3-0823-33ff-9cdd-8c317672a510,608701,Rob Refsnyder,1B,1B,2B,Walk,walk,r_adv_force,False,,,False,False,False,False,
778377,61,4,2f3eb5d3-0823-33ff-9cdd-8c317672a510,680776,Jarren Duran,,,1B,Walk,walk,,False,,,False,False,False,False,
778377,62,7,84c3a66e-0548-37cd-980c-edda048ce956,646240,Rafael Devers,,,,Strikeout,strikeout,,True,1B,1,False,False,False,False,
778377,63,2,1f3dd9b3-06cf-3d96-bcf7-b8e425a2bb7d,680776,Jarren Duran,1B,1B,,Forceout,force_out,r_force_out,True,2B,2,False,False,False,False,
778377,63,2,1f3dd9b3-06cf-3d96-bcf7-b8e425a2bb7d,608701,Rob Refsnyder,2B,2B,3B,Forceout,force_out,r_adv_play,False,,,False,False,False,False,
778377,63,2,1f3dd9b3-06cf-3d96-bcf7-b8e425a2bb7d,608324,Alex Bregman,,,1B,Forceout,force_out,,False,,,False,False,False,False,
778377,64,1,37c9334a-016a-3832-a216-85267afcf96f,608701,Rob Refsnyder,3B,3B,score,Wild Pitch,wild_pitch,r_adv_play,False,,,True,False,False,True,663893
778377,64,1,37c9334a-016a-3832-a216-85267afcf96f,608324,Alex Bregman,1B,1B,3B,Error,error,r_adv_play,False,,,False,False,False,False,
778377,64,7,433fdfe5-ffa3-35b1-8d1e-4d31bb9d0799,671213,Triston Casas,,,,Flyout,field_out,,True,1B,3,False,False,False,False,
778377,65,3,f6e3f9f3-9273-351c-8f2f-d45ee3e2d2b3,623168,Tyler Heineman,,,1B,Single,single,,False,,,False,False,False,False,
778377,66,0,507fb9d4-9256-3e39-b65a-b1a0a121acd6,665489,Vladimir Guerrero Jr.,,,,Flyout,field_out,,True,1B,1,False,False,False,False,
778377,67,3,07431630-b394-3654-8648-ac008e28f34f,666182,Bo Bichette,,,,Strikeout,strikeout,,True,1B,2,False,False,False,False,
778377,67,3,07431630-b394-3654-8648-ac008e28f34f,623168,Tyler Heineman,1B,1B,2B,Stolen Base 2B,stolen_base_2b,r_stolen_base_2b,False,,,False,False,False,False,
778377,68,3,9b0da1c7-aace-34a9-a226-1824a8351e60,665926,Andrés Giménez,,,,Strikeout,strikeout,,True,1B,3,False,False,False,False,
778377,69,7,28e34e23-4c5b-3d0a-9d2e-604dddcb1b90,596115,Trevor Story,,,1B,Single,single,,False,,,False,False,False,False,
778377,70,1,4a665e02-eaf1-3be6-a916-8e1b3b63d8a7,596115,Trevor Story,1B,1B,2B,Stolen Base 2B,stolen_base_2b,r_stolen_base_2b,False,,,False,False,False,False,
778377,70,2,23591142-1754-3a70-afbf-f9b41e59fc2b,692225,Kristian Campbell,,,,Lineout,field_out,,True,1B,1,False,False,False,False,
778377,71,3,07783776-0726-1033-000c-f08cd117d70a,677800,Wilyer Abreu,,,1B,Intent Walk,intent_walk,,False,,,False,False,False,False,
778377,72,4,9174bfcd-07df-342e-a6bd-2c1ec8327641,678882,Ceddanne Rafaela,,,,Strikeout,strikeout,,True,1B,2,False,False,False,False,
778377,73,2,1f8178af-bed1-32eb-b33d-3bcec5d20358,666165,Blake Sabol,,,,Strikeout,strikeout,,True,1B,3,False,False,False,False,
778377,74,5,d5e7285e-6c4b-39f9-8554-f7071c961eb9,623993,Anthony Santander,,,,Groundout,field_out,,True,1B,1,False,False,False,False,
778377,74,5,d5e7285e-6c4b-39f9-8554-f7071c961eb9,665926,Andrés Giménez,2B,2B,3B,Groundout,field_out,r_adv_play,False,,,False,False,False,False,
778377,75,4,1108ec7c-3c61-30fb-83a7-e76808f8b8a8,543807,George Springer,,,,Sac Fly,sac_fly,,True,1B,2,False,False,False,False,
778377,75,4,1108ec7c-3c61-30fb-83a7-e76808f8b8a8,665926,Andrés Giménez,3B,3B,score,Sac Fly,sac_fly,r_adv_play,False,,,True,True,False,True,657514
778377,76,5,75a286f6-4886-3a9e-90ec-b5aafbc0d1b7,695238,Will Wagner,,,,Flyout,field_out,,True,1B,3,False,False,False,False,
778377,77,3,72641145-679c-36d8-bcb1-5b022bfa8dff,680776,Jarren Duran,,,1B,Single,single,,False,,,False,False,False,False,
778377,77,3,72641145-679c-36d8-bcb1-5b022bfa8dff,666165,Blake Sabol,2B,2B,score,Single,single,r_adv_play,False,,,True,True,False,True,680704
778377,78,4,d3073d2c-13cf-38f4-bb58-ef1ce8bda353,680776,Jarren Duran,1B,1B,,Caught Stealing 2B,caught_stealing_2b,r_caught_stealing_2b,True,2B,1,False,False,False,False,
778377,78,6,bb174b07-ec11-302d-a910-e35256667a65,646240,Rafael Devers,,,1B,Single,single,,False,,,False,False,False,False,
778377,79,2,cb9d954e-5655-3c5e-a0bb-d990324a352e,646240,Rafael Devers,1B,1B,2B,Hit By Pitch,hit_by_pitch,r_adv_force,False,,,False,False,False,False,
778377,79,2,cb9d954e-5655-3c5e-a0bb-d990324a352e,608324,Alex Bregman,,,1B,Hit By Pitch,hit_by_pitch,,False,,,False,False,False,False,
778377,80,8,94e7eeef-daf1-3515-9490-2adb5de07448,666152,David Hamilton,2B,2B,3B,Hit By Pitch,hit_by_pitch,r_adv_force,False,,,False,False,False,False,
778377,80,8,94e7eeef-daf1-3515-9490-2adb5de07448,608324,Alex Bregman,1B,1B,2B,Hit By Pitch,hit_by_pitch,r_adv_force,False,,,False,False,False,False,
778377,80,8,94e7eeef-daf1-3515-9490-2adb5de07448,671213,Triston Casas,,,1B,Hit By Pitch,hit_by_pitch,,False,,,False,False,False,False,
778377,81,7,98f48eec-4115-3a2b-acdf-320736dc5dbd,596115,Trevor Story,,,,Groundout,field_out,,True,1B,2,False,False,False,False,
778377,81,7,98f48eec-4115-3a2b-acdf-320736dc5dbd,666152,David Hamilton,3B,3B,score,Groundout,field_out,r_adv_force,False,,,True,True,True,False,680704
778377,81,7,98f48eec-4115-3a2b-acdf-320736dc5dbd,608324,Alex Bregman,2B,2B,3B,Groundout,field_out,r_adv_force,False,,,False,False,False,False,
778377,81,7,98f48eec-4115-3a2b-acdf-320736dc5dbd,671213,Triston Casas,1B,1B,2B,Groundout,field_out,r_adv_force,False,,,False,False,False,False,
778384,0,5,f8202306-885c-30ab-ba20-f1d593f94e01,656941,Kyle Schwarber,,,,Flyout,field_out,,True,1B,1,False,False,False,False,
778384,1,3,e85db757-bf87-366a-90c0-de434616750d,607208,Trea Turner,,,,Strikeout,strikeout,,True,1B,2,False,False,False,False,
778384,2,1,7bd63068-c14e-35c3-9e1f-375ee15e093c,547180,Bryce Harper,,,,Flyout,field_out,,True,1B,3,False,False,False,False,
778384,3,3,c21580ba-1d28-3c1b-9a8e-a771a6be2639,645277,Ozzie Albies,,,,Strikeout,strikeout,,True,1B,1,False,False,False,False,
778384,4,4,51e3f3d5-d370-3c69-9137-44024111d774,663586,Austin Riley,,,1B,Walk,walk,,False,,,False,False,False,False,
778384,5,7,5988fda5-5e7e-3a62-8f35-67f7531a6c9d,542303,Marcell Ozuna,,,2B,Double,double,,False,,,False,False,False,False,
778384,5,7,5988fda5-5e7e-3a62-8f35-67f7531a6c9d,663586,Austin Riley,1B,1B,3B,Double,double,r_adv_force,False,,,False,False,False,False,
778384,6,0,2b97bdf2-b324-356f-a8da-2ecd7df2ae02,621566,Matt Olson,,,,Groundout,field_out,,True,1B,2,False,False,False,False,
778384,6,0,2b97bdf2-b324-356f-a8da-2ecd7df2ae02,663586,Austin Riley,3B,3B,score,Groundout,field_out,r_adv_play,False,,,True,True,True,False,666200
778384,6,0,2b97bdf2-b324-356f-a8da-2ecd7df2ae02,542303,Marcell Ozuna,2B,2B,3B,Groundout,field_out,r_adv_play,False,,,False,False,False,False,
778384,7,7,da8f8473-ff6e-3aaa-8bc4-aef99aef3dd6,669221,Sean Murphy,,,,Strikeout,strikeout,,True,1B,3,False,False,False,False,
778384,8,4,2377ea56-2d6a-3164-92ee-4ff5a25f34ae,592206,Nick Castellanos,,,,Strikeout,strikeout,,True,1B,1,False,False,False,False,
778384,9,4,cc401d10-7a05-3bcd-b415-04454719a42d,596146,Max Kepler,,,1B,Single,single,,False,,,False,False,False,False,
778384,10,8,bcf78e0b-fa9a-363a-8161-76e8bb681d03,592663,J.T. Realmuto,,,,Strikeout,strikeout,,True,1B,2,False,False,False,False,
778384,11,2,9c1e30a7-edd9-3b4d-a000-97cf06d282c2,664761,Alec Bohm,,,,Lineout,field_out,,True,1B,3,False,False,False,False,
778384,12,3,bb1de215-f067-3974-a137-21688eafbea1,650559,Bryan De La Cruz,,,2B,Double,double,,False,,,False,False,False,False,
778384,13,0,b2a2d39d-a37f-3450-a74e-009894f25e72,650559,Bryan De La Cruz,2B,2B,,Fielders Choice Out,fielders_choice_out,r_out_returning,True,2B,1,False,False,False,False,
778384,13,0,b2a2d39d-a37f-3450-a74e-009894f25e72,656413,Stuart Fairchild,,,1B,Fielders Choice Out,fielders_choice_out,,False,,,False,False,False,False,
778384,14,1,b97de5ed-7f43-3915-9efc-a9415517b5dc,656413,Stuart Fairchild,1B,1B,2B,Stolen Base 2B,stolen_base_2b,r_stolen_base_2b,False,,,False,False,False,False,
778384,14,4,444fefc1-a636-36ea-a02c-adc460b439cc,671739,Michael Harris II,,,,Strikeout,strikeout,,True,1B,2,False,False,False,False,
778384,15,0,37a9b9f1-a42a-3fa5-b3e7-285fd07019b1,669397,Nick Allen,,,,Groundout,field_out,,True,1B,3,False,False,False,False,
778384,16,2,9165e6ae-7dfe-39f1-bac6-7edfd712f924,681082,Bryson Stott,,,1B,Single,single,,False,,,False,False,False,False,
778384,17,3,cd7800fc-1ff1-3150-8cc7-d0b166250ef6,669016,Brandon Marsh,,,,Grounded Into DP,grounded_into_double_play,,True,1B,1,False,False,False,False,
778384,17,3,cd7800fc-1ff1-3150-8cc7-d0b166250ef6,681082,Bryson Stott,1B,1B,,Grounded Into DP,grounded_into_double_play,r_force_out,True,2B,2,False,False,False,False,
778384,18,4,77d0cf5a-93fa-352b-b3ef-0acca85ed1ce,656941,Kyle Schwarber,,,score,Home Run,home_run,,False,,,True,True,True,False,680885
778384,19,5,01c8881c-7887-3b09-aace-06cf3260dc84,607208,Trea Turner,,,,Groundout,field_out,,True,1B,3,False,False,False,False,
778384,20,2,aa0d2894-3548-314c-8020-723620974bcc,645277,Ozzie Albies,,,1B,Single,single,,False,,,False,False,False,False,
778384,21,2,d4b73fd6-9784-3b03-ad1d-d7ba5aa1de9c,645277,Ozzie Albies,1B,1B,,Pickoff 1B,pickoff_1b,r_pickoff_1b,True,1B,1,False,False,False,False,
778384,21,8,99c3e5d6-18e4-3aff-9629-2cc5f7b4aa18,663586,Austin Riley,,,1B,Single,single,,False,,,False,False,False,False,
778384,22,2,96f0a382-0392-3e27-996c-bc2b4db0f9d8,542303,Marcell Ozuna,,,1B,Single,single,,False,,,False,False,False,False,
778384,22,2,96f0a382-0392-3e27-996c-bc2b4db0f9d8,663586,Austin Riley,1B,1B,2B,Single,single,r_adv_force,False,,,False,False,False,False,
778384,23,15,42c5719d-4402-350e-ba47-b15f0078fde2,542303,Marcell Ozuna,1B,1B,,Grounded Into DP,grounded_into_double_play,r_force_out,True,2B,2,False,False,False,False,
778384,23,15,42c5719d-4402-350e-ba47-b15f0078fde2,621566,Matt Olson,,,,Grounded Into DP,grounded_into_double_play,,True,1B,3,False,False,False,False,
778384,24,1,1e238ece-dee2-3564-b679-4847a65f7264,547180,Bryce Harper,,,,Groundout,field_out,,True,1B,1,False,False,False,False,
778384,25,3,ef45bad5-530d-3dfd-bad9-88df46e1f425,592206,Nick Castellanos,,,,Strikeout,strikeout,,True,1B,2,False,False,False,False,
778384,26,1,cde663a7-ec45-37b3-bf6d-3936e0c05c1f,596146,Max Kepler,,,1B,Single,single,,False,,,False,False,False,False,
778384,27,0,dbcd8120-acef-3975-9aa0-9966e9ab594d,592663,J.T. Realmuto,,,1B,Single,single,,False,,,False,False,False,False,
778384,27,0,dbcd8120-acef-3975-9aa0-9966e9ab594d,596146,Max Kepler,1B,1B,2B,Single,single,r_adv_force,False,,,False,False,False,False,
778384,28,0,0bb807b5-4d1e-3f08-924e-4f61990fb40f,664761,Alec Bohm,,,,Groundout,field_out,,True,1B,3,False,False,False,False,
778384,29,5,98ae39f8-f107-3dca-83b4-845840a16b70,669221,Sean Murphy,,,,Strikeout,strikeout,,True,1B,1,False,False,False,False,
778384,30,1,bdaa16cb-7d1f-3d66-af8d-78d8b15eaa73,650559,Bryan De La Cruz,,,1B,Single,single,,False,,,False,False,False,False,
778384,31,5,ae6cc408-d87a-3472-85ff-f25716a03a7c,656413,Stuart Fairchild,,,,Flyout,field_out,,True,1B,2,False,False,False,False,
778384,32,0,18d9318f-486a-3f3a-8348-37e1549afed8,671739,Michael Harris II,,,,Lineout,field_out,,True,1B,3,False,False,False,False,
778384,33,3,7614713c-c6e6-362f-9f2b-094ec9032484,681082,Bryson Stott,,,1B,Walk,walk,,False,,,False,False,False,False,
778384,34,1,29ba2898-1e88-3dda-ac96-e9247bacecf5,669016,Brandon Marsh,,,,Flyout,field_out,,True,1B,1,False,False,False,False,
778384,35,5,af1db91f-e1a1-30d5-9750-cfd04436edc7,681082,Bryson Stott,1B,1B,,Forceout,force_out,r_force_out,True,2B,2,False,False,False,False,
778384,35,5,af1db91f-e1a1-30d5-9750-cfd04436edc7,656941,Kyle Schwarber,,,1B,Forceout,force_out,,False,,,False,False,False,False,
778384,36,0,0390f02a-9b3c-33d6-865d-ae71851ba1e8,607208,Trea Turner,,,2B,Double,double,,False,,,False,False,False,False,
778384,36,0,0390f02a-9b3c-33d6-865d-ae71851ba1e8,656941,Kyle Schwarber,1B,1B,3B,Double,double,r_adv_force,False,,,False,False,False,False,
778384,37,3,07783846-0386-1033-000c-f08cd117d70a,547180,Bryce Harper,,,1B,Intent Walk,intent_walk,,False,,,False,False,False,False,
778384,38,5,d6eaa1df-75f1-3ab2-b9d5-a03e37fa5d75,592206,Nick Castellanos,,,,Strikeout,strikeout,,True,1B,3,False,False,False,False,
778384,39,1,9e5402eb-4ca6-326b-a54f-da0c45e182d4,669397,Nick Allen,,,,Flyout,field_out,,True,1B,1,False,False,False,False,
778384,40,2,0a561680-b655-3763-887a-5939c96cfa40,645277,Ozzie Albies,,,,Lineout,field_out,,True,1B,2,False,False,False,False,
778384,41,2,f10e9f64-abe2-3c47-a270-f26cbe23dd4e,663586,Austin Riley,,,,Flyout,field_out,,True,1B,3,False,False,False,False,
778384,42,2,dab69a9a-9297-301e-a3e3-afabbdf67656,596146,Max Kepler,,,,Groundout,field_out,,True,1B,1,False,False,False,False,
778384,43,2,903931e0-f550-3389-aca1-ca1a7e622b27,592663,J.T. Realmuto,,,1B,Single,single,,False,,,False,False,False,False,
778384,44,0,78eeed13-254b-3f3c-ab2d-0e54265f2e13,592663,J.T. Realmuto,1B,1B,,Grounded Into DP,grounded_into_double_play,r_force_out,True,2B,2,False,False,False,False,
778384,44,0,78eeed13-254b-3f3c-ab2d-0e54265f2e13,664761,Alec Bohm,,,,Grounded Into DP,grounded_into_double_play,,True,1B,3,False,False,False,False,
778384,45,6,1aff6845-e1e7-3d07-a0bb-f8bbd94c6160,542303,Marcell Ozuna,,,,Strikeout,strikeout,,True,1B,1,False,False,False,False,
778384,46,4,5b7b3b52-ab58-357c-93d1-326946948624,621566,Matt Olson,,,,Strikeout,strikeout,,True,1B,2,False,False,False,False,
778384,47,4,8bc1194a-06f2-3173-bb41-9a2e74a6b197,669221,Sean Murphy,,,,Lineout,field_out,,True,1B,3,False,False,False,False,
778384,48,6,5bc692ff-2fc5-3f1e-bf46-5607ccd48da8,681082,Bryson Stott,,,,Groundout,field_out,,True,1B,1,False,False,False,False,
778384,49,4,039fd62d-3ef8-352d-85a9-99e5ad84c5a9,624641,Edmundo Sosa,,,,Strikeout,strikeout,,True,1B,2,False,False,False,False,
778384,50,5,a23fadba-40e8-3fb4-bd10-e727dbb98721,656941,Kyle Schwarber,,,1B,Walk,walk,,False,,,False,False,False,False,
778384,51,1,6987c081-61da-3248-8a8c-f0ff37dac67d,656941,Kyle Schwarber,1B,1B,,Forceout,force_out,r_force_out,True,2B,3,False,False,False,False,
778384,51,1,6987c081-61da-3248-8a8c-f0ff37dac67d,607208,Trea Turner,,,1B,Forceout,force_out,,False,,,False,False,False,False,
778384,52,2,3286701a-70a6-376f-a55f-21342ff61c07,650559,Bryan De La Cruz,,,,Lineout,field_out,,True,1B,1,False,False,False,False,
778384,53,6,e2994e44-8d7b-32ae-8d71-8bf38c86592f,672284,Jarred Kelenic,,,1B,Walk,walk,,False,,,False,False,False,False,
778384,54,2,22cbfd93-3116-3ad0-9f28-94b9b8115528,671739,Michael Harris II,,,,Strikeout,strikeout,,True,1B,2,False,False,False,False,
778384,55,0,3ccd3e75-a773-3061-8d0f-a0b403642d43,669397,Nick Allen,,,1B,Single,single,,False,,,False,False,False,False,
778384,55,0,3ccd3e75-a773-3061-8d0f-a0b403642d43,672284,Jarred Kelenic,1B,1B,2B,Single,single,r_adv_force,False,,,False,False,False,False,
778384,56,4,7c685360-6a58-35d7-96d2-c8c7938108b3,645277,Ozzie Albies,,,,Strikeout,strikeout,,True,1B,3,False,False,False,False,
778384,57,6,7cbde2fb-fbff-3dce-aacf-507e5dbde2cc,547180,Bryce Harper,,,1B,Walk,walk,,False,,,False,False,False,False,
778384,58,10,3c547ee1-c109-3577-b72d-d7bdfe1e63ff,592206,Nick Castellanos,,,,Strikeout,strikeout,,True,1B,1,False,False,False,False,
778384,58,10,3c547ee1-c109-3577-b72d-d7bdfe1e63ff,547180,Bryce Harper,1B,1B,2B,Stolen Base 2B,stolen_base_2b,r_stolen_base_2b,False,,,False,False,False,False,
778384,59,3,d4a31205-9098-374f-a48c-a20ba704ae95,596146,Max Kepler,,,,Flyout,field_out,,True,1B,2,False,False,False,False,
778384,59,3,d4a31205-9098-374f-a48c-a20ba704ae95,547180,Bryce Harper,2B,2B,3B,Flyout,field_out,r_adv_play,False,,,False,False,False,False,
778384,60,0,6ee8034b-e657-352a-8da6-e01ba1019e04,592663,J.T. Realmuto,,,,Flyout,field_out,,True,1B,3,False,False,False,False,
778384,61,4,ad6827f4-7b48-3288-a270-dd3a758e8cb3,663586,Austin Riley,,,,Groundout,field_out,,True,1B,1,False,False,False,False,
778384,62,2,91117eaf-1079-3e5e-8b21-1e736ece00db,542303,Marcell Ozuna,,,,Pop Out,field_out,,True,1B,2,False,False,False,False,
778384,63,4,1df0f3a9-e7d7-39d3-bba3-061f7aebb2bd,621566,Matt Olson,,,,Pop Out,field_out,,True,1B,3,False,False,False,False,
778384,64,5,b8651378-c775-34fb-94fe-981a60f83fe7,664761,Alec Bohm,,,,Flyout,field_out,,True,1B,1,False,False,False,False,
778384,65,9,0f997bb2-3ab3-3a74-96fe-8cde369e63b0,681082,Bryson Stott,,,,Strikeout,strikeout,,True,1B,2,False,False,False,False,
778384,66,1,d1b920b7-178b-339f-82d7-dc7a8648c5fd,679032,Johan Rojas,,,,Pop Out,field_out,,True,1B,3,False,False,False,False,
778384,67,9,f5e78887-14ca-3ced-873f-9a274013a1d1,669221,Sean Murphy,,,,Strikeout,strikeout,,True,1B,1,False,False,False,False,
778384,68,6,d18575e6-b528-36d3-9de4-2e701e384232,650559,Bryan De La Cruz,,,,Groundout,field_out,,True,1B,2,False,False,False,False,
778384,69,4,9c953d9a-da8a-3a1c-8711-dc5fdf49024a,672284,Jarred Kelenic,,,,Strikeout,strikeout,,True,1B,3,False,False,False,False,
778384,70,6,38e3d8c2-36f8-34b5-b120-e66c529d3c0b,656941,Kyle Schwarber,,,,Groundout,field_out,,True,1B,1,False,False,False,False,
778384,70,6,38e3d8c2-36f8-34b5-b120-e66c529d3c0b,679032,Johan Rojas,2B,2B,3B,Groundout,field_out,r_adv_play,False,,,False,False,False,False,
778384,71,5,df788a3c-a79c-385e-a03a-06b3e7798018,607208,Trea Turner,,,,Strikeout,strikeout,,True,1B,2,False,False,False,False,
778384,72,3,07783846-0736-1033-000c-f08cd117d70a,547180,Bryce Harper,,,1B,Intent Walk,intent_walk,,False,,,False,False,False,False,
778384,73,2,cedba870-dd12-3d3a-a5ad-62cf2fd55d2f,592206,Nick Castellanos,,,,Strikeout,strikeout,,True,1B,3,False,False,False,False,
778384,74,2,e14000e7-d5d1-3aa4-8968-46dc4694c020,671739,Michael Harris II,,,,Sac Bunt,sac_bunt,,True,1B,1,False,False,False,False,
778384,74,2,e14000e7-d5d1-3aa4-8968-46dc4694c020,672284,Jarred Kelenic,2B,2B,3B,Sac Bunt,sac_bunt,r_adv_play,False,,,False,False,False,False,
778384,75,7,61f4d51c-08c7-31e9-bc98-ad15364e3a84,669397,Nick Allen,,,,Groundout,field_out,,True,1B,2,False,False,False,False,
778384,76,4,c6b45328-09fd-38d1-bbb0-fddc8d6f32fe,645277,Ozzie Albies,,,,Groundout,field_out,,True,1B,3,False,False,False,False,
778384,77,4,8e8803ea-36bc-3e87-bbae-6bfaef8fb78a,596146,Max Kepler,,,,Groundout,field_out,,True,1B,1,False,False,False,False,
778384,77,4,8e8803ea-36bc-3e87-bbae-6bfaef8fb78a,592206,Nick Castellanos,2B,2B,3B,Groundout,field_out,r_adv_play,False,,,False,False,False,False,
778384,78,4,07783846-0796-1013-000c-f08cd117d70a,592663,J.T. Realmuto,,,1B,Intent Walk,intent_walk,,False,,,False,False,False,False,
778384,79,1,f3c81a5d-fdbb-3e22-a1d5-350fd016cde2,664761,Alec Bohm,,,,Flyout,field_out,,True,1B,2,False,False,False,False,
778384,80,5,1423039e-1399-38f4-97f1-dcc54ae9a498,592663,J.T. Realmuto,1B,1B,2B,Stolen Base 2B,stolen_base_2b,r_stolen_base_2b,False,,,False,False,False,False,
778384,80,9,dc17b5d4-431d-3257-838a-b21e13730987,681082,Bryson Stott,,,1B,Walk,walk,,False,,,False,False,False,False,
778384,81,6,682e4041-a1cd-3c2c-9992-9c39e5c531ec,592206,Nick Castellanos,3B,3B,score,Walk,walk,r_adv_force,False,,,True,True,False,True,660761
778384,81,6,682e4041-a1cd-3c2c-9992-9c39e5c531ec,592663,J.T. Realmuto,2B,2B,3B,Walk,walk,r_adv_force,False,,,False,False,False,False,
778384,81,6,682e4041-a1cd-3c2c-9992-9c39e5c531ec,681082,Bryson Stott,1B,1B,2B,Walk,walk,r_adv_force,False,,,False,False,False,False,
778384,81,6,682e4041-a1cd-3c2c-9992-9c39e5c531ec,679032,Johan Rojas,,,1B,Walk,walk,,False,,,False,False,False,False,
778384,82,5,091c5700-da72-3746-bc25-5709933878b3,656941,Kyle Schwarber,,,,Flyout,field_out,,True,1B,3,False,False,False,False,
778384,83,5,5c49b9d5-3e04-390c-b6c6-d22891a8c302,663586,Austin Riley,,,2B,Double,double,,False,,,False,False,False,False,
778384,83,5,5c49b9d5-3e04-390c-b6c6-d22891a8c302,645277,Ozzie Albies,2B,2B,3B,Double,double,r_adv_force,False,,,False,False,False,False,
778384,83,5,5c49b9d5-3e04-390c-b6c6-d22891a8c302,645277,Ozzie Albies,2B,3B,score,Double,double,r_adv_play,False,,,True,True,False,True,605452
778384,84,1,6a70ac17-0123-365a-9adc-afe525664925,542303,Marcell Ozuna,,,score,Home Run,home_run,,False,,,True,True,True,False,605452
778384,84,1,6a70ac17-0123-365a-9adc-afe525664925,663586,Austin Riley,2B,2B,score,Home Run,home_run,r_adv_force,False,,,True,True,True,False,605452
