gamePk,atBatIndex,playIndex,playId,runnerid,runnerfullName,originBase,start,end,event,eventType,movementReason,isOut,outBase,outNumber,isScoringEvent,rbi,earned,teamUnearned,responsiblepitcherid
779055,0,6,8c6e6777-a2e6-406d-92c4-b25d0b2ef5bd,666139,Josh Lowe,,,,Strikeout,strikeout,,True,1B,1,False,False,False,False,
779055,1,1,04f750e9-8a7e-48bc-9575-87670e87f1c9,691406,Junior Caminero,,,,Groundout,field_out,,True,1B,2,False,False,False,False,
779055,2,5,eb1b1c6c-f6d8-47aa-884f-4df0a6e3ed2d,666018,Jonathan Aranda,,,1B,Single,single,,False,,,False,False,False,False,
779055,3,0,932ec536-9146-4cfd-b8ad-27910f9dee23,666624,Christopher Morel,,,1B,Single,single,,False,,,False,False,False,False,
779055,3,0,932ec536-9146-4cfd-b8ad-27910f9dee23,666018,Jonathan Aranda,1B,1B,2B,Single,single,r_adv_force,False,,,False,False,False,False,
779055,4,0,8f52ac0c-0136-4e41-bf86-b479d2c870d5,666163,Ben Rortvedt,,,,Flyout,field_out,,True,1B,3,False,False,False,False,
779055,5,5,80e04ee1-3ea3-42b7-aba6-12d695c257ac,691176,Jasson Domínguez,,,1B,Walk,walk,,False,,,False,False,False,False,
779055,6,2,73352039-e3a6-4b8d-b033-85de7abe7f9e,641355,Cody Bellinger,,,1B,Single,single,,False,,,False,False,False,False,
779055,6,2,73352039-e3a6-4b8d-b033-85de7abe7f9e,691176,Jasson Domínguez,1B,1B,2B,Single,single,r_adv_force,False,,,False,False,False,False,
779055,6,2,73352039-e3a6-4b8d-b033-85de7abe7f9e,691176,Jasson Domínguez,1B,2B,3B,Single,single,r_adv_play,False,,,False,False,False,False,
779055,7,4,1a5074b4-bb25-4bb2-ad16-b9259a545d91,502671,Paul Goldschmidt,,,2B,Double,double,,False,,,False,False,False,False,
779055,7,4,1a5074b4-bb25-4bb2-ad16-b9259a545d91,502671,Paul Goldschmidt,,2B,3B,Double,double,r_adv_play,False,,,False,False,False,False,
779055,7,4,1a5074b4-bb25-4bb2-ad16-b9259a545d91,641355,Cody Bellinger,1B,1B,3B,Double,double,r_adv_force,False,,,False,False,False,False,
779055,7,4,1a5074b4-bb25-4bb2-ad16-b9259a545d91,641355,Cody Bellinger,1B,3B,score,Error,error,r_adv_play,False,,,True,False,True,False,607216
779055,7,4,1a5074b4-bb25-4bb2-ad16-b9259a545d91,691176,Jasson Domínguez,3B,3B,score,Error,error,r_adv_play,False,,,True,True,True,False,607216
779055,8,3,edd50c18-c5ff-4b90-825d-51f5c200ebbb,665862,Jazz Chisholm Jr.,,,,Groundout,field_out,,True,1B,1,False,False,False,False,
779055,9,1,ffd657d8-c9f6-40df-a044-e693418d90ba,683011,Anthony Volpe,,,,Groundout,field_out,,True,1B,2,False,False,False,False,
779055,10,2,b02fd866-ae83-4871-b291-4fe52c793413,641555,J.C. Escarra,,,,Pop Out,field_out,,True,1B,3,False,False,False,False,
779055,11,3,23194f2d-f535-454a-9490-cc0675e0cd09,691003,Tre' Morgan,,,,Strikeout,strikeout,,True,1B,1,False,False,False,False,
779055,12,5,a7b45da4-c4f1-4a22-91de-c3b6f4ed48d5,800060,Xavier Isaac,,,,Strikeout,strikeout,,True,1B,2,False,False,False,False,
779055,13,0,6295a905-f683-42ea-93f4-77b523d76470,663796,Coco Montes,,,,Pop Out,field_out,,True,1B,3,False,False,False,False,
779055,14,5,13a3421b-5bcb-4a28-b587-bf9a44087c93,622569,Pablo Reyes,,,,Flyout,field_out,,True,1B,1,False,False,False,False,
779055,15,2,8dc24f41-a51d-4ce0-a530-496471fe4dea,672724,Oswald Peraza,,,1B,Single,single,,False,,,False,False,False,False,
779055,16,3,843108d1-10c2-484c-ab2d-4f55f5c573bf,677592,Everson Pereira,,,,Flyout,field_out,,True,1B,2,False,False,False,False,
779055,17,0,f71aa535-9981-4d21-8d7d-af607468094a,691176,Jasson Domínguez,,,,Pop Out,field_out,,True,1B,3,False,False,False,False,
779055,18,6,5015f995-53f2-48ca-bcce-0f887754ffdc,670224,Kameron Misner,,,1B,Walk,walk,,False,,,False,False,False,False,
779055,19,4,ee86074e-0438-4dd0-97fd-fb2fe190e308,670224,Kameron Misner,1B,1B,,Forceout,force_out,r_force_out,True,2B,1,False,False,False,False,
779055,19,4,ee86074e-0438-4dd0-97fd-fb2fe190e308,666139,Josh Lowe,,,1B,Forceout,force_out,,False,,,False,False,False,False,
779055,20,1,71f1234d-9f7b-4658-a7e1-0b32ef4599b0,691406,Junior Caminero,,,,Flyout,field_out,,True,1B,2,False,False,False,False,
779055,21,4,ab2a1684-5558-4fde-9ea1-566536d7cf67,666018,Jonathan Aranda,,,1B,Single,single,,False,,,False,False,False,False,
779055,21,4,ab2a1684-5558-4fde-9ea1-566536d7cf67,666139,Josh Lowe,1B,1B,2B,Single,single,r_adv_force,False,,,False,False,False,False,
779055,22,7,5addfb1b-d5d4-4e01-aa56-261d5a9197ea,666624,Christopher Morel,,,,Strikeout,strikeout,,True,1B,3,False,False,False,False,
779055,23,4,67bba130-bad1-4ff5-a277-dc127faa7d9a,641355,Cody Bellinger,,,,Strikeout,strikeout,,True,1B,1,False,False,False,False,
779055,24,4,b47102a1-77d1-417a-ad54-9fd647f99ff5,502671,Paul Goldschmidt,,,,Strikeout,strikeout,,True,1B,2,False,False,False,False,
779055,25,6,a5622476-96fd-431f-9e24-733d7c9970b5,665862,Jazz Chisholm Jr.,,,1B,Walk,walk,,False,,,False,False,False,False,
779055,26,3,7c5467c7-f13d-49e8-a1b6-96e1aae917c0,683011,Anthony Volpe,,,1B,Field Error,field_error,,False,,,False,False,False,False,
779055,26,3,7c5467c7-f13d-49e8-a1b6-96e1aae917c0,665862,Jazz Chisholm Jr.,1B,1B,2B,Field Error,field_error,r_adv_force,False,,,False,False,False,False,
779055,27,8,8f5350be-2770-45c8-8bcb-42d15b6ac2af,641555,J.C. Escarra,,,,Flyout,field_out,,True,1B,3,False,False,False,False,
779055,28,2,580f7b46-9bd2-4c94-888d-df21fee3acdb,666163,Ben Rortvedt,,,,Flyout,field_out,,True,1B,1,False,False,False,False,
779055,29,4,df730406-b2b3-413b-9241-6430acb38b46,691003,Tre' Morgan,,,,Flyout,field_out,,True,1B,2,False,False,False,False,
779055,30,5,01adace3-32c9-4afe-a5c1-2c6f86566d51,800060,Xavier Isaac,,,1B,Walk,walk,,False,,,False,False,False,False,
779055,31,0,bc735dab-5e2d-44e0-97f7-f37ff672fe5a,663796,Coco Montes,,,1B,Single,single,,False,,,False,False,False,False,
779055,31,0,bc735dab-5e2d-44e0-97f7-f37ff672fe5a,800060,Xavier Isaac,1B,1B,2B,Single,single,r_adv_force,False,,,False,False,False,False,
779055,31,0,bc735dab-5e2d-44e0-97f7-f37ff672fe5a,800060,Xavier Isaac,1B,2B,,Runner Out,other_out,r_thrown_out,True,3B,3,False,False,False,False,
779055,32,8,ceed86c3-cc81-44e4-8b5d-431381705bb4,622569,Pablo Reyes,,,1B,Walk,walk,,False,,,False,False,False,False,
779055,33,3,116ceaa9-4d69-4ac8-9c6e-657a2a761c85,622569,Pablo Reyes,1B,1B,2B,Stolen Base 2B,stolen_base_2b,r_stolen_base_2b,False,,,False,False,False,False,
779055,33,7,c5d2b5b8-6685-4222-9407-899a63e93837,672724,Oswald Peraza,,,1B,Walk,walk,,False,,,False,False,False,False,
779055,34,7,0f5f79ce-03ae-4d26-916f-c6d69c111da1,622569,Pablo Reyes,2B,2B,3B,Walk,walk,r_adv_force,False,,,False,False,False,False,
779055,34,7,0f5f79ce-03ae-4d26-916f-c6d69c111da1,672724,Oswald Peraza,1B,1B,2B,Walk,walk,r_adv_force,False,,,False,False,False,False,
779055,34,7,0f5f79ce-03ae-4d26-916f-c6d69c111da1,677592,Everson Pereira,,,1B,Walk,walk,,False,,,False,False,False,False,
779055,35,1,964c06c3-db0e-405d-83e3-9925b09e493a,677592,Everson Pereira,1B,1B,,Forceout,force_out,r_force_out,True,2B,1,False,False,False,False,
779055,35,1,964c06c3-db0e-405d-83e3-9925b09e493a,622569,Pablo Reyes,3B,3B,score,Forceout,force_out,r_adv_play,False,,,True,True,True,False,801434
779055,35,1,964c06c3-db0e-405d-83e3-9925b09e493a,672724,Oswald Peraza,2B,2B,3B,Forceout,force_out,r_adv_play,False,,,False,False,False,False,
779055,35,1,964c06c3-db0e-405d-83e3-9925b09e493a,691176,Jasson Domínguez,,,1B,Forceout,force_out,,False,,,False,False,False,False,
779055,36,8,6c282fb3-a9fa-4c4d-9923-b32cc0a479ac,681198,T.J. Rumfield,,,,Strikeout,strikeout,,True,1B,2,False,False,False,False,
779055,37,5,ed29bfbe-0daf-432a-9e78-7ca4ae46e197,800957,Brendan Jones,,,1B,Single,single,,False,,,False,False,False,False,
779055,37,5,ed29bfbe-0daf-432a-9e78-7ca4ae46e197,691176,Jasson Domínguez,1B,1B,2B,Single,single,r_adv_force,False,,,False,False,False,False,
779055,37,5,ed29bfbe-0daf-432a-9e78-7ca4ae46e197,691176,Jasson Domínguez,1B,2B,3B,Single,single,r_adv_play,False,,,False,False,False,False,
779055,37,5,ed29bfbe-0daf-432a-9e78-7ca4ae46e197,672724,Oswald Peraza,3B,3B,score,Single,single,r_adv_play,False,,,True,True,True,False,801434
779055,38,2,8960b063-071c-4fa2-8421-0c2a425369f4,800957,Brendan Jones,1B,1B,2B,Stolen Base 2B,stolen_base_2b,r_stolen_base_2b,False,,,False,False,False,False,
779055,38,7,ce2a6551-710f-4915-8b6a-b4e96abe4ee0,665862,Jazz Chisholm Jr.,,,,Strikeout,strikeout,,True,1B,3,False,False,False,False,
779055,39,4,f1294c91-fec5-4558-be67-631375ec631f,670224,Kameron Misner,,,1B,Single,single,,False,,,False,False,False,False,
779055,40,6,1d56e5b4-9037-41fb-a8bf-3da6f8f60c72,666139,Josh Lowe,,,,Strikeout,strikeout,,True,1B,1,False,False,False,False,
779055,41,3,4e698e74-15c3-40ad-ac83-c13077765965,691406,Junior Caminero,,,,Strikeout,strikeout,,True,1B,2,False,False,False,False,
779055,42,0,f0f4ad67-0b89-4f17-acbf-afed7c844bf9,666018,Jonathan Aranda,,,,Flyout,field_out,,True,1B,3,False,False,False,False,
779055,43,10,27c451ec-ab4a-49e5-8d1f-19ff0db3809c,683011,Anthony Volpe,,,,Strikeout,strikeout,,True,1B,1,False,False,False,False,
779055,44,0,03c267a2-aff9-469f-b77e-aea43ef09bd6,641555,J.C. Escarra,,,,Lineout,field_out,,True,1B,2,False,False,False,False,
779055,45,3,65021cd1-77dd-4d64-9c7c-4918195f8921,622569,Pablo Reyes,,,2B,Double,double,,False,,,False,False,False,False,
779055,46,1,63b11ae5-de65-44ef-888d-0034e12e21aa,672724,Oswald Peraza,,,,Pop Out,field_out,,True,1B,3,False,False,False,False,
779055,47,15,2f1c3309-125e-4126-98a0-cf6e52faff54,803033,Matthew Etzel,,,,Groundout,field_out,,True,1B,1,False,False,False,False,
779055,48,6,98bb5f55-52af-4b60-8183-1146925faae8,700652,Kenny Piper,,,,Flyout,field_out,,True,1B,2,False,False,False,False,
779055,49,2,494ad4d9-98e3-4022-a0e5-8a79c32ad3e6,676044,Bob Seymour,,,,Groundout,field_out,,True,1B,3,False,False,False,False,
779055,50,10,7175208a-215b-4547-b60a-760aa0ef7ad8,677592,Everson Pereira,,,,Strikeout,strikeout,,True,1B,1,False,False,False,False,
779055,51,4,2b981c57-9231-4ad1-b335-9a87f332d27e,623205,Andrew Velazquez,,,,Strikeout,strikeout,,True,1B,2,False,False,False,False,
779055,52,1,db472d08-f4e4-4bb5-8564-c751b07e3def,681198,T.J. Rumfield,,,1B,Single,single,,False,,,False,False,False,False,
779055,53,5,2aa989dd-7ba1-4366-993a-2132dc1495d4,800957,Brendan Jones,,,,Strikeout,strikeout,,True,1B,3,False,False,False,False,
779055,54,4,34665a1f-5c15-4c1d-a45a-fc4f26567f1b,681371,Dominic Keegan,,,,Strikeout,strikeout,,True,1B,1,False,False,False,False,
779055,55,4,3403381e-d5b7-4cc3-905a-2d7bd5147e5c,700246,Carson Williams,,,1B,Walk,walk,,False,,,False,False,False,False,
779055,56,0,c7562784-96ec-4fa1-a959-16ce7c807f89,802415,Chandler Simpson,,,1B,Single,single,,False,,,False,False,False,False,
779055,56,0,c7562784-96ec-4fa1-a959-16ce7c807f89,700246,Carson Williams,1B,1B,2B,Single,single,r_adv_force,False,,,False,False,False,False,
779055,56,0,c7562784-96ec-4fa1-a959-16ce7c807f89,700246,Carson Williams,1B,2B,3B,Single,single,r_adv_play,False,,,False,False,False,False,
779055,57,7,7985b889-4633-47de-b227-625813488581,663968,Jake Mangum,,,,Strikeout,strikeout,,True,1B,2,False,False,False,False,
779055,58,2,d6ed765c-4a61-4086-8950-2c4116f4c0e3,802415,Chandler Simpson,1B,1B,2B,Stolen Base 2B,stolen_base_2b,r_stolen_base_2b,False,,,False,False,False,False,
779055,58,4,d5574d95-a626-41b6-b046-ff3fe0cff23c,694966,Brayden Taylor,,,,Strikeout,strikeout,,True,1B,3,False,False,False,False,
779055,59,12,7fb96908-e72b-4236-9505-dd52ad69f109,804668,Rafael Flores Jr.,,,,Lineout,field_out,,True,1B,1,False,False,False,False,
779055,60,2,9781757a-568a-40ce-a2ea-0ba4e4f95eef,806146,George Lombard Jr.,,,,Groundout,field_out,,True,1B,2,False,False,False,False,
779055,61,2,3bbaa59c-7fa3-46d0-a5e7-e5cceb81af58,683061,Alexander Vargas,,,1B,Single,single,,False,,,False,False,False,False,
779055,62,4,c0109ba6-5c2f-4f59-bf17-b77917cd3b33,683061,Alexander Vargas,1B,1B,2B,Wild Pitch,wild_pitch,r_adv_play,False,,,False,False,False,False,
779055,62,6,5af5321d-5acd-4bbe-9e5f-29438b70897d,814431,Jackson Castillo,,,1B,Walk,walk,,False,,,False,False,False,False,
779055,63,1,25775182-8ba7-490b-be0e-96bea6691759,702068,Cole Gabrielson,,,,Groundout,field_out,,True,1B,3,False,False,False,False,
779055,64,4,ea99ff53-798a-4222-984b-e78e5154ed34,695020,Tanner Murray,,,,Strikeout,strikeout,,True,1B,1,False,False,False,False,
779055,65,0,9006d750-3da7-420c-b613-68365723c297,803033,Matthew Etzel,,,,Lineout,field_out,,True,1B,2,False,False,False,False,
779055,66,6,74cdc8db-f74b-4720-8a0c-661b583f6241,700652,Kenny Piper,,,,Groundout,field_out,,True,1B,3,False,False,False,False,
779055,67,3,2aa43358-8022-4042-8099-b6b57cfd4eed,683679,Jesus Rodriguez,,,1B,Single,single,,False,,,False,False,False,False,
779055,68,2,4feea032-55df-48e1-98b4-380d20f09b71,623205,Andrew Velazquez,,,1B,Single,single,,False,,,False,False,False,False,
779055,68,2,4feea032-55df-48e1-98b4-380d20f09b71,683679,Jesus Rodriguez,1B,1B,2B,Single,single,r_adv_force,False,,,False,False,False,False,
779055,68,2,4feea032-55df-48e1-98b4-380d20f09b71,683679,Jesus Rodriguez,1B,2B,3B,Single,single,r_adv_play,False,,,False,False,False,False,
779055,69,7,3b9a8bd2-c906-4eed-8664-918b08777d84,681198,T.J. Rumfield,,,,Double Play,double_play,,True,1B,1,False,False,False,False,
779055,69,7,3b9a8bd2-c906-4eed-8664-918b08777d84,623205,Andrew Velazquez,1B,1B,,Double Play,double_play,r_doubled_off,True,1B,2,False,False,False,False,
779055,70,6,4c08eac6-71c1-44d1-9283-220ac98d5ecc,800957,Brendan Jones,,,1B,Walk,walk,,False,,,False,False,False,False,
779055,71,3,4128bea9-d2af-444b-acad-292d8b9131b1,804668,Rafael Flores Jr.,,,,Groundout,field_out,,True,1B,3,False,False,False,False,
779055,72,5,deb90655-7165-4303-8517-4e418594d898,676044,Bob Seymour,,,1B,Walk,walk,,False,,,False,False,False,False,
779055,73,4,2bc01f20-32f2-4ea7-8038-9ff0e7d2f417,681371,Dominic Keegan,,,,Strikeout,strikeout,,True,1B,1,False,False,False,False,
779055,74,2,8896a825-6549-47cd-b039-06413946b08d,700246,Carson Williams,,,1B,Single,single,,False,,,False,False,False,False,
779055,74,2,8896a825-6549-47cd-b039-06413946b08d,676044,Bob Seymour,1B,1B,2B,Single,single,r_adv_force,False,,,False,False,False,False,
779055,75,1,ac9f9e40-fbaf-48b1-9324-34d5688a0ae4,802415,Chandler Simpson,,,1B,Single,single,,False,,,False,False,False,False,
779055,75,1,ac9f9e40-fbaf-48b1-9324-34d5688a0ae4,676044,Bob Seymour,2B,2B,3B,Single,single,r_adv_force,False,,,False,False,False,False,
779055,75,1,ac9f9e40-fbaf-48b1-9324-34d5688a0ae4,700246,Carson Williams,1B,1B,2B,Single,single,r_adv_force,False,,,False,False,False,False,
779055,76,0,8c406a96-e1cd-41ee-b645-6cbb0c11f040,663968,Jake Mangum,,,,Double Play,double_play,,True,1B,2,False,False,False,False,
779055,76,0,8c406a96-e1cd-41ee-b645-6cbb0c11f040,802415,Chandler Simpson,1B,1B,,Double Play,double_play,r_doubled_off,True,1B,3,False,False,False,False,
778780,0,6,07787806-0016-0043-000c-f08cd117d70a,801300,Jack Doyle,,,,Strikeout,strikeout,,True,1B,1,False,False,False,False,
778780,1,4,07787806-0026-0053-000c-f08cd117d70a,801307,Gregory Bozzo,,,,Strikeout,strikeout,,True,1B,2,False,False,False,False,
778780,2,2,07787806-0036-0033-000c-f08cd117d70a,688462,Alex Lane,,,,Strikeout,strikeout,,True,1B,3,False,False,False,False,
778780,3,8,07787806-0046-0093-000c-f08cd117d70a,572204,Trayce Thompson,,,,Strikeout,strikeout,,True,1B,1,False,False,False,False,
778780,4,2,07787806-0056-0033-000c-f08cd117d70a,692225,Kristian Campbell,,,,Groundout,field_out,,True,1B,2,False,False,False,False,
778780,5,3,07787806-0066-0043-000c-f08cd117d70a,691785,Marcelo Mayer,,,1B,Single,single,,False,,,False,False,False,False,
778780,6,5,07787806-0076-0063-000c-f08cd117d70a,671213,Triston Casas,,,1B,Field Error,field_error,,False,,,False,False,False,False,
778780,6,5,07787806-0076-0063-000c-f08cd117d70a,691785,Marcelo Mayer,1B,1B,2B,Field Error,field_error,r_adv_force,False,,,False,False,False,False,
778780,6,5,07787806-0076-0063-000c-f08cd117d70a,691785,Marcelo Mayer,1B,2B,3B,Field Error,field_error,r_adv_play,False,,,False,False,False,False,
778780,7,1,07787806-0086-0023-000c-f08cd117d70a,671213,Triston Casas,1B,1B,,Forceout,force_out,r_force_out,True,2B,3,False,False,False,False,
778780,7,1,07787806-0086-0023-000c-f08cd117d70a,647351,Abraham Toro,,,1B,Forceout,force_out,,False,,,False,False,False,False,
778780,8,3,07787806-0096-0043-000c-f08cd117d70a,806275,Jack Goodman,,,1B,Single,single,,False,,,False,False,False,False,
778780,9,1,07787806-0106-0023-000c-f08cd117d70a,809694,Carmelo Musacchia,,,,Pop Out,field_out,,True,1B,1,False,False,False,False,
778780,10,3,07787806-0116-0033-000c-f08cd117d70a,806275,Jack Goodman,1B,1B,2B,Stolen Base 2B,stolen_base_2b,r_stolen_base_2b,False,,,False,False,False,False,
778780,10,5,07787806-0116-0053-000c-f08cd117d70a,809686,Cam Maldonado,,,,Flyout,field_out,,True,1B,2,False,False,False,False,
778780,10,5,07787806-0116-0053-000c-f08cd117d70a,806275,Jack Goodman,2B,2B,3B,Flyout,field_out,r_adv_play,False,,,False,False,False,False,
778780,11,8,07787806-0126-0093-000c-f08cd117d70a,809688,Matt Brinker,,,1B,Walk,walk,,False,,,False,False,False,False,
778780,12,2,07787806-0136-0013-000c-f08cd117d70a,809688,Matt Brinker,1B,1B,2B,Hit By Pitch,hit_by_pitch,r_adv_force,False,,,False,False,False,False,
778780,12,2,07787806-0136-0013-000c-f08cd117d70a,801298,Justin Bosland,,,1B,Hit By Pitch,hit_by_pitch,,False,,,False,False,False,False,
778780,13,2,07787806-0146-0033-000c-f08cd117d70a,695664,Harrison Feinberg,,,1B,Field Error,field_error,,False,,,False,False,False,False,
778780,13,2,07787806-0146-0033-000c-f08cd117d70a,809688,Matt Brinker,2B,2B,3B,Field Error,field_error,r_adv_force,False,,,False,False,False,False,
778780,13,2,07787806-0146-0033-000c-f08cd117d70a,809688,Matt Brinker,2B,3B,score,Field Error,field_error,r_adv_play,False,,,True,False,False,True,687003
778780,13,2,07787806-0146-0033-000c-f08cd117d70a,806275,Jack Goodman,3B,3B,score,Field Error,field_error,r_adv_force,False,,,True,False,False,True,687003
778780,13,2,07787806-0146-0033-000c-f08cd117d70a,801298,Justin Bosland,1B,1B,2B,Field Error,field_error,r_adv_force,False,,,False,False,False,False,
778780,14,0,07787806-0156-0013-000c-f08cd117d70a,801300,Jack Doyle,,,,Groundout,field_out,,True,1B,3,False,False,False,False,
778780,15,7,07787806-0166-0073-000c-f08cd117d70a,686765,Nick Sogard,,,1B,Walk,walk,,False,,,False,False,False,False,
778780,16,2,07787806-0176-0033-000c-f08cd117d70a,681987,Nate Eaton,,,,Flyout,field_out,,True,1B,1,False,False,False,False,
778780,17,4,07787806-0186-0053-000c-f08cd117d70a,691373,Jhostynxon Garcia,,,,Flyout,field_out,,True,1B,2,False,False,False,False,
778780,18,1,07787806-0196-0023-000c-f08cd117d70a,656627,Mark Kolozsvary,,,,Flyout,field_out,,True,1B,3,False,False,False,False,
778780,19,5,07787806-0206-0053-000c-f08cd117d70a,801307,Gregory Bozzo,,,,Lineout,field_out,,True,1B,1,False,False,False,False,
778780,20,2,07787806-0216-0033-000c-f08cd117d70a,688462,Alex Lane,,,,Strikeout,strikeout,,True,1B,2,False,False,False,False,
778780,21,3,07787806-0226-0043-000c-f08cd117d70a,806275,Jack Goodman,,,,Strikeout,strikeout,,True,1B,3,False,False,False,False,
778780,22,6,07787806-0236-0063-000c-f08cd117d70a,572204,Trayce Thompson,,,,Strikeout,strikeout,,True,1B,1,False,False,False,False,
778780,23,4,07787806-0246-0053-000c-f08cd117d70a,692225,Kristian Campbell,,,,Lineout,field_out,,True,1B,2,False,False,False,False,
778780,24,1,07787806-0256-0023-000c-f08cd117d70a,691785,Marcelo Mayer,,,,Lineout,field_out,,True,1B,3,False,False,False,False,
778780,25,1,07787806-0266-0023-000c-f08cd117d70a,809694,Carmelo Musacchia,,,,Flyout,field_out,,True,1B,1,False,False,False,False,
778780,26,5,07787806-0276-0063-000c-f08cd117d70a,809686,Cam Maldonado,,,,Groundout,field_out,,True,1B,2,False,False,False,False,
778780,27,4,07787806-0286-0053-000c-f08cd117d70a,809688,Matt Brinker,,,,Flyout,field_out,,True,1B,3,False,False,False,False,
778780,28,6,07787806-0296-0063-000c-f08cd117d70a,671213,Triston Casas,,,,Flyout,field_out,,True,1B,1,False,False,False,False,
778780,29,3,07787806-0306-0043-000c-f08cd117d70a,647351,Abraham Toro,,,1B,Single,single,,False,,,False,False,False,False,
778780,30,4,07787806-0316-0053-000c-f08cd117d70a,647351,Abraham Toro,1B,1B,2B,Walk,walk,r_adv_force,False,,,False,False,False,False,
778780,30,4,07787806-0316-0053-000c-f08cd117d70a,686765,Nick Sogard,,,1B,Walk,walk,,False,,,False,False,False,False,
778780,31,0,07787806-0326-0013-000c-f08cd117d70a,681987,Nate Eaton,,,1B,Single,single,,False,,,False,False,False,False,
778780,31,0,07787806-0326-0013-000c-f08cd117d70a,647351,Abraham Toro,2B,2B,3B,Single,single,r_adv_force,False,,,False,False,False,False,
778780,31,0,07787806-0326-0013-000c-f08cd117d70a,686765,Nick Sogard,1B,1B,2B,Single,single,r_adv_force,False,,,False,False,False,False,
778780,32,1,07787806-0336-0023-000c-f08cd117d70a,691373,Jhostynxon Garcia,,,1B,Single,single,,False,,,False,False,False,False,
778780,32,1,07787806-0336-0023-000c-f08cd117d70a,686765,Nick Sogard,2B,2B,3B,Single,single,r_adv_force,False,,,False,False,False,False,
778780,32,1,07787806-0336-0023-000c-f08cd117d70a,686765,Nick Sogard,2B,3B,score,Single,single,r_adv_play,False,,,True,True,True,False,831148
778780,32,1,07787806-0336-0023-000c-f08cd117d70a,647351,Abraham Toro,3B,3B,score,Single,single,r_adv_force,False,,,True,True,True,False,831148
778780,32,1,07787806-0336-0023-000c-f08cd117d70a,681987,Nate Eaton,1B,1B,2B,Single,single,r_adv_force,False,,,False,False,False,False,
778780,33,3,07787806-0346-0043-000c-f08cd117d70a,681987,Nate Eaton,2B,2B,3B,Hit By Pitch,hit_by_pitch,r_adv_force,False,,,False,False,False,False,
778780,33,3,07787806-0346-0043-000c-f08cd117d70a,691373,Jhostynxon Garcia,1B,1B,2B,Hit By Pitch,hit_by_pitch,r_adv_force,False,,,False,False,False,False,
778780,33,3,07787806-0346-0043-000c-f08cd117d70a,656627,Mark Kolozsvary,,,1B,Hit By Pitch,hit_by_pitch,,False,,,False,False,False,False,
778780,34,3,07787806-0356-0043-000c-f08cd117d70a,572204,Trayce Thompson,,,,Sac Fly,sac_fly,,True,1B,2,False,False,False,False,
778780,34,3,07787806-0356-0043-000c-f08cd117d70a,691373,Jhostynxon Garcia,2B,2B,3B,Sac Fly,sac_fly,r_adv_play,False,,,False,False,False,False,
778780,34,3,07787806-0356-0043-000c-f08cd117d70a,681987,Nate Eaton,3B,3B,score,Sac Fly,sac_fly,r_adv_play,False,,,True,True,True,False,831148
778780,35,4,07787806-0366-0043-000c-f08cd117d70a,656627,Mark Kolozsvary,1B,1B,2B,Stolen Base 2B,stolen_base_2b,r_stolen_base_2b,False,,,False,False,False,False,
778780,35,4,07787806-0366-0043-000c-f08cd117d70a,656627,Mark Kolozsvary,1B,2B,3B,Stolen Base 2B,stolen_base_2b,r_adv_play,False,,,False,False,False,False,
778780,35,4,07787806-0366-0043-000c-f08cd117d70a,691373,Jhostynxon Garcia,3B,3B,score,Error,error,r_adv_play,False,,,True,False,False,True,831148
778780,35,6,07787806-0366-0063-000c-f08cd117d70a,692225,Kristian Campbell,,,,Flyout,field_out,,True,1B,3,False,False,False,False,
778780,36,9,8da6ba2b-cff4-4af7-90c0-ae8484afa703,801298,Justin Bosland,,,,Strikeout,strikeout,,True,1B,1,False,False,False,False,
778780,37,0,30204809-c2d0-4e77-a52e-6221e3ffc6b8,695664,Harrison Feinberg,,,,Groundout,field_out,,True,1B,2,False,False,False,False,
778780,38,5,1a7f5a2a-1b00-42c5-affc-148336e5f690,822819,Chris Walsh,,,,Groundout,field_out,,True,1B,3,False,False,False,False,
778780,39,11,0947f8ee-f73b-47bb-900a-989fae4e27e8,691785,Marcelo Mayer,,,,Strikeout,strikeout,,True,1B,1,False,False,False,False,
778780,40,5,fbaa9aae-3b9c-4c7b-be10-815e095b2dca,671213,Triston Casas,,,,Groundout,field_out,,True,1B,2,False,False,False,False,
778780,41,4,21b065b7-4a51-4321-bfe0-02821ecce78d,647351,Abraham Toro,,,,Flyout,field_out,,True,1B,3,False,False,False,False,
778780,42,12,7740fe54-080a-4a70-919c-98d98e536cde,831145,Will Fosberg,,,,Strikeout,strikeout,,True,1B,1,False,False,False,False,
778780,43,5,e0ca2e0a-146e-4dd8-aaa1-df96a43234e1,831147,Eric Cha,,,,Strikeout,strikeout,,True,1B,2,False,False,False,False,
778780,44,4,33defc84-ede8-446a-9176-70e3b4ab9353,831143,Henry DiGiorgio,,,,Groundout,field_out,,True,1B,3,False,False,False,False,
778780,45,5,4cb8a668-e8ab-467d-a133-40ce92751a20,682011,Tyler Miller,,,1B,Walk,walk,,False,,,False,False,False,False,
778780,46,2,571cd6ee-8994-4e46-9eb9-e3c1de7a5d76,694812,Tyler McDonough,,,,Strikeout,strikeout,,True,1B,1,False,False,False,False,
778780,47,5,9cab0a6e-869d-4c9c-8654-9e3ee643ecaf,689651,Phillip Sikes,,,,Groundout,field_out,,True,1B,2,False,False,False,False,
778780,47,5,9cab0a6e-869d-4c9c-8654-9e3ee643ecaf,682011,Tyler Miller,1B,1B,2B,Groundout,field_out,r_adv_force,False,,,False,False,False,False,
778780,48,7,4e58a83a-e590-4c55-884f-a2560f258fef,687208,Nathan Hickey,,,1B,Single,single,,False,,,False,False,False,False,
778780,48,7,4e58a83a-e590-4c55-884f-a2560f258fef,682011,Tyler Miller,2B,2B,score,Single,single,r_adv_play,False,,,True,True,True,False,822820
778780,49,2,c5ea06f4-64f5-4f2d-8b64-89acfea975ed,687208,Nathan Hickey,1B,1B,,Forceout,force_out,r_force_out,True,2B,3,False,False,False,False,
778780,49,2,c5ea06f4-64f5-4f2d-8b64-89acfea975ed,691370,Juan Chacon,,,1B,Forceout,force_out,,False,,,False,False,False,False,
778780,50,3,ef6d1d39-e3a6-4e92-bcf4-cee519af4167,809694,Carmelo Musacchia,,,,Flyout,field_out,,True,1B,1,False,False,False,False,
778780,51,5,96f50025-6414-48ae-86d6-07550b32ca61,822815,Ryan Gerety,,,,Strikeout,strikeout,,True,1B,2,False,False,False,False,
778780,52,3,9a680383-3aaf-4ca2-9bfd-408e0e8d006a,801295,Brett Dunham,,,,Groundout,field_out,,True,1B,3,False,False,False,False,
778760,0,6,f14d8931-cd7a-4c20-b459-485d8171422a,605141,Mookie Betts,,,,Groundout,field_out,,True,1B,1,False,False,False,False,
778760,1,1,aba30449-9e5b-4d56-998a-78ad9fc1b0e5,669242,Tommy Edman,,,1B,Field Error,field_error,,False,,,False,False,False,False,
778760,2,5,09137315-6306-4149-bda4-75349dea2404,669242,Tommy Edman,1B,1B,,Grounded Into DP,grounded_into_double_play,r_force_out,True,2B,2,False,False,False,False,
778760,2,5,09137315-6306-4149-bda4-75349dea2404,624424,Michael Conforto,,,,Grounded Into DP,grounded_into_double_play,,True,1B,3,False,False,False,False,
778760,3,4,634d60fb-39a7-468e-8828-3c5c025f8ecd,664023,Ian Happ,,,1B,Single,single,,False,,,False,False,False,False,
778760,4,4,810af71d-6197-4930-9d1a-34a670a8bdd2,621020,Dansby Swanson,,,,Flyout,field_out,,True,1B,1,False,False,False,False,
778760,5,4,bd6d765c-ff81-40b4-8b8b-118cff0e011c,673548,Seiya Suzuki,,,,Strikeout,strikeout,,True,1B,2,False,False,False,False,
778760,6,2,8358d24e-32dc-4371-8add-e576227e6f6a,691718,Pete Crow-Armstrong,,,,Strikeout,strikeout,,True,1B,3,False,False,False,False,
778760,7,4,ff0d6397-295a-40d0-a659-330abfd0d9a8,605131,Austin Barnes,,,1B,Single,single,,False,,,False,False,False,False,
778760,8,5,683308ec-a763-4112-99a1-662ba4499a54,571771,Enrique Hernández,,,,Strikeout,strikeout,,True,1B,1,False,False,False,False,
778760,9,2,ee490da2-471e-40b2-aa9d-5675969b7018,500743,Miguel Rojas,,,1B,Single,single,,False,,,False,False,False,False,
778760,9,2,ee490da2-471e-40b2-aa9d-5675969b7018,605131,Austin Barnes,1B,1B,2B,Single,single,r_adv_force,False,,,False,False,False,False,
778760,10,1,6ef06730-4fca-4417-8967-98c8c3d567ad,621035,Chris Taylor,,,1B,Single,single,,False,,,False,False,False,False,
778760,10,1,6ef06730-4fca-4417-8967-98c8c3d567ad,605131,Austin Barnes,2B,2B,3B,Single,single,r_adv_force,False,,,False,False,False,False,
778760,10,1,6ef06730-4fca-4417-8967-98c8c3d567ad,500743,Miguel Rojas,1B,1B,2B,Single,single,r_adv_force,False,,,False,False,False,False,
778760,11,6,331db282-e90c-454c-90b6-119c47272806,605131,Austin Barnes,3B,3B,,Forceout,force_out,r_force_out,True,4B,2,False,False,False,False,
778760,11,6,331db282-e90c-454c-90b6-119c47272806,500743,Miguel Rojas,2B,2B,3B,Forceout,force_out,r_adv_play,False,,,False,False,False,False,
778760,11,6,331db282-e90c-454c-90b6-119c47272806,621035,Chris Taylor,1B,1B,2B,Forceout,force_out,r_adv_play,False,,,False,False,False,False,
778760,11,6,331db282-e90c-454c-90b6-119c47272806,681624,Andy Pages,,,1B,Forceout,force_out,,False,,,False,False,False,False,
778760,12,6,7f87ba9d-75a7-46b4-905c-5606988a1f0e,669899,Ryan Ward,,,,Strikeout,strikeout,,True,1B,3,False,False,False,False,
778760,13,2,a7720f16-4ade-4b62-86dd-ac2488e0354f,665804,Miguel Amaya,,,1B,Hit By Pitch,hit_by_pitch,,False,,,False,False,False,False,
778760,14,3,c60a09ff-1586-415e-be52-84d065832d3f,542932,Jon Berti,,,1B,Single,single,,False,,,False,False,False,False,
778760,14,3,c60a09ff-1586-415e-be52-84d065832d3f,665804,Miguel Amaya,1B,1B,2B,Single,single,r_adv_force,False,,,False,False,False,False,
778760,15,3,52c6beb2-506e-466f-b262-4a449b3008fd,542932,Jon Berti,1B,1B,,Forceout,force_out,r_force_out,True,2B,1,False,False,False,False,
778760,15,3,52c6beb2-506e-466f-b262-4a449b3008fd,665804,Miguel Amaya,2B,2B,3B,Forceout,force_out,r_adv_play,False,,,False,False,False,False,
778760,15,3,52c6beb2-506e-466f-b262-4a449b3008fd,660644,Vidal Bruján,,,1B,Forceout,force_out,,False,,,False,False,False,False,
778760,16,1,4523dc46-6ff1-4ec5-9c9f-85101c0d5d56,660644,Vidal Bruján,1B,1B,2B,Stolen Base 2B,stolen_base_2b,r_stolen_base_2b,False,,,False,False,False,False,
778760,16,7,a405bb5f-88d8-4c9c-bdfa-2fb4584c7b4c,675085,Jonathon Long,,,,Groundout,field_out,,True,1B,2,False,False,False,False,
778760,16,7,a405bb5f-88d8-4c9c-bdfa-2fb4584c7b4c,665804,Miguel Amaya,3B,3B,score,Groundout,field_out,r_adv_play,False,,,True,True,True,False,689017
778760,17,6,986702d2-abb0-44d0-b67d-00226ae38fbe,669398,Gage Workman,,,,Flyout,field_out,,True,1B,3,False,False,False,False,
778760,18,3,5aec85dc-5965-4945-be42-02057bcf6746,605141,Mookie Betts,,,1B,Single,single,,False,,,False,False,False,False,
778760,19,1,68bfdd02-bbeb-430f-b8e8-6f990f60a2bc,669242,Tommy Edman,,,1B,Single,single,,False,,,False,False,False,False,
778760,19,1,68bfdd02-bbeb-430f-b8e8-6f990f60a2bc,605141,Mookie Betts,1B,1B,2B,Single,single,r_adv_force,False,,,False,False,False,False,
778760,19,1,68bfdd02-bbeb-430f-b8e8-6f990f60a2bc,605141,Mookie Betts,1B,2B,3B,Single,single,r_adv_play,False,,,False,False,False,False,
778760,20,8,515cdc1a-1ff0-4d18-bfb8-1db105c1e58f,669242,Tommy Edman,1B,1B,2B,Walk,walk,r_adv_force,False,,,False,False,False,False,
778760,20,8,515cdc1a-1ff0-4d18-bfb8-1db105c1e58f,624424,Michael Conforto,,,1B,Walk,walk,,False,,,False,False,False,False,
778760,21,3,806c9713-ffb0-4213-950b-ea64c493c290,605131,Austin Barnes,,,1B,Single,single,,False,,,False,False,False,False,
778760,21,3,806c9713-ffb0-4213-950b-ea64c493c290,605141,Mookie Betts,3B,3B,score,Single,single,r_adv_force,False,,,True,True,True,False,668873
778760,21,3,806c9713-ffb0-4213-950b-ea64c493c290,669242,Tommy Edman,2B,2B,3B,Single,single,r_adv_force,False,,,False,False,False,False,
778760,21,3,806c9713-ffb0-4213-950b-ea64c493c290,624424,Michael Conforto,1B,1B,2B,Single,single,r_adv_force,False,,,False,False,False,False,
778760,22,8,90c13304-29e9-43aa-a647-9d4cb831951c,571771,Enrique Hernández,,,,Strikeout,strikeout,,True,1B,1,False,False,False,False,
778760,23,1,be97a7a5-616e-49bb-8079-548a6d11ac9a,605131,Austin Barnes,1B,1B,,Grounded Into DP,grounded_into_double_play,r_force_out,True,2B,2,False,False,False,False,
778760,23,1,be97a7a5-616e-49bb-8079-548a6d11ac9a,500743,Miguel Rojas,,,,Grounded Into DP,grounded_into_double_play,,True,1B,3,False,False,False,False,
778760,24,1,4826ce1e-c48a-4baf-9a44-8c22952d28ef,664023,Ian Happ,,,2B,Double,double,,False,,,False,False,False,False,
778760,25,1,c0236869-c6bd-40cb-a674-c2da81be83c9,621020,Dansby Swanson,,,,Flyout,field_out,,True,1B,1,False,False,False,False,
778760,26,1,df110a39-b637-442e-aff2-64be81086f94,673548,Seiya Suzuki,,,,Flyout,field_out,,True,1B,2,False,False,False,False,
778760,26,1,df110a39-b637-442e-aff2-64be81086f94,664023,Ian Happ,2B,2B,3B,Flyout,field_out,r_adv_play,False,,,False,False,False,False,
778760,27,1,d2252ed5-0c07-4691-b5db-587b635f4c81,664023,Ian Happ,3B,3B,score,Wild Pitch,wild_pitch,r_adv_play,False,,,True,False,True,False,472610
778760,27,3,e349a6f3-6239-4206-a35c-936cbb5fe98a,691718,Pete Crow-Armstrong,,,2B,Double,double,,False,,,False,False,False,False,
778760,28,4,af28864f-2c25-4e62-a3e8-1be378f41586,665804,Miguel Amaya,,,score,Home Run,home_run,,False,,,True,True,True,False,472610
778760,28,4,af28864f-2c25-4e62-a3e8-1be378f41586,691718,Pete Crow-Armstrong,2B,2B,score,Home Run,home_run,r_adv_force,False,,,True,True,True,False,472610
778760,29,0,705d4d5b-dd0a-4fed-bbdf-80d7def511c5,542932,Jon Berti,,,,Groundout,field_out,,True,1B,3,False,False,False,False,
778760,30,3,e17ccbe4-28c2-489a-9e34-5ce78078368b,621035,Chris Taylor,,,,Strikeout,strikeout,,True,1B,1,False,False,False,False,
778760,31,4,bf0d3502-e24c-493e-80fd-710f30ab3d59,681624,Andy Pages,,,,Strikeout,strikeout,,True,1B,2,False,False,False,False,
778760,32,0,c4386138-d8ec-4ae0-90eb-52b21ed05ea7,669899,Ryan Ward,,,1B,Single,single,,False,,,False,False,False,False,
778760,33,0,d072fca1-95e3-45e0-ac36-17a4289e6744,605141,Mookie Betts,,,1B,Single,single,,False,,,False,False,False,False,
778760,33,0,d072fca1-95e3-45e0-ac36-17a4289e6744,669899,Ryan Ward,1B,1B,2B,Single,single,r_adv_force,False,,,False,False,False,False,
778760,33,0,d072fca1-95e3-45e0-ac36-17a4289e6744,669899,Ryan Ward,1B,2B,3B,Single,single,r_adv_play,False,,,False,False,False,False,
778760,34,3,fda2e380-1b41-44a0-a9df-0a32e6ae42b5,669242,Tommy Edman,,,,Lineout,field_out,,True,1B,3,False,False,False,False,
778760,35,2,466f5ab9-82c5-4c73-a01c-041014b659e1,660644,Vidal Bruján,,,3B,Triple,triple,,False,,,False,False,False,False,
778760,36,6,75edf76d-a66e-45db-94f5-4998babec1a1,675085,Jonathon Long,,,,Strikeout,strikeout,,True,1B,1,False,False,False,False,
778760,37,6,f945dee2-c1ab-45ae-853f-8f005aae9617,669398,Gage Workman,,,,Sac Fly,sac_fly,,True,1B,2,False,False,False,False,
778760,37,6,f945dee2-c1ab-45ae-853f-8f005aae9617,660644,Vidal Bruján,3B,3B,score,Sac Fly,sac_fly,r_adv_play,False,,,True,True,True,False,676508
778760,38,8,fcf7dc8c-9445-4ad7-b5da-efdc275290d4,664023,Ian Happ,,,1B,Walk,walk,,False,,,False,False,False,False,
778760,39,2,01f34ea8-a4e1-438f-bde3-5484e428e150,621020,Dansby Swanson,,,1B,Single,single,,False,,,False,False,False,False,
778760,39,2,01f34ea8-a4e1-438f-bde3-5484e428e150,682634,Kevin Alcántara,1B,1B,2B,Single,single,r_adv_force,False,,,False,False,False,False,
778760,40,4,906efc12-9f21-4bbc-bf86-2a83938bcaf3,673548,Seiya Suzuki,,,,Flyout,field_out,,True,1B,3,False,False,False,False,
778760,41,6,c873780f-6f17-4d40-b2d8-ee636fe1f6ad,624424,Michael Conforto,,,,Strikeout,strikeout,,True,1B,1,False,False,False,False,
778760,42,5,a62115cb-b854-4df2-b155-2611da7b9450,605131,Austin Barnes,,,,Strikeout,strikeout,,True,1B,2,False,False,False,False,
778760,43,5,e8fb39d3-8b09-4919-8c69-5aaf35369d54,571771,Enrique Hernández,,,1B,Walk,walk,,False,,,False,False,False,False,
778760,44,0,c5e2147e-beda-4b63-ad9d-4caaa150f4f4,500743,Miguel Rojas,,,1B,Single,single,,False,,,False,False,False,False,
778760,44,0,c5e2147e-beda-4b63-ad9d-4caaa150f4f4,571771,Enrique Hernández,1B,1B,2B,Single,single,r_adv_force,False,,,False,False,False,False,
778760,45,0,4a25726b-a806-4d19-8a3a-14bc5dbb1a21,621035,Chris Taylor,,,1B,Single,single,,False,,,False,False,False,False,
778760,45,0,4a25726b-a806-4d19-8a3a-14bc5dbb1a21,500743,Miguel Rojas,1B,1B,2B,Single,single,r_adv_force,False,,,False,False,False,False,
778760,45,0,4a25726b-a806-4d19-8a3a-14bc5dbb1a21,500743,Miguel Rojas,1B,2B,,Runner Out,other_out,r_thrown_out,True,3B,3,False,False,False,False,
778760,45,0,4a25726b-a806-4d19-8a3a-14bc5dbb1a21,571771,Enrique Hernández,2B,2B,3B,Runner Out,other_out,r_adv_force,False,,,False,False,False,False,
778760,46,8,fb3b8660-88af-42e7-8681-437cb1a4a095,691718,Pete Crow-Armstrong,,,,Flyout,field_out,,True,1B,1,False,False,False,False,
778760,47,2,4b1423e1-c4fc-4c94-9c0d-191846209bfe,665804,Miguel Amaya,,,1B,Single,single,,False,,,False,False,False,False,
778760,48,1,1d010e1b-f07b-4f65-ad5e-b84c34ad2ab9,701496,Ben Cowles,1B,1B,,Forceout,force_out,r_force_out,True,2B,2,False,False,False,False,
778760,48,1,1d010e1b-f07b-4f65-ad5e-b84c34ad2ab9,542932,Jon Berti,,,1B,Forceout,force_out,,False,,,False,False,False,False,
778760,49,0,44b4b06b-259e-4f47-80e2-898b8aa16aad,660644,Vidal Bruján,,,,Flyout,field_out,,True,1B,3,False,False,False,False,
778760,50,10,d347349c-921d-487f-bc01-49bf99d35137,681624,Andy Pages,,,1B,Single,single,,False,,,False,False,False,False,
778760,51,6,d83f63c8-b8c7-4912-aa85-9a09cc7d6e3b,669899,Ryan Ward,,,,Strikeout,strikeout,,True,1B,1,False,False,False,False,
778760,52,5,c26a6815-b014-4069-af5d-b30d47f69c53,687221,Dalton Rushing,,,,Strikeout,strikeout,,True,1B,2,False,False,False,False,
778760,53,3,2ac71386-d78b-4065-b5b2-8b904e9484a0,702789,Austin Gauthier,,,1B,Field Error,field_error,,False,,,False,False,False,False,
778760,53,3,2ac71386-d78b-4065-b5b2-8b904e9484a0,814307,Zyhir Hope,1B,1B,2B,Field Error,field_error,r_adv_force,False,,,False,False,False,False,
778760,54,5,16a8cdde-b32f-46f2-b1e1-b950cc2dbf30,814307,Zyhir Hope,2B,2B,3B,Walk,walk,r_adv_force,False,,,False,False,False,False,
778760,54,5,16a8cdde-b32f-46f2-b1e1-b950cc2dbf30,702789,Austin Gauthier,1B,1B,2B,Walk,walk,r_adv_force,False,,,False,False,False,False,
778760,54,5,16a8cdde-b32f-46f2-b1e1-b950cc2dbf30,800543,Josue De Paula,,,1B,Walk,walk,,False,,,False,False,False,False,
778760,55,5,c1cefdde-bff4-466a-be28-7ec90ac2ec9c,682210,Kody Hoese,,,,Lineout,field_out,,True,1B,3,False,False,False,False,
778760,56,3,ec09fe91-8184-4f84-9f2c-886f59f91f6f,675085,Jonathon Long,,,,Groundout,field_out,,True,1B,1,False,False,False,False,
778760,57,2,4f7596e6-e548-4d99-aedd-9f4c27231f3f,669398,Gage Workman,,,1B,Single,single,,False,,,False,False,False,False,
778760,57,2,4f7596e6-e548-4d99-aedd-9f4c27231f3f,669398,Gage Workman,,1B,2B,Error,error,r_adv_play,False,,,False,False,False,False,
778760,58,3,18314a3a-a0c3-48a0-aa5d-5230d9b280d5,682634,Kevin Alcántara,,,2B,Double,double,,False,,,False,False,False,False,
778760,58,3,18314a3a-a0c3-48a0-aa5d-5230d9b280d5,669398,Gage Workman,2B,2B,3B,Double,double,r_adv_force,False,,,False,False,False,False,
778760,58,3,18314a3a-a0c3-48a0-aa5d-5230d9b280d5,669398,Gage Workman,2B,3B,score,Double,double,r_adv_play,False,,,True,True,True,False,682175
778760,59,5,9e17ab39-673d-4a51-8b89-854597e62773,682634,Kevin Alcántara,2B,2B,3B,Stolen Base 3B,stolen_base_3b,r_stolen_base_3b,False,,,False,False,False,False,
778760,59,6,53f0e7d3-4e33-482c-bd3b-5cbff371a190,553988,Dixon Machado,,,1B,Walk,walk,,False,,,False,False,False,False,
778760,60,3,ce861bd3-c84b-449d-b1e9-dfd74147306a,553988,Dixon Machado,1B,1B,2B,Stolen Base 2B,stolen_base_2b,r_stolen_base_2b,False,,,False,False,False,False,
778760,60,4,4546faa4-7363-42b7-978e-a8121c2cad44,673548,Seiya Suzuki,,,,Sac Fly,sac_fly,,True,1B,2,False,False,False,False,
778760,60,4,4546faa4-7363-42b7-978e-a8121c2cad44,682634,Kevin Alcántara,3B,3B,score,Sac Fly,sac_fly,r_adv_play,False,,,True,True,False,True,682175
778760,61,2,19f4ecea-a699-45c4-84e8-c2f0e2153ab0,694208,Moisés Ballesteros,,,,Strikeout,strikeout,,True,1B,3,False,False,False,False,
778760,62,7,14c84343-6e49-457f-bfe0-45c03a620cb5,674976,Griffin Lockwood-Powell,,,,Strikeout,strikeout,,True,1B,1,False,False,False,False,
778760,63,4,d5ddeb9e-d992-44a2-9644-6bda2e9ac0f9,693819,Kyle Nevin,,,1B,Walk,walk,,False,,,False,False,False,False,
778760,64,4,cc517d3b-d4ce-4eb1-a53b-7aed69205e1f,608360,Chris Okey,,,score,Home Run,home_run,,False,,,True,True,True,False,643494
778760,64,4,cc517d3b-d4ce-4eb1-a53b-7aed69205e1f,693819,Kyle Nevin,1B,1B,score,Home Run,home_run,r_adv_force,False,,,True,True,True,False,643494
778760,65,4,386157b7-25f0-44cc-bc00-3e0c635f7dc9,814307,Zyhir Hope,,,,Flyout,field_out,,True,1B,2,False,False,False,False,
778760,66,3,9c568d89-eedb-4826-ab2e-8a5d1980f03a,681909,Justin Dean,,,1B,Walk,walk,,False,,,False,False,False,False,
778760,67,2,9d7b64df-659f-4e3a-a80f-5808e2f5654c,681909,Justin Dean,1B,1B,2B,Hit By Pitch,hit_by_pitch,r_adv_force,False,,,False,False,False,False,
778760,67,2,9d7b64df-659f-4e3a-a80f-5808e2f5654c,687221,Dalton Rushing,,,1B,Hit By Pitch,hit_by_pitch,,False,,,False,False,False,False,
778760,68,7,46bcd9b7-943c-4422-a91d-276c09ddab7e,681909,Justin Dean,2B,2B,3B,Walk,walk,r_adv_force,False,,,False,False,False,False,
778760,68,7,46bcd9b7-943c-4422-a91d-276c09ddab7e,687221,Dalton Rushing,1B,1B,2B,Walk,walk,r_adv_force,False,,,False,False,False,False,
778760,68,7,46bcd9b7-943c-4422-a91d-276c09ddab7e,702789,Austin Gauthier,,,1B,Walk,walk,,False,,,False,False,False,False,
778760,69,1,fb1c59fb-186e-4fc8-b8ff-96024e2b4e52,702789,Austin Gauthier,1B,1B,,Forceout,force_out,r_force_out,True,2B,3,False,False,False,False,
778760,69,1,fb1c59fb-186e-4fc8-b8ff-96024e2b4e52,800543,Josue De Paula,,,1B,Forceout,force_out,,False,,,False,False,False,False,
778760,70,7,c5b6904d-61c4-4cd6-b373-782e5eb3abf4,701496,Ben Cowles,,,,Strikeout,strikeout,,True,1B,1,False,False,False,False,
778760,71,2,df1fbc81-d7aa-45df-a438-c69d1ae72d4f,685091,Parker Chavers,,,,Strikeout,strikeout,,True,1B,2,False,False,False,False,
778760,72,2,7ddd100c-00d7-4e4f-9e87-c1ae7200d4d2,668664,Chase Strumpf,,,,Flyout,field_out,,True,1B,3,False,False,False,False,
778760,73,2,b7bb2ed9-6d67-4ee6-99ba-603018472670,682210,Kody Hoese,,,,Groundout,field_out,,True,1B,1,False,False,False,False,
778760,74,4,25c46d43-59ee-4dee-9432-ba92e600e7d1,674976,Griffin Lockwood-Powell,,,,Strikeout,strikeout,,True,1B,2,False,False,False,False,
778760,75,4,5a5de8b2-f5dd-4725-b76b-5445e63d8d01,693819,Kyle Nevin,,,,Pop Out,field_out,,True,1B,3,False,False,False,False,
778760,76,5,095a60fc-5666-4049-ba01-cba384a0d4ae,542208,Carlos Pérez,,,,Strikeout,strikeout,,True,1B,1,False,False,False,False,
778760,77,4,f4d35f77-a8a6-4601-9050-f057edf19a80,702333,Haydn McGeary,,,,Strikeout,strikeout,,True,1B,2,False,False,False,False,
778760,78,0,35e94ea5-f0ca-4566-919a-f7dc89b96870,682634,Kevin Alcántara,,,1B,Single,single,,False,,,False,False,False,False,
778760,79,2,5e2093ca-fbfe-41d2-845e-be663f1838a5,553988,Dixon Machado,,,,Flyout,field_out,,True,1B,3,False,False,False,False,
778760,80,5,e83a5009-190e-48f6-9b9d-74f4262ebcfb,608360,Chris Okey,,,1B,Single,single,,False,,,False,False,False,False,
778760,81,0,98a40c70-ef7d-4386-b290-f5aa27affa7b,608360,Chris Okey,1B,1B,,Grounded Into DP,grounded_into_double_play,r_force_out,True,2B,1,False,False,False,False,
778760,81,0,98a40c70-ef7d-4386-b290-f5aa27affa7b,814307,Zyhir Hope,,,,Grounded Into DP,grounded_into_double_play,,True,1B,2,False,False,False,False,
778760,82,2,d0f01e5d-eb18-4618-9086-ca4ae0933839,681909,Justin Dean,,,,Groundout,field_out,,True,1B,3,False,False,False,False,
778949,0,6,23fa4d8a-b8cc-4c76-92ca-21b1deb10775,543760,Marcus Semien,,,,Strikeout,strikeout,,True,1B,1,False,False,False,False,
778949,1,5,5ef633f1-c6ff-4b07-a1c7-1f5ce0d7b235,608369,Corey Seager,,,,Strikeout,strikeout,,True,1B,2,False,False,False,False,
778949,2,1,9f694569-563c-4f94-9f36-703b666e2d0b,673962,Josh Jung,,,,Groundout,field_out,,True,1B,3,False,False,False,False,
778949,3,2,565f5477-9efc-496c-b5a1-d1301b316bd2,663697,Jonathan India,,,1B,Single,single,,False,,,False,False,False,False,
778949,4,1,d6b77380-18e2-4bf7-91b0-900e812e113c,677951,Bobby Witt Jr.,,,,Flyout,field_out,,True,1B,1,False,False,False,False,
778949,5,5,66ea463a-a2d3-46e3-a532-c186d7026241,686469,Vinnie Pasquantino,,,,Grounded Into DP,grounded_into_double_play,,True,1B,2,False,False,False,False,
778949,5,5,66ea463a-a2d3-46e3-a532-c186d7026241,663697,Jonathan India,1B,1B,,Grounded Into DP,grounded_into_double_play,r_force_out,True,2B,3,False,False,False,False,
778949,6,1,e4b87259-2cb2-4695-8390-d6f94efc5a9f,666969,Adolis García,,,,Flyout,field_out,,True,1B,1,False,False,False,False,
778949,7,0,39407310-41a8-4762-b7a6-a9343af4b513,669394,Jake Burger,,,,Flyout,field_out,,True,1B,2,False,False,False,False,
778949,8,4,a46bbfab-e964-47a9-bbe5-41a51c4a7bea,641680,Jonah Heim,,,1B,Single,single,,False,,,False,False,False,False,
778949,9,1,4245b55f-368b-43d4-9b07-f184c7a4d588,677649,Ezequiel Duran,,,1B,Single,single,,False,,,False,False,False,False,
778949,9,1,4245b55f-368b-43d4-9b07-f184c7a4d588,641680,Jonah Heim,1B,1B,2B,Single,single,r_adv_force,False,,,False,False,False,False,
778949,10,5,18ed7e45-f946-4448-8b2d-d68566feaefd,677649,Ezequiel Duran,1B,1B,,Forceout,force_out,r_force_out,True,2B,3,False,False,False,False,
778949,10,5,18ed7e45-f946-4448-8b2d-d68566feaefd,665750,Leody Taveras,,,1B,Forceout,force_out,,False,,,False,False,False,False,
778949,11,3,e76e6dd4-6976-4b09-b93d-6a39dabfa8f0,592669,Hunter Renfroe,,,,Groundout,field_out,,True,1B,1,False,False,False,False,
778949,12,2,832101f6-3597-4d71-83d3-3dc509519678,686681,Michael Massey,,,1B,Hit By Pitch,hit_by_pitch,,False,,,False,False,False,False,
778949,13,3,5195cd78-c460-49ca-8049-14be81e50562,686681,Michael Massey,1B,1B,2B,Walk,walk,r_adv_force,False,,,False,False,False,False,
778949,13,3,5195cd78-c460-49ca-8049-14be81e50562,676369,Nelson Velázquez,,,1B,Walk,walk,,False,,,False,False,False,False,
778949,14,4,f7d62de0-448a-4e16-ae41-2b491bedca81,664728,Kyle Isbel,,,,Groundout,field_out,,True,1B,2,False,False,False,False,
778949,14,4,f7d62de0-448a-4e16-ae41-2b491bedca81,686681,Michael Massey,2B,2B,3B,Groundout,field_out,r_adv_force,False,,,False,False,False,False,
778949,14,4,f7d62de0-448a-4e16-ae41-2b491bedca81,676369,Nelson Velázquez,1B,1B,2B,Groundout,field_out,r_adv_force,False,,,False,False,False,False,
778949,15,2,a74a2ff3-349c-4c41-980a-65674310aa63,679845,Nick Loftin,,,1B,Single,single,,False,,,False,False,False,False,
778949,15,2,a74a2ff3-349c-4c41-980a-65674310aa63,676369,Nelson Velázquez,2B,2B,score,Single,single,r_adv_play,False,,,True,True,True,False,543135
778949,15,2,a74a2ff3-349c-4c41-980a-65674310aa63,686681,Michael Massey,3B,3B,score,Single,single,r_adv_play,False,,,True,True,True,False,543135
778949,16,4,47bbede8-1a5d-4069-9769-0d26ac479cc0,657247,Brian O'Keefe,,,,Strikeout,strikeout,,True,1B,3,False,False,False,False,
778949,17,1,dd5f353d-5d0a-423e-8eb2-f70d3b4eb488,664059,Sam Haggerty,,,1B,Single,single,,False,,,False,False,False,False,
778949,18,4,5c2a520e-9d77-497e-8434-d7d8cb35a81b,664059,Sam Haggerty,1B,1B,,Grounded Into DP,grounded_into_double_play,r_force_out,True,2B,1,False,False,False,False,
778949,18,4,5c2a520e-9d77-497e-8434-d7d8cb35a81b,543760,Marcus Semien,,,,Grounded Into DP,grounded_into_double_play,,True,1B,2,False,False,False,False,
778949,19,0,d9d7d6be-bf88-470d-8e73-106b19a79212,608369,Corey Seager,,,,Groundout,field_out,,True,1B,3,False,False,False,False,
778949,20,2,538d78f0-5ddd-4f59-8189-5b36a65828fb,663697,Jonathan India,,,,Flyout,field_out,,True,1B,1,False,False,False,False,
778949,21,2,7a832b8e-78aa-4df7-ba8d-3f9e692dd9f2,677951,Bobby Witt Jr.,,,,Flyout,field_out,,True,1B,2,False,False,False,False,
778949,22,4,5704c205-ec85-41dc-bccf-55ed3febdd49,686469,Vinnie Pasquantino,,,,Strikeout,strikeout,,True,1B,3,False,False,False,False,
778949,23,0,6de6e6e8-dce5-4f20-af04-a385f84ff6e6,673962,Josh Jung,,,,Groundout,field_out,,True,1B,1,False,False,False,False,
778949,24,5,36b9cfcb-ea43-4b5a-891b-7ca2a34bcd35,666969,Adolis García,,,,Strikeout,strikeout,,True,1B,2,False,False,False,False,
778949,25,0,d18dfb1b-a9ca-4dfc-88f1-02d2ca6e5b95,669394,Jake Burger,,,,Groundout,field_out,,True,1B,3,False,False,False,False,
778949,26,6,02155b6e-f9de-4d55-ac6e-7bf26d925eb6,592669,Hunter Renfroe,,,2B,Double,double,,False,,,False,False,False,False,
778949,27,4,d36681ed-863e-4372-a248-9664111a831f,686681,Michael Massey,,,,Flyout,field_out,,True,1B,1,False,False,False,False,
778949,27,4,d36681ed-863e-4372-a248-9664111a831f,592669,Hunter Renfroe,2B,2B,3B,Flyout,field_out,r_adv_play,False,,,False,False,False,False,
778949,28,0,838e750f-82c4-422d-990d-9f0a4f0bb55e,676369,Nelson Velázquez,,,,Flyout,field_out,,True,1B,2,False,False,False,False,
778949,29,7,1a0df7e2-7778-4acc-89da-8ff4b6c0a6ef,664728,Kyle Isbel,,,,Strikeout,strikeout,,True,1B,3,False,False,False,False,
778949,30,5,f0280b5d-b40f-4aab-8b5f-942944d64da9,641680,Jonah Heim,,,,Groundout,field_out,,True,1B,1,False,False,False,False,
778949,31,0,6d46f4fb-7e19-4f68-bfb6-737dee6ad791,677649,Ezequiel Duran,,,,Lineout,field_out,,True,1B,2,False,False,False,False,
778949,32,2,bf7be4a7-7cb3-41a7-a0cb-1f8c503b78de,665750,Leody Taveras,,,,Flyout,field_out,,True,1B,3,False,False,False,False,
778949,33,7,e93f3275-226f-4a1b-abcd-59e77d5cee15,679845,Nick Loftin,,,1B,Single,single,,False,,,False,False,False,False,
778949,34,2,da7d113a-40e6-4eb8-b258-586a21acd6d2,657247,Brian O'Keefe,,,,Flyout,field_out,,True,1B,1,False,False,False,False,
778949,34,2,da7d113a-40e6-4eb8-b258-586a21acd6d2,679845,Nick Loftin,1B,1B,2B,Flyout,field_out,r_adv_play,False,,,False,False,False,False,
778949,35,4,d0f00fba-d575-4c60-8c50-132581144b3c,663697,Jonathan India,,,1B,Walk,walk,,False,,,False,False,False,False,
778949,36,3,486d61f4-f94f-4377-a235-48f0ac6cfe4b,677951,Bobby Witt Jr.,,,,Flyout,field_out,,True,1B,2,False,False,False,False,
778949,37,0,66344abb-ac7f-4e5a-9704-ee1fc705e1a1,686469,Vinnie Pasquantino,,,,Groundout,field_out,,True,1B,3,False,False,False,False,
778949,38,16,7fe8c3be-5889-4cb0-aa87-ee54bbd17b5d,696030,Alejandro Osuna,,,1B,Single,single,,False,,,False,False,False,False,
778949,39,2,5d4aa25c-f9eb-4f96-ac0c-adb366d9cb79,696030,Alejandro Osuna,1B,1B,,Pickoff 1B,pickoff_1b,r_pickoff_1b,True,1B,1,False,False,False,False,
778949,39,9,54f272cd-108b-4823-9330-f333453257f8,676701,Alan Trejo,,,,Groundout,field_out,,True,1B,2,False,False,False,False,
778949,40,0,34c6abba-3d27-401b-bca1-267732b5da55,680716,Jonathan Ornelas,,,,Groundout,field_out,,True,1B,3,False,False,False,False,
778949,41,6,2dbd7a73-97f3-4f88-b36f-8dc86222a223,592669,Hunter Renfroe,,,,Strikeout,strikeout,,True,1B,1,False,False,False,False,
778949,42,3,94c68058-f072-4bc8-9dce-864e2ff236cf,680118,Dairon Blanco,,,1B,Walk,walk,,False,,,False,False,False,False,
778949,43,3,92a7d5a7-8b0b-4c84-8506-d7150e8c4421,694355,Tyler Gentry,,,,Strikeout,strikeout,,True,1B,2,False,False,False,False,
778949,44,1,58f89baa-9fea-47c7-9bde-8015688b8366,686894,Joey Wiemer,,,,Flyout,field_out,,True,1B,3,False,False,False,False,
778949,45,1,a4cbaaac-7b28-4083-b361-38e0613f0f54,683227,Cody Freeman,,,,Groundout,field_out,,True,1B,1,False,False,False,False,
778949,46,3,c867c72e-d7d8-4003-95c2-0d98dd4c73eb,679822,Justin Foscue,,,,Strikeout,strikeout,,True,1B,2,False,False,False,False,
778949,47,4,05faaac8-c3c2-4701-bf6a-f07babb95fd9,687957,Dustin Harris,,,,Flyout,field_out,,True,1B,3,False,False,False,False,
778949,48,3,eb4a8871-4173-4f4f-ba6d-dc48a63ab671,686475,Tyler Tolbert,,,,Groundout,field_out,,True,1B,1,False,False,False,False,
778949,49,0,5fc0fc03-0316-4320-a927-d7a702131a8f,681123,Luca Tresh,,,1B,Single,single,,False,,,False,False,False,False,
778949,50,4,8b55d614-d760-4b2d-871b-8a56d5543f3a,695506,Jac Caglianone,,,,Strikeout,strikeout,,True,1B,2,False,False,False,False,
778949,51,1,64791021-2326-42ad-9266-9c5c1374f327,686523,Peyton Wilson,,,,Lineout,field_out,,True,1B,3,False,False,False,False,
778949,52,1,e3738957-d682-4587-af32-a525fe7a8873,595453,Chad Wallach,,,2B,Double,double,,False,,,False,False,False,False,
778949,53,2,4ceffdb7-d2dc-4b90-a266-84bdfda1863f,688760,Blaine Crim,,,1B,Single,single,,False,,,False,False,False,False,
778949,53,2,4ceffdb7-d2dc-4b90-a266-84bdfda1863f,595453,Chad Wallach,2B,2B,3B,Single,single,r_adv_play,False,,,False,False,False,False,
778949,54,1,3411313f-4c7c-47e6-a116-94fe01cbabcf,669386,Trevor Hauver,,,2B,Double,double,,False,,,False,False,False,False,
778949,54,1,3411313f-4c7c-47e6-a116-94fe01cbabcf,688760,Blaine Crim,1B,1B,3B,Double,double,r_adv_force,False,,,False,False,False,False,
778949,54,1,3411313f-4c7c-47e6-a116-94fe01cbabcf,688760,Blaine Crim,1B,3B,score,Double,double,r_adv_play,False,,,True,True,True,False,680735
778949,54,1,3411313f-4c7c-47e6-a116-94fe01cbabcf,595453,Chad Wallach,3B,3B,score,Double,double,r_adv_play,False,,,True,True,True,False,680735
778949,55,1,0f47ffdb-27b9-464d-90ce-70c75b50ba9f,696030,Alejandro Osuna,,,,Double Play,double_play,,True,1B,1,False,False,False,False,
778949,55,1,0f47ffdb-27b9-464d-90ce-70c75b50ba9f,669386,Trevor Hauver,2B,2B,,Double Play,double_play,r_doubled_off,True,2B,2,False,False,False,False,
778949,56,5,177bf2f0-949b-45fc-9132-5832cee3fd90,676701,Alan Trejo,,,,Strikeout,strikeout,,True,1B,3,False,False,False,False,
778949,57,6,98c48ec2-27a5-493c-a908-fca07f5f2025,677954,Jordan Groshans,,,,Groundout,field_out,,True,1B,1,False,False,False,False,
778949,58,5,7bba97fd-09ad-43e8-a6e9-d668946684f2,695600,Carter Jensen,,,1B,Walk,walk,,False,,,False,False,False,False,
778949,59,2,5092cc8c-e3a0-48d7-9893-6252a7bd091e,680118,Dairon Blanco,,,1B,Single,single,,False,,,False,False,False,False,
778949,59,2,5092cc8c-e3a0-48d7-9893-6252a7bd091e,695600,Carter Jensen,1B,1B,2B,Single,single,r_adv_force,False,,,False,False,False,False,
778949,59,2,5092cc8c-e3a0-48d7-9893-6252a7bd091e,695600,Carter Jensen,1B,2B,3B,Single,single,r_adv_play,False,,,False,False,False,False,
778949,60,4,9d4819a9-ccb7-45d5-8f07-2e1c6a7e5c37,694355,Tyler Gentry,,,score,Home Run,home_run,,False,,,True,True,True,False,676510
778949,60,4,9d4819a9-ccb7-45d5-8f07-2e1c6a7e5c37,695600,Carter Jensen,3B,3B,score,Home Run,home_run,r_adv_force,False,,,True,True,True,False,676510
778949,60,4,9d4819a9-ccb7-45d5-8f07-2e1c6a7e5c37,680118,Dairon Blanco,1B,1B,score,Home Run,home_run,r_adv_force,False,,,True,True,True,False,676510
778949,61,4,6967e357-3676-4682-b73d-d5ff8d51f698,686894,Joey Wiemer,,,,Groundout,field_out,,True,1B,2,False,False,False,False,
778949,62,5,294f8a5f-5464-4481-8476-7c3aff996346,686475,Tyler Tolbert,,,2B,Double,double,,False,,,False,False,False,False,
778949,63,8,e9ac04e8-f44d-4021-a93b-d43f984fbe5d,681123,Luca Tresh,,,1B,Single,single,,False,,,False,False,False,False,
778949,63,8,e9ac04e8-f44d-4021-a93b-d43f984fbe5d,686475,Tyler Tolbert,2B,2B,3B,Single,single,r_adv_play,False,,,False,False,False,False,
778949,64,0,b4e1d8ae-d854-4fce-87f5-dfe9662ef2ee,695506,Jac Caglianone,,,,Flyout,field_out,,True,1B,3,False,False,False,False,
778949,65,4,5f6b89f3-b8e5-4962-86e7-c461fba02d8f,680716,Jonathan Ornelas,,,,Strikeout,strikeout,,True,1B,1,False,False,False,False,
778949,66,9,100f2e79-4fd3-4864-9ea3-55bc309b71a4,683227,Cody Freeman,,,2B,Double,double,,False,,,False,False,False,False,
778949,67,2,821a04e3-8567-4f83-bbf4-ebf67e0dda03,679822,Justin Foscue,,,,Groundout,field_out,,True,1B,2,False,False,False,False,
778949,68,0,94c604a6-7f77-4cab-b3b5-f4b4b5b357f8,687957,Dustin Harris,,,,Flyout,field_out,,True,1B,3,False,False,False,False,
787940,0,10,2a59f8b2-50ee-422e-be6a-77e6c4934859,686668,Brenton Doyle,,,,Strikeout,strikeout,,True,1B,1,False,False,False,False,
787940,1,3,d387f45f-ba03-4b64-8d3d-25d55c5e85fd,571657,Kyle Farmer,,,,Strikeout,strikeout,,True,1B,2,False,False,False,False,
787940,2,3,b75b2c0f-feae-4e31-82d5-f5774d91eebe,641857,Ryan McMahon,,,,Strikeout,strikeout,,True,1B,3,False,False,False,False,
787940,3,0,f0176c84-943b-4439-8c5b-4e690dc4ccea,606466,Ketel Marte,,,,Groundout,field_out,,True,1B,1,False,False,False,False,
787940,4,4,d800187a-e267-4b09-89d0-862dc40fb07f,677950,Alek Thomas,,,,Groundout,field_out,,True,1B,2,False,False,False,False,
787940,5,2,9859e524-49ed-42a8-bb20-78af5d0560bf,647304,Josh Naylor,,,,Strikeout,strikeout,,True,1B,3,False,False,False,False,
787940,6,2,936d13d8-d722-4f3b-96c3-cdaec7c4cef1,666134,Nolan Jones,,,,Pop Out,field_out,,True,1B,1,False,False,False,False,
787940,7,1,69c38ed8-4cac-44be-af82-7d89277c1e27,656248,Sean Bouchard,,,1B,Single,single,,False,,,False,False,False,False,
787940,8,3,bff28f53-b3ca-40c9-8c05-80efc3f34af9,696100,Hunter Goodman,,,,Strikeout,strikeout,,True,1B,2,False,False,False,False,
787940,9,0,dfad361d-db44-4c38-b625-edf143d35a94,687597,Jordan Beck,,,,Pop Out,field_out,,True,1B,3,False,False,False,False,
787940,10,0,4cc45ef3-ecfc-45e0-8842-441fd3b78d0d,553993,Eugenio Suárez,,,1B,Single,single,,False,,,False,False,False,False,
787940,11,1,3a8d7922-49d1-47aa-89b3-0c648b696d1e,553993,Eugenio Suárez,1B,1B,,Forceout,force_out,r_force_out,True,2B,1,False,False,False,False,
787940,11,1,3a8d7922-49d1-47aa-89b3-0c648b696d1e,664983,Jake McCarthy,,,1B,Forceout,force_out,,False,,,False,False,False,False,
787940,12,2,3aa760b4-2285-4039-b2ef-dd4ddee2935d,672515,Gabriel Moreno,,,,Lineout,field_out,,True,1B,2,False,False,False,False,
787940,13,5,6e345d7c-cf1b-46b7-abb4-c2cda3787358,545341,Randal Grichuk,,,,Strikeout,strikeout,,True,1B,3,False,False,False,False,
787940,14,4,d2baa439-2c9a-402c-935f-2916aa937058,669374,Keston Hiura,,,1B,Walk,walk,,False,,,False,False,False,False,
787940,15,2,45d93f4d-b692-4f03-beca-6a5cd05c30f9,691182,Adael Amador,,,,Lineout,field_out,,True,1B,1,False,False,False,False,
787940,16,4,f21e0204-d683-4a67-b17c-666613f46d7d,686668,Brenton Doyle,,,,Pop Out,field_out,,True,1B,2,False,False,False,False,
787940,17,4,70eca363-b8fc-4a48-b80a-b0fff64b1ee7,669374,Keston Hiura,1B,1B,2B,Walk,walk,r_adv_force,False,,,False,False,False,False,
787940,17,4,70eca363-b8fc-4a48-b80a-b0fff64b1ee7,571657,Kyle Farmer,,,1B,Walk,walk,,False,,,False,False,False,False,
787940,18,4,c4698846-53ec-4191-a2b5-f5095aa8eb46,669374,Keston Hiura,2B,2B,3B,Walk,walk,r_adv_force,False,,,False,False,False,False,
787940,18,4,c4698846-53ec-4191-a2b5-f5095aa8eb46,571657,Kyle Farmer,1B,1B,2B,Walk,walk,r_adv_force,False,,,False,False,False,False,
787940,18,4,c4698846-53ec-4191-a2b5-f5095aa8eb46,641857,Ryan McMahon,,,1B,Walk,walk,,False,,,False,False,False,False,
787940,19,6,188e9dbc-f443-4dac-a669-aa94e447ca9f,666134,Nolan Jones,,,,Strikeout,strikeout,,True,1B,3,False,False,False,False,
787940,20,6,d03fa727-91fe-4e35-aa2d-72675f146619,656976,Pavin Smith,,,,Pop Out,field_out,,True,1B,1,False,False,False,False,
787940,21,3,fad64485-7964-4dff-bd78-b76eaac91e66,672695,Geraldo Perdomo,,,2B,Double,double,,False,,,False,False,False,False,
787940,22,4,660ee8cc-bed8-4f59-ac43-83b288e491eb,606466,Ketel Marte,,,1B,Single,single,,False,,,False,False,False,False,
787940,22,4,660ee8cc-bed8-4f59-ac43-83b288e491eb,672695,Geraldo Perdomo,2B,2B,score,Single,single,r_adv_play,False,,,True,True,True,False,683627
787940,23,3,f61f0c71-d41b-45af-8732-27a8d8d20e8d,677950,Alek Thomas,,,1B,Single,single,,False,,,False,False,False,False,
787940,23,3,f61f0c71-d41b-45af-8732-27a8d8d20e8d,641658,Garrett Hampson,1B,1B,2B,Single,single,r_adv_force,False,,,False,False,False,False,
787940,24,5,87425739-797a-40ad-84cb-4c8e8877d049,647304,Josh Naylor,,,,Groundout,field_out,,True,1B,2,False,False,False,False,
787940,24,5,87425739-797a-40ad-84cb-4c8e8877d049,641658,Garrett Hampson,2B,2B,3B,Groundout,field_out,r_adv_force,False,,,False,False,False,False,
787940,24,5,87425739-797a-40ad-84cb-4c8e8877d049,677950,Alek Thomas,1B,1B,2B,Groundout,field_out,r_adv_force,False,,,False,False,False,False,
787940,25,2,e0f3453c-e467-4a77-9e99-4d014fffddd1,553993,Eugenio Suárez,,,1B,Single,single,,False,,,False,False,False,False,
787940,25,2,e0f3453c-e467-4a77-9e99-4d014fffddd1,677950,Alek Thomas,2B,2B,score,Single,single,r_adv_play,False,,,True,True,True,False,683627
787940,25,2,e0f3453c-e467-4a77-9e99-4d014fffddd1,641658,Garrett Hampson,3B,3B,score,Single,single,r_adv_play,False,,,True,True,True,False,683627
787940,26,8,b5d24e9a-fcc9-492c-b8af-3280b449f972,664983,Jake McCarthy,,,,Lineout,field_out,,True,1B,3,False,False,False,False,
787940,27,5,ebe8173c-63b7-49cf-b00a-8c2fc05f28d1,656248,Sean Bouchard,,,2B,Double,double,,False,,,False,False,False,False,
787940,28,0,79293911-f484-4fbf-8b52-6ad60dcda037,696100,Hunter Goodman,,,1B,Single,single,,False,,,False,False,False,False,
787940,28,0,79293911-f484-4fbf-8b52-6ad60dcda037,656248,Sean Bouchard,2B,2B,3B,Single,single,r_adv_play,False,,,False,False,False,False,
787940,29,6,b7ef3130-6f77-43d2-8411-0bad35a3515d,696100,Hunter Goodman,1B,1B,2B,Walk,walk,r_adv_force,False,,,False,False,False,False,
787940,29,6,b7ef3130-6f77-43d2-8411-0bad35a3515d,687597,Jordan Beck,,,1B,Walk,walk,,False,,,False,False,False,False,
787940,30,8,f9ba4a53-7df1-4bff-84c1-79f03e4e3ce0,669374,Keston Hiura,,,,Pop Out,field_out,,True,1B,1,False,False,False,False,
787940,31,4,066d2073-5d9f-4a62-b45f-6d0c016cc079,691182,Adael Amador,,,1B,Single,single,,False,,,False,False,False,False,
787940,31,4,066d2073-5d9f-4a62-b45f-6d0c016cc079,656248,Sean Bouchard,3B,3B,score,Single,single,r_adv_force,False,,,True,True,True,False,809109
787940,31,4,066d2073-5d9f-4a62-b45f-6d0c016cc079,696100,Hunter Goodman,2B,2B,3B,Single,single,r_adv_force,False,,,False,False,False,False,
787940,31,4,066d2073-5d9f-4a62-b45f-6d0c016cc079,687597,Jordan Beck,1B,1B,2B,Single,single,r_adv_force,False,,,False,False,False,False,
787940,32,0,2030c420-d9bd-4d72-b18a-4526e5c79e27,686668,Brenton Doyle,,,score,Home Run,home_run,,False,,,True,True,True,False,677916
787940,32,0,2030c420-d9bd-4d72-b18a-4526e5c79e27,696100,Hunter Goodman,3B,3B,score,Home Run,home_run,r_adv_force,False,,,True,True,True,False,809109
787940,32,0,2030c420-d9bd-4d72-b18a-4526e5c79e27,687597,Jordan Beck,2B,2B,score,Home Run,home_run,r_adv_force,False,,,True,True,True,False,809109
787940,32,0,2030c420-d9bd-4d72-b18a-4526e5c79e27,691182,Adael Amador,1B,1B,score,Home Run,home_run,r_adv_force,False,,,True,True,True,False,677916
787940,33,5,049551c6-f4ef-4d3e-b6b2-f761f554b355,571657,Kyle Farmer,,,,Groundout,field_out,,True,1B,2,False,False,False,False,
787940,34,4,47c17fc9-8e18-4a2d-bc07-81bc0513c51b,691720,Kyle Karros,,,,Pop Out,field_out,,True,1B,3,False,False,False,False,
787940,35,5,1448b8e4-efff-40ef-80a8-5e5c07fd7297,650907,René Pinto,,,,Groundout,field_out,,True,1B,1,False,False,False,False,
787940,36,4,75de70da-46a2-49b2-b452-f062dac6ae5a,545341,Randal Grichuk,,,,Lineout,field_out,,True,1B,2,False,False,False,False,
787940,37,5,d734ee96-ba7c-4b00-892e-e6c6500e6938,656976,Pavin Smith,,,1B,Walk,walk,,False,,,False,False,False,False,
787940,38,3,3a54408c-fc6a-45c3-a72a-49312ec39294,672695,Geraldo Perdomo,,,,Flyout,field_out,,True,1B,3,False,False,False,False,
787940,39,9,e06cbb92-0b6b-4409-9f4f-e9056ef055eb,666134,Nolan Jones,,,,Pop Out,field_out,,True,1B,1,False,False,False,False,
787940,40,6,acf0ba49-0f47-4046-9fe7-3af1f65897ca,692585,Yanquiel Fernández,,,,Flyout,field_out,,True,1B,2,False,False,False,False,
787940,41,1,64b5c892-bb72-4dac-94ac-89e3d0f54f1a,696100,Hunter Goodman,,,,Lineout,field_out,,True,1B,3,False,False,False,False,
787940,42,5,f92525c5-43d0-4255-81d7-30877054b9b2,641658,Garrett Hampson,,,1B,Single,single,,False,,,False,False,False,False,
787940,43,5,d2c33b68-ee08-469a-be25-c8192391b7e9,677950,Alek Thomas,,,,Groundout,field_out,,True,1B,1,False,False,False,False,
787940,43,5,d2c33b68-ee08-469a-be25-c8192391b7e9,641658,Garrett Hampson,1B,1B,2B,Groundout,field_out,r_adv_force,False,,,False,False,False,False,
787940,44,3,736106e0-fbaf-463b-8365-c158aeaf012e,641658,Garrett Hampson,2B,2B,3B,Stolen Base 3B,stolen_base_3b,r_stolen_base_3b,False,,,False,False,False,False,
787940,44,4,e0bfdca4-b4c7-4f05-a8d9-73ad5227be1e,663536,Tristin English,,,1B,Single,single,,False,,,False,False,False,False,
787940,44,4,e0bfdca4-b4c7-4f05-a8d9-73ad5227be1e,641658,Garrett Hampson,3B,3B,score,Single,single,r_adv_play,False,,,True,True,True,False,623474
787940,45,2,1f0a29d5-3289-4b9e-843a-ba2b36f9c7cc,545121,Ildemaro Vargas,,,score,Home Run,home_run,,False,,,True,True,True,False,623474
787940,45,2,1f0a29d5-3289-4b9e-843a-ba2b36f9c7cc,663536,Tristin English,1B,1B,score,Home Run,home_run,r_adv_force,False,,,True,True,True,False,623474
787940,46,2,30f946fb-bb66-45cd-a86a-5d11496fef0b,664983,Jake McCarthy,,,,Groundout,field_out,,True,1B,2,False,False,False,False,
787940,47,2,3e113fca-5a4c-4d5d-ad4f-2cb921c55e0a,650907,René Pinto,,,1B,Single,single,,False,,,False,False,False,False,
787940,48,2,d1bdaa06-94c1-47fa-908e-b09794e66c21,691021,A.J. Vukovich,,,,Lineout,field_out,,True,1B,3,False,False,False,False,
787940,49,6,9944a75d-f92e-4876-95e8-dd9ec821a39b,687597,Jordan Beck,,,,Strikeout,strikeout,,True,1B,1,False,False,False,False,
787940,50,4,c0aed5d3-f79c-44dc-81e1-24a839cd9ebc,669374,Keston Hiura,,,,Strikeout,strikeout,,True,1B,2,False,False,False,False,
787940,51,0,adfc9936-47ef-4c16-804d-12f79f66290e,691182,Adael Amador,,,,Groundout,field_out,,True,1B,3,False,False,False,False,
787940,52,12,3c94ef0c-2056-4d00-90df-ffa7a2c7dd5b,694374,Tim Tawa,,,1B,Walk,walk,,False,,,False,False,False,False,
787940,53,3,ff43ed76-6115-4758-b276-111ec07296af,666197,Grae Kessinger,,,,Flyout,field_out,,True,1B,1,False,False,False,False,
787940,54,4,2e332751-a15c-4737-8f43-9def368cd171,694374,Tim Tawa,1B,1B,,Grounded Into DP,grounded_into_double_play,r_force_out,True,2B,2,False,False,False,False,
787940,54,4,2e332751-a15c-4737-8f43-9def368cd171,641658,Garrett Hampson,,,,Grounded Into DP,grounded_into_double_play,,True,1B,3,False,False,False,False,
787940,55,6,303dae13-b114-4bc9-ad1c-953f7836c707,675659,Greg Jones,,,,Strikeout,strikeout,,True,1B,1,False,False,False,False,
787940,56,2,ff836b3c-cf86-4007-81c9-5c45249f4b7e,680911,Owen Miller,,,,Pop Out,field_out,,True,1B,2,False,False,False,False,
787940,57,0,3a04d8ef-af4d-4d1e-bdcc-5cd8c0eb8ae5,691720,Kyle Karros,,,1B,Single,single,,False,,,False,False,False,False,
787940,58,1,80bb0160-d08c-427d-9ab3-9b111822bc5b,691728,Zac Veen,,,2B,Double,double,,False,,,False,False,False,False,
787940,58,1,80bb0160-d08c-427d-9ab3-9b111822bc5b,691720,Kyle Karros,1B,1B,3B,Double,double,r_adv_force,False,,,False,False,False,False,
787940,58,1,80bb0160-d08c-427d-9ab3-9b111822bc5b,691720,Kyle Karros,1B,3B,score,Double,double,r_adv_play,False,,,True,True,True,False,688497
787940,59,1,7190bb75-bbe0-4ce1-a3e7-0b77e83738da,692585,Yanquiel Fernández,,,,Pop Out,field_out,,True,1B,3,False,False,False,False,
787940,60,5,d1aba472-da34-4901-bec5-13b8736d0ace,665506,Cristian Pache,,,,Strikeout,strikeout,,True,1B,1,False,False,False,False,
787940,61,0,0be4d5ec-380b-494b-8d0e-cf6c8b1acac4,663536,Tristin English,,,,Pop Out,field_out,,True,1B,2,False,False,False,False,
787940,62,3,f2914528-275b-4c09-a1c8-5a135ac15f82,545121,Ildemaro Vargas,,,,Strikeout,strikeout,,True,1B,3,False,False,False,False,
787940,63,1,6b9aef1b-2ba7-4662-b612-857437b3822d,690924,Braxton Fulford,,,2B,Double,double,,False,,,False,False,False,False,
787940,64,2,d12e968e-cfe7-4c70-aa7a-2c088effcf69,694514,Sterlin Thompson,,,,Flyout,field_out,,True,1B,1,False,False,False,False,
787940,65,6,ccda583e-eed1-4121-bacf-7e4d0660b02d,694249,Cole Carrigg,2B,2B,3B,Stolen Base 3B,stolen_base_3b,r_stolen_base_3b,False,,,False,False,False,False,
787940,65,9,4b15f2ca-c38a-4a61-ab62-0c78740faa53,695603,Benny Montgomery,,,1B,Walk,walk,,False,,,False,False,False,False,
787940,66,7,d1415660-5a78-4963-8e7a-7cb9dbc556b4,695603,Benny Montgomery,1B,1B,2B,Walk,walk,r_adv_force,False,,,False,False,False,False,
787940,66,7,d1415660-5a78-4963-8e7a-7cb9dbc556b4,679734,Julio Carreras,,,1B,Walk,walk,,False,,,False,False,False,False,
787940,67,3,bfde3b3c-3bcd-4543-9adf-1beceade3168,675659,Greg Jones,,,,Strikeout,strikeout,,True,1B,2,False,False,False,False,
787940,68,0,8bf57503-7e63-4638-a67b-2e8ea03cbfb9,680911,Owen Miller,,,,Flyout,field_out,,True,1B,3,False,False,False,False,
787940,69,8,589a6c8b-e029-4f03-aced-77ec99e2d7b1,677565,Kristian Robinson,,,,Strikeout,strikeout,,True,1B,1,False,False,False,False,
787940,70,4,beccfd44-2cf7-41e1-9c6f-9aab914dcd4a,650907,René Pinto,,,,Flyout,field_out,,True,1B,2,False,False,False,False,
787940,71,3,fc294c04-9e2d-406d-95fc-505fc0c3d3c5,691021,A.J. Vukovich,,,,Lineout,field_out,,True,1B,3,False,False,False,False,
787940,72,5,e4ba4cca-4412-423f-91ee-9ef16dc3ebf8,691720,Kyle Karros,,,1B,Single,single,,False,,,False,False,False,False,
787940,73,2,1ebf9349-ac99-4816-9dc1-772b7de8167d,691728,Zac Veen,,,,Strikeout,strikeout,,True,1B,1,False,False,False,False,
787940,74,5,39fd0feb-6af1-4fa7-a296-fa2b37bb890e,692585,Yanquiel Fernández,,,2B,Double,double,,False,,,False,False,False,False,
787940,74,5,39fd0feb-6af1-4fa7-a296-fa2b37bb890e,691720,Kyle Karros,1B,1B,3B,Double,double,r_adv_force,False,,,False,False,False,False,
787940,75,4,07879406-0766-1033-000c-f08cd117d70a,668845,Aaron Schunk,,,1B,Intent Walk,intent_walk,,False,,,False,False,False,False,
787940,76,2,8bd6b41c-c9bb-4819-aec7-b9e2ba23a40a,694514,Sterlin Thompson,,,,Strikeout,strikeout,,True,1B,2,False,False,False,False,
787940,77,3,383d9b43-7a9c-490d-8a9b-696d3e6b42f1,695603,Benny Montgomery,,,2B,Double,double,,False,,,False,False,False,False,
787940,77,3,383d9b43-7a9c-490d-8a9b-696d3e6b42f1,668845,Aaron Schunk,1B,1B,3B,Double,double,r_adv_force,False,,,False,False,False,False,
787940,77,3,383d9b43-7a9c-490d-8a9b-696d3e6b42f1,668845,Aaron Schunk,1B,3B,score,Double,double,r_adv_play,False,,,True,True,True,False,687095
787940,77,3,383d9b43-7a9c-490d-8a9b-696d3e6b42f1,691720,Kyle Karros,3B,3B,score,Double,double,r_adv_force,False,,,True,True,True,False,687095
787940,77,3,383d9b43-7a9c-490d-8a9b-696d3e6b42f1,692585,Yanquiel Fernández,2B,2B,score,Double,double,r_adv_force,False,,,True,True,True,False,687095
787940,78,2,a42da8da-d307-41e8-a8c4-c1f6d966b848,679734,Julio Carreras,,,1B,Single,single,,False,,,False,False,False,False,
787940,78,2,a42da8da-d307-41e8-a8c4-c1f6d966b848,695603,Benny Montgomery,2B,2B,score,Single,single,r_adv_play,False,,,True,True,True,False,687095
787940,79,3,07dd2f71-7415-45ca-9a43-764dc296291f,679734,Julio Carreras,1B,1B,2B,Walk,walk,r_adv_force,False,,,False,False,False,False,
787940,79,3,07dd2f71-7415-45ca-9a43-764dc296291f,675659,Greg Jones,,,1B,Walk,walk,,False,,,False,False,False,False,
787940,80,2,d8df7f72-4d8c-42aa-a01b-32c7a33bd57f,679734,Julio Carreras,2B,2B,3B,Hit By Pitch,hit_by_pitch,r_adv_force,False,,,False,False,False,False,
787940,80,2,d8df7f72-4d8c-42aa-a01b-32c7a33bd57f,675659,Greg Jones,1B,1B,2B,Hit By Pitch,hit_by_pitch,r_adv_force,False,,,False,False,False,False,
787940,80,2,d8df7f72-4d8c-42aa-a01b-32c7a33bd57f,680911,Owen Miller,,,1B,Hit By Pitch,hit_by_pitch,,False,,,False,False,False,False,
787940,81,3,6c04c240-e09c-4109-968b-bf181b876d11,679734,Julio Carreras,3B,3B,score,Wild Pitch,wild_pitch,r_adv_play,False,,,True,False,True,False,687095
787940,81,3,6c04c240-e09c-4109-968b-bf181b876d11,675659,Greg Jones,2B,2B,3B,Wild Pitch,wild_pitch,r_adv_play,False,,,False,False,False,False,
787940,81,3,6c04c240-e09c-4109-968b-bf181b876d11,680911,Owen Miller,1B,1B,2B,Wild Pitch,wild_pitch,r_adv_play,False,,,False,False,False,False,
787940,81,7,c98f1325-17d1-4c73-b831-090cf8b00e43,691720,Kyle Karros,,,1B,Walk,walk,,False,,,False,False,False,False,
787940,82,0,f4bdebb4-3f7b-4c73-a5ef-05385f267de9,675659,Greg Jones,3B,3B,score,Hit By Pitch,hit_by_pitch,r_adv_force,False,,,True,True,True,False,687095
787940,82,0,f4bdebb4-3f7b-4c73-a5ef-05385f267de9,680911,Owen Miller,2B,2B,3B,Hit By Pitch,hit_by_pitch,r_adv_force,False,,,False,False,False,False,
787940,82,0,f4bdebb4-3f7b-4c73-a5ef-05385f267de9,691720,Kyle Karros,1B,1B,2B,Hit By Pitch,hit_by_pitch,r_adv_force,False,,,False,False,False,False,
787940,82,0,f4bdebb4-3f7b-4c73-a5ef-05385f267de9,691728,Zac Veen,,,1B,Hit By Pitch,hit_by_pitch,,False,,,False,False,False,False,
787940,83,7,f812451e-f2b4-416d-a41a-fd7ff249751c,692585,Yanquiel Fernández,,,,Strikeout,strikeout,,True,1B,3,False,False,False,False,
787940,84,10,8455ac34-02f8-4111-bcf8-c338172e8745,694374,Tim Tawa,,,1B,Walk,walk,,False,,,False,False,False,False,
787940,85,2,87988377-b20c-45fa-8462-59cb1933effa,666197,Grae Kessinger,,,1B,Single,single,,False,,,False,False,False,False,
787940,85,2,87988377-b20c-45fa-8462-59cb1933effa,694374,Tim Tawa,1B,1B,2B,Single,single,r_adv_force,False,,,False,False,False,False,
787940,86,4,17219735-5960-4799-9822-4d2ae3b4a6a7,641658,Garrett Hampson,,,,Flyout,field_out,,True,1B,1,False,False,False,False,
787940,86,4,17219735-5960-4799-9822-4d2ae3b4a6a7,694374,Tim Tawa,2B,2B,3B,Flyout,field_out,r_adv_play,False,,,False,False,False,False,
787940,87,4,bae61281-0947-4a67-bc53-21abdd2ef8de,665506,Cristian Pache,,,1B,Single,single,,False,,,False,False,False,False,
787940,87,4,bae61281-0947-4a67-bc53-21abdd2ef8de,694374,Tim Tawa,3B,3B,score,Single,single,r_adv_play,False,,,True,True,True,False,666154
787940,87,4,bae61281-0947-4a67-bc53-21abdd2ef8de,666197,Grae Kessinger,1B,1B,2B,Single,single,r_adv_force,False,,,False,False,False,False,
787940,88,2,0f7bca23-6abc-41a0-8fba-e5bcb545357b,663536,Tristin English,,,1B,Single,single,,False,,,False,False,False,False,
787940,88,2,0f7bca23-6abc-41a0-8fba-e5bcb545357b,666197,Grae Kessinger,2B,2B,3B,Single,single,r_adv_force,False,,,False,False,False,False,
787940,88,2,0f7bca23-6abc-41a0-8fba-e5bcb545357b,666197,Grae Kessinger,2B,3B,score,Single,single,r_adv_play,False,,,True,True,True,False,666154
787940,88,2,0f7bca23-6abc-41a0-8fba-e5bcb545357b,665506,Cristian Pache,1B,1B,2B,Single,single,r_adv_force,False,,,False,False,False,False,
787940,88,2,0f7bca23-6abc-41a0-8fba-e5bcb545357b,665506,Cristian Pache,1B,2B,3B,Single,single,r_adv_play,False,,,False,False,False,False,
787940,89,4,f0ca6ee5-6dd3-47c1-bb3f-d6a533400ca3,663536,Tristin English,1B,1B,,Grounded Into DP,grounded_into_double_play,r_force_out,True,2B,2,False,False,False,False,
787940,89,4,f0ca6ee5-6dd3-47c1-bb3f-d6a533400ca3,545121,Ildemaro Vargas,,,,Grounded Into DP,grounded_into_double_play,,True,1B,3,False,False,False,False,
788017,0,6,42836c3f-3ab3-4fd2-b5ed-addbf2eb5a7c,641487,J.P. Crawford,,,,Groundout,field_out,,True,1B,1,False,False,False,False,
788017,1,1,58261331-2bd9-4e16-a60b-01ec40d89660,677594,Julio Rodríguez,,,,Groundout,field_out,,True,1B,2,False,False,False,False,
788017,2,5,d7027605-82a5-43d9-907a-b2ed3f0b4969,663728,Cal Raleigh,,,,Groundout,field_out,,True,1B,3,False,False,False,False,
788017,3,5,189a9005-a230-4583-9e25-da628bec0ba9,666703,Eguy Rosario,,,1B,Walk,walk,,False,,,False,False,False,False,
788017,4,3,4dbe6faf-7cc6-402a-a70c-ae4b5faf9fed,656582,Connor Joe,,,,Flyout,field_out,,True,1B,1,False,False,False,False,
788017,5,0,e8e6bfe9-93b1-438c-813a-ce9d2f2e7212,592518,Manny Machado,,,score,Home Run,home_run,,False,,,True,True,True,False,646242
788017,5,0,e8e6bfe9-93b1-438c-813a-ce9d2f2e7212,666703,Eguy Rosario,1B,1B,score,Home Run,home_run,r_adv_force,False,,,True,True,True,False,646242
788017,6,2,7785d9ab-dac0-4753-b2c6-8c3ab2696446,553869,Elias Díaz,,,,Flyout,field_out,,True,1B,2,False,False,False,False,
788017,7,4,fd052c01-b74a-4e24-85db-dec85dfc644f,657757,Gavin Sheets,,,2B,Double,double,,False,,,False,False,False,False,
788017,8,0,022a59d0-77e3-495a-8879-7d2a0949fcf4,660757,Oscar Gonzalez,,,2B,Double,double,,False,,,False,False,False,False,
788017,8,0,022a59d0-77e3-495a-8879-7d2a0949fcf4,657757,Gavin Sheets,2B,2B,3B,Double,double,r_adv_force,False,,,False,False,False,False,
788017,8,0,022a59d0-77e3-495a-8879-7d2a0949fcf4,657757,Gavin Sheets,2B,3B,score,Double,double,r_adv_play,False,,,True,True,True,False,646242
788017,9,2,804a2b26-29e5-4d1c-a324-dfa6d38e3543,642180,Tyler Wade,,,,Groundout,field_out,,True,1B,3,False,False,False,False,
788017,10,5,10033dae-ba19-49e3-bd1d-c56f514bfa0f,668227,Randy Arozarena,,,,Strikeout,strikeout,,True,1B,1,False,False,False,False,
788017,11,3,63b33e74-a890-48fe-a8c1-66a04da9e804,641598,Mitch Garver,,,,Flyout,field_out,,True,1B,2,False,False,False,False,
788017,12,4,c3c0cf64-3a42-423f-8bd3-9465e62ac46e,686527,Dominic Canzone,,,,Pop Out,field_out,,True,1B,3,False,False,False,False,
788017,13,2,eeb94a46-ca49-4316-804d-f4817af7ae35,672359,Tirso Ornelas,,,,Flyout,field_out,,True,1B,1,False,False,False,False,
788017,14,0,46c68677-693a-46c1-9f8f-ab68f31fddc1,663604,Brandon Lockridge,,,,Groundout,field_out,,True,1B,2,False,False,False,False,
788017,15,4,6e13484b-cf22-42f1-acd8-9e0460f66aff,666703,Eguy Rosario,,,,Strikeout,strikeout,,True,1B,3,False,False,False,False,
788017,16,4,723ad181-43f2-45cc-952c-1300b94a5c33,682988,Tyler Locklear,,,1B,Hit By Pitch,hit_by_pitch,,False,,,False,False,False,False,
788017,17,5,cfbdc089-4847-4484-bf74-3397f1a10770,682988,Tyler Locklear,1B,1B,2B,Walk,walk,r_adv_force,False,,,False,False,False,False,
788017,17,5,cfbdc089-4847-4484-bf74-3397f1a10770,668853,Austin Shenton,,,1B,Walk,walk,,False,,,False,False,False,False,
788017,18,4,2ce215ed-7d2a-46c3-a85c-c5755566a4a3,669208,Ryan Bliss,,,,Pop Out,field_out,,True,1B,1,False,False,False,False,
788017,19,3,74c39c27-e85b-442b-9b56-3ccaef3ba378,682988,Tyler Locklear,2B,2B,3B,Stolen Base 3B,stolen_base_3b,r_stolen_base_3b,False,,,False,False,False,False,
788017,19,3,74c39c27-e85b-442b-9b56-3ccaef3ba378,668853,Austin Shenton,1B,1B,2B,Stolen Base 2B,stolen_base_2b,r_stolen_base_2b,False,,,False,False,False,False,
788017,19,4,b580bbb5-0a53-48aa-99da-517dc10388ad,641487,J.P. Crawford,,,,Sac Fly,sac_fly,,True,1B,2,False,False,False,False,
788017,19,4,b580bbb5-0a53-48aa-99da-517dc10388ad,668853,Austin Shenton,2B,2B,3B,Sac Fly,sac_fly,r_adv_play,False,,,False,False,False,False,
788017,19,4,b580bbb5-0a53-48aa-99da-517dc10388ad,682988,Tyler Locklear,3B,3B,score,Sac Fly,sac_fly,r_adv_play,False,,,True,True,True,False,676680
788017,20,1,26924dec-72f6-4fba-adfe-d468311e6405,677594,Julio Rodríguez,,,,Groundout,field_out,,True,1B,3,False,False,False,False,
788017,21,7,65838c17-10bd-4f67-9bba-2fc754b555df,656582,Connor Joe,,,1B,Walk,walk,,False,,,False,False,False,False,
788017,22,0,06a821e4-29fe-4848-8c7f-280af32e6802,592518,Manny Machado,,,,Lineout,field_out,,True,1B,1,False,False,False,False,
788017,23,2,50ab6502-04de-46f8-be7b-46009de64671,553869,Elias Díaz,,,,Pop Out,field_out,,True,1B,2,False,False,False,False,
788017,24,4,321cfcc1-01e6-4ce6-a14d-7c67eea1ff14,657757,Gavin Sheets,,,2B,Double,double,,False,,,False,False,False,False,
788017,24,4,321cfcc1-01e6-4ce6-a14d-7c67eea1ff14,656582,Connor Joe,1B,1B,3B,Double,double,r_adv_force,False,,,False,False,False,False,
788017,24,4,321cfcc1-01e6-4ce6-a14d-7c67eea1ff14,656582,Connor Joe,1B,3B,score,Double,double,r_adv_play,False,,,True,True,True,False,680604
788017,25,1,e3477bb4-44bc-47df-a9cb-f4e253970eea,660757,Oscar Gonzalez,,,,Pop Out,field_out,,True,1B,3,False,False,False,False,
788017,26,7,99fe6199-6f53-45c9-b7e4-12a0c5c16833,663728,Cal Raleigh,,,,Strikeout,strikeout,,True,1B,1,False,False,False,False,
788017,27,3,597878ab-4096-4dbc-8911-461c77755092,668227,Randy Arozarena,,,,Groundout,field_out,,True,1B,2,False,False,False,False,
788017,28,5,83e7c9e2-ae4d-4888-8957-c4b90b7afb6e,641598,Mitch Garver,,,,Strikeout,strikeout,,True,1B,3,False,False,False,False,
788017,29,7,d9d43ced-4683-4537-a2b8-be262dc23e50,642180,Tyler Wade,,,,Flyout,field_out,,True,1B,1,False,False,False,False,
788017,30,0,177ca6e1-f14e-442c-b2e0-2b3cb02a0392,672359,Tirso Ornelas,,,,Groundout,field_out,,True,1B,2,False,False,False,False,
788017,31,4,682596e8-2a72-4e17-a115-18dd0f7ce82f,663604,Brandon Lockridge,,,1B,Field Error,field_error,,False,,,False,False,False,False,
788017,32,2,6d41dbfa-c3fe-4b5c-8af6-cce0dc71f21c,666703,Eguy Rosario,,,2B,Double,double,,False,,,False,False,False,False,
788017,32,2,6d41dbfa-c3fe-4b5c-8af6-cce0dc71f21c,663604,Brandon Lockridge,1B,1B,3B,Double,double,r_adv_force,False,,,False,False,False,False,
788017,32,2,6d41dbfa-c3fe-4b5c-8af6-cce0dc71f21c,663604,Brandon Lockridge,1B,3B,score,Double,double,r_adv_play,False,,,True,True,False,True,694361
788017,33,3,642f06db-6f47-4d77-ae14-8433177fa37c,656582,Connor Joe,,,1B,Walk,walk,,False,,,False,False,False,False,
788017,34,6,a95bacd2-8cf3-496c-9373-1e17b5506a5d,670712,Mike Brosseau,,,,Strikeout,strikeout,,True,1B,3,False,False,False,False,
788017,35,5,d3cbf3e8-4647-4be9-a2c1-e65218d196dc,686527,Dominic Canzone,,,,Groundout,field_out,,True,1B,1,False,False,False,False,
788017,36,5,bdea227e-039c-4d9c-b435-76bcbe9d4ebb,682988,Tyler Locklear,,,1B,Walk,walk,,False,,,False,False,False,False,
788017,37,5,7fe7f7a3-6445-4889-bae3-c33c1a4c17a1,668853,Austin Shenton,,,,Strikeout,strikeout,,True,1B,2,False,False,False,False,
788017,38,3,8d668ee8-ff26-4277-8210-591aff33b982,669208,Ryan Bliss,,,,Flyout,field_out,,True,1B,3,False,False,False,False,
788017,39,5,965f2739-7959-430a-aae8-528ea42a14d0,553869,Elias Díaz,,,,Flyout,field_out,,True,1B,1,False,False,False,False,
788017,40,6,8499b717-cdb8-485b-b2b3-cb534a1f9f46,806956,Ethan Salas,,,1B,Walk,walk,,False,,,False,False,False,False,
788017,41,6,19c850b9-5f95-44bf-9914-8fad79707c3a,660757,Oscar Gonzalez,,,1B,Single,single,,False,,,False,False,False,False,
788017,41,6,19c850b9-5f95-44bf-9914-8fad79707c3a,806956,Ethan Salas,1B,1B,2B,Single,single,r_adv_force,False,,,False,False,False,False,
788017,42,4,ec5eb2ee-e1b8-444c-9a74-fdca2cd3bfab,660757,Oscar Gonzalez,1B,1B,,Forceout,force_out,r_force_out,True,2B,2,False,False,False,False,
788017,42,4,ec5eb2ee-e1b8-444c-9a74-fdca2cd3bfab,806956,Ethan Salas,2B,2B,3B,Forceout,force_out,r_adv_play,False,,,False,False,False,False,
788017,42,4,ec5eb2ee-e1b8-444c-9a74-fdca2cd3bfab,642180,Tyler Wade,,,1B,Forceout,force_out,,False,,,False,False,False,False,
788017,43,6,286d8b9d-ba00-4ad3-8416-a2835a5a5ead,669200,Mason McCoy,1B,1B,2B,Walk,walk,r_adv_force,False,,,False,False,False,False,
788017,43,6,286d8b9d-ba00-4ad3-8416-a2835a5a5ead,672359,Tirso Ornelas,,,1B,Walk,walk,,False,,,False,False,False,False,
788017,44,3,5f0b228b-7ad9-47df-bf42-4e09804f0c3d,663604,Brandon Lockridge,,,,Lineout,field_out,,True,1B,3,False,False,False,False,
788017,45,11,6fa8c215-810a-41d5-8358-45e4187e3bb2,806068,Colt Emerson,,,,Flyout,field_out,,True,1B,1,False,False,False,False,
788017,46,4,659e2f5c-56ff-4b1b-ae92-e41683958f4e,669392,Samad Taylor,,,,Strikeout,strikeout,,True,1B,2,False,False,False,False,
788017,47,2,3093928b-d8fb-4094-8707-9bf7f630a695,675448,Blake Hunt,,,1B,Single,single,,False,,,False,False,False,False,
788017,48,2,2e38434e-cfbe-4c98-8b0a-5bc16b60f210,681098,Bill Knight,,,,Pop Out,field_out,,True,1B,3,False,False,False,False,
788017,49,3,dda00c2a-f6f9-4384-a222-b19994703dfc,592348,Niko Goodrum,,,1B,Single,single,,False,,,False,False,False,False,
788017,50,3,0b22c9f8-39f7-4587-8b24-7c5c7536481f,670092,Trenton Brooks,,,,Flyout,field_out,,True,1B,1,False,False,False,False,
788017,51,8,a31c42cc-c0e0-4134-8a4f-29e670e0d9c3,670712,Mike Brosseau,,,2B,Double,double,,False,,,False,False,False,False,
788017,51,8,a31c42cc-c0e0-4134-8a4f-29e670e0d9c3,592348,Niko Goodrum,1B,1B,3B,Double,double,r_adv_force,False,,,False,False,False,False,
788017,52,2,fae93221-d809-4113-b2a0-46fc7d046d9f,666632,Yonathan Perlaza,,,,Strikeout,strikeout,,True,1B,2,False,False,False,False,
788017,53,9,35741242-236d-48ff-adfc-2dadb436d1e9,806956,Ethan Salas,,,,Groundout,field_out,,True,1B,3,False,False,False,False,
788017,54,4,c755bd3e-5855-4405-9dfd-cedc7d44470b,702284,Cole Young,,,,Groundout,field_out,,True,1B,1,False,False,False,False,
788017,55,0,0e09cf98-a5eb-4988-be87-cbebfbeda469,689041,Rhylan Thomas,,,,Groundout,field_out,,True,1B,2,False,False,False,False,
788017,56,3,db4eba56-7149-4ba6-a703-edafbdab0483,702112,Hogan Windish,,,,Strikeout,strikeout,,True,1B,3,False,False,False,False,
788017,57,2,33b5485d-0b23-4c65-81ea-5718fede10eb,664954,Brett Sullivan,,,,Flyout,field_out,,True,1B,1,False,False,False,False,
788017,58,3,b2fa49c5-0bb0-4460-9f71-8676702f618d,669200,Mason McCoy,,,,Strikeout,strikeout,,True,1B,2,False,False,False,False,
788017,59,2,3ffd8de2-90f8-4980-9c3e-dfa3c5d04ddd,672359,Tirso Ornelas,,,1B,Single,single,,False,,,False,False,False,False,
788017,60,6,a62d6e48-97a5-47ec-8862-a4dab8801f16,687867,Clay Dungan,,,,Strikeout,strikeout,,True,1B,3,False,False,False,False,
788017,61,6,82ac7626-8677-4fee-ac68-23ec1fdc5efe,810938,Ben Williamson,,,,Groundout,field_out,,True,1B,1,False,False,False,False,
788017,62,5,881fef0b-b769-4874-b889-3faecf4cc424,703197,Michael Arroyo,,,,Flyout,field_out,,True,1B,2,False,False,False,False,
788017,63,1,689dbf3b-52a3-4187-9025-429561b3556f,806068,Colt Emerson,,,,Groundout,field_out,,True,1B,3,False,False,False,False,
788017,64,4,fa23e8ff-20bd-458d-bc37-4a32ebebde50,592348,Niko Goodrum,,,,Groundout,field_out,,True,1B,1,False,False,False,False,
788017,65,0,267853b0-aa86-4e62-9106-75f6571cc592,670092,Trenton Brooks,,,,Groundout,field_out,,True,1B,2,False,False,False,False,
788017,66,1,f38e348d-8b41-4ea9-af23-3081247a7a00,670712,Mike Brosseau,,,,Groundout,field_out,,True,1B,3,False,False,False,False,
788017,67,3,51d93f24-81e3-430c-adfd-daaba3e4be70,669392,Samad Taylor,,,score,Home Run,home_run,,False,,,True,True,True,False,800212
788017,68,0,1836c0dc-4fb3-4604-9e63-8c4c32bf5340,701805,Josh Caron,,,,Groundout,field_out,,True,1B,1,False,False,False,False,
788017,69,3,32e80fe2-c035-4946-bc66-4d7c65ec48c1,681098,Bill Knight,,,,Strikeout,strikeout,,True,1B,2,False,False,False,False,
788017,70,3,9e302281-e9be-4f95-9bba-eea7821510cc,702284,Cole Young,,,,Strikeout,strikeout,,True,1B,3,False,False,False,False,
