gamePk,gameDate,officialDate,sportId,gameType,codedGameState,detailedState,awayteamid,awayteamname,awayteamscore,hometeamid,hometeamname,hometeamscore,venueid,venuename,scheduledInnings
777544,2025-06-12T17:10:00Z,2025-06-12,1,R,F,Final,120,Washington Nationals,3,121,New York Mets,4,3289,Citi Field,9
777533,2025-06-12T17:10:00Z,2025-06-12,1,R,F,Final,140,Texas Rangers,16,142,Minnesota Twins,3,3312,Target Field,9
777534,2025-06-12T19:10:00Z,2025-06-12,1,R,F,Final,137,San Francisco Giants,7,115,Colorado Rockies,8,19,Coors Field,9
777540,2025-06-12T22:35:00Z,2025-06-12,1,R,F,Final,116,Detroit Tigers,4,110,Baltimore Orioles,1,2,Oriole Park at Camden Yards,9
777536,2025-06-12T23:40:00Z,2025-06-12,1,R,F,Final,147,New York Yankees,1,118,Kansas City Royals,0,7,Kauffman Stadium,9
777532,2025-06-12T23:40:00Z,2025-06-12,1,R,F,Final,138,St. Louis Cardinals,0,158,Milwaukee Brewers,6,32,American Family Field,9
777541,2025-06-13T00:05:00Z,2025-06-12,1,R,F,Final,134,Pittsburgh Pirates,2,112,Chicago Cubs,3,17,Wrigley Field,9
777546,2025-06-13T00:10:00Z,2025-06-12,1,R,F,Final,145,Chicago White Sox,3,117,Houston Astros,4,2392,Daikin Park,9
